lextale_instructions_loop.thisRepN,lextale_instructions_loop.thisTrialN,lextale_instructions_loop.thisN,lextale_instructions_loop.thisIndex,lextale_instructions_loop.ran,instructions_text,continue_text,participant,session,date,expName,psychopyVersion,OS,frameRate,key_resp_lextale_practice.keys,key_resp_lextale_practice.corr,key_resp_lextale_practice.rt,lextale_practice_trials.thisRepN,lextale_practice_trials.thisTrialN,lextale_practice_trials.thisN,lextale_practice_trials.thisIndex,lextale_practice_trials.ran,stim,word,correct_response,prac_button_real,prac_button_false,key_resp_lextale_trial.keys,key_resp_lextale_trial.corr,key_resp_lextale_trial.rt,lextail_trials.thisRepN,lextail_trials.thisTrialN,lextail_trials.thisN,lextail_trials.thisIndex,lextail_trials.ran,button_real,button_false
0,0,0,0,1,"Este es un test de vocabulario en español. 
  
  A continuación vas a ver 90 secuencias de letras que parecen 'españolas'.
  
  Solo algunas de ellas son palabras de verdad.",(presiona la barra espaciadora para continuar),542c323bfdf99b324ea3808d,001,2020-12-14_07h45.18.972,lextale_sp,2020.2.3,Win32,60,,,,,,,,,,,,,,,,,,,,,,,
0,1,1,1,1,"Por favor, señala las palabras que tú conoces (aquellas que estás convencido que son palabras españolas, incluso aunque no seas capaz de dar el significado preciso).",(presiona la barra espaciadora para continuar),542c323bfdf99b324ea3808d,001,2020-12-14_07h45.18.972,lextale_sp,2020.2.3,Win32,60,,,,,,,,,,,,,,,,,,,,,,,
0,2,2,2,1,Pero cuidado: los errores se penalizan. Por eso no tiene sentido tratar de incrementar tu puntuación marcando como reales palabras que nunca has visto.,(presiona la barra espaciadora para continuar),542c323bfdf99b324ea3808d,001,2020-12-14_07h45.18.972,lextale_sp,2020.2.3,Win32,60,,,,,,,,,,,,,,,,,,,,,,,
0,3,3,3,1,"Presiona la tecla 1 si piensas que es una palabra real y la tecla 
  0 si piensas que es una palabra falsa. 
  
  Vamos a practicar un poco...",(presiona la barra espaciadora para continuar),542c323bfdf99b324ea3808d,001,2020-12-14_07h45.18.972,lextale_sp,2020.2.3,Win32,60,,,,,,,,,,,,,,,,,,,,,,,
,,,,,,,542c323bfdf99b324ea3808d,001,2020-12-14_07h45.18.972,lextale_sp,2020.2.3,Win32,60,1,0,1.411735,0,0,0,0,1,0,depiste,0,REAL,FALSA,,,,,,,,,,
,,,,,,,542c323bfdf99b324ea3808d,001,2020-12-14_07h45.18.972,lextale_sp,2020.2.3,Win32,60,1,1,1.748795,0,1,1,1,1,0,sí,1,REAL,FALSA,,,,,,,,,,
,,,,,,,542c323bfdf99b324ea3808d,001,2020-12-14_07h45.18.972,lextale_sp,2020.2.3,Win32,60,0,1,1.00763,0,2,2,2,1,0,coné,0,REAL,FALSA,,,,,,,,,,
,,,,,,,542c323bfdf99b324ea3808d,001,2020-12-14_07h45.18.972,lextale_sp,2020.2.3,Win32,60,0,1,0.88025,0,3,3,3,1,0,calpar,0,REAL,FALSA,,,,,,,,,,
,,,,,,,542c323bfdf99b324ea3808d,001,2020-12-14_07h45.18.972,lextale_sp,2020.2.3,Win32,60,0,1,0.63965,0,4,4,4,1,0,joten,0,REAL,FALSA,,,,,,,,,,
,,,,,,,542c323bfdf99b324ea3808d,001,2020-12-14_07h45.18.972,lextale_sp,2020.2.3,Win32,60,1,1,0.741565,0,5,5,5,1,0,sacapuntas,1,REAL,FALSA,,,,,,,,,,
,,,,,,,542c323bfdf99b324ea3808d,001,2020-12-14_07h45.18.972,lextale_sp,2020.2.3,Win32,60,0,1,0.64114,0,6,6,6,1,0,priba,0,REAL,FALSA,,,,,,,,,,
,,,,,,,542c323bfdf99b324ea3808d,001,2020-12-14_07h45.18.972,lextale_sp,2020.2.3,Win32,60,0,1,0.752475,0,7,7,7,1,0,pelasula,0,REAL,FALSA,,,,,,,,,,
,,,,,,,542c323bfdf99b324ea3808d,001,2020-12-14_07h45.18.972,lextale_sp,2020.2.3,Win32,60,1,1,0.61652,0,8,8,8,1,0,bien,1,REAL,FALSA,,,,,,,,,,
,,,,,,,542c323bfdf99b324ea3808d,001,2020-12-14_07h45.18.972,lextale_sp,2020.2.3,Win32,60,1,1,0.61082,0,9,9,9,1,0,casa,1,REAL,FALSA,,,,,,,,,,
,,,,,,,542c323bfdf99b324ea3808d,001,2020-12-14_07h45.18.972,lextale_sp,2020.2.3,Win32,60,1,0,0.76276,0,10,10,10,1,0,lejo,0,REAL,FALSA,,,,,,,,,,
,,,,,,,542c323bfdf99b324ea3808d,001,2020-12-14_07h45.18.972,lextale_sp,2020.2.3,Win32,60,0,1,0.909675,0,11,11,11,1,0,pretantas,0,REAL,FALSA,,,,,,,,,,
,,,,,,,542c323bfdf99b324ea3808d,001,2020-12-14_07h45.18.972,lextale_sp,2020.2.3,Win32,60,,,,,,,,,45,jilguero,1,,,0,0,0.904845,0,0,0,44,1,REAL,FALSA
,,,,,,,542c323bfdf99b324ea3808d,001,2020-12-14_07h45.18.972,lextale_sp,2020.2.3,Win32,60,,,,,,,,,52,camisa,1,,,1,1,1.235695,0,1,1,51,1,REAL,FALSA
,,,,,,,542c323bfdf99b324ea3808d,001,2020-12-14_07h45.18.972,lextale_sp,2020.2.3,Win32,60,,,,,,,,,41,rebuscar,1,,,1,1,1.089705,0,2,2,40,1,REAL,FALSA
,,,,,,,542c323bfdf99b324ea3808d,001,2020-12-14_07h45.18.972,lextale_sp,2020.2.3,Win32,60,,,,,,,,,39,torpe,1,,,1,1,0.88575,0,3,3,38,1,REAL,FALSA
,,,,,,,542c323bfdf99b324ea3808d,001,2020-12-14_07h45.18.972,lextale_sp,2020.2.3,Win32,60,,,,,,,,,12,asesinato,1,,,1,1,1.45328,0,4,4,11,1,REAL,FALSA
,,,,,,,542c323bfdf99b324ea3808d,001,2020-12-14_07h45.18.972,lextale_sp,2020.2.3,Win32,60,,,,,,,,,58,plaudir,0,,,0,1,1.36799,0,5,5,57,1,REAL,FALSA
,,,,,,,542c323bfdf99b324ea3808d,001,2020-12-14_07h45.18.972,lextale_sp,2020.2.3,Win32,60,,,,,,,,,14,yunque,1,,,1,1,1.462495,0,6,6,13,1,REAL,FALSA
,,,,,,,542c323bfdf99b324ea3808d,001,2020-12-14_07h45.18.972,lextale_sp,2020.2.3,Win32,60,,,,,,,,,73,hervidor,1,,,1,1,0.96585,0,7,7,72,1,REAL,FALSA
,,,,,,,542c323bfdf99b324ea3808d,001,2020-12-14_07h45.18.972,lextale_sp,2020.2.3,Win32,60,,,,,,,,,62,flaco,1,,,1,1,0.587965,0,8,8,61,1,REAL,FALSA
,,,,,,,542c323bfdf99b324ea3808d,001,2020-12-14_07h45.18.972,lextale_sp,2020.2.3,Win32,60,,,,,,,,,82,empirador,0,,,1,0,0.55527,0,9,9,81,1,REAL,FALSA
,,,,,,,542c323bfdf99b324ea3808d,001,2020-12-14_07h45.18.972,lextale_sp,2020.2.3,Win32,60,,,,,,,,,10,antar,0,,,0,1,1.27319,0,10,10,9,1,REAL,FALSA
,,,,,,,542c323bfdf99b324ea3808d,001,2020-12-14_07h45.18.972,lextale_sp,2020.2.3,Win32,60,,,,,,,,,7,pésimo,1,,,1,1,1.053075,0,11,11,6,1,REAL,FALSA
,,,,,,,542c323bfdf99b324ea3808d,001,2020-12-14_07h45.18.972,lextale_sp,2020.2.3,Win32,60,,,,,,,,,40,alfombra,1,,,1,1,1.057825,0,12,12,39,1,REAL,FALSA
,,,,,,,542c323bfdf99b324ea3808d,001,2020-12-14_07h45.18.972,lextale_sp,2020.2.3,Win32,60,,,,,,,,,80,hormiga,1,,,1,1,0.77695,0,13,13,79,1,REAL,FALSA
,,,,,,,542c323bfdf99b324ea3808d,001,2020-12-14_07h45.18.972,lextale_sp,2020.2.3,Win32,60,,,,,,,,,79,tropaje,0,,,0,1,0.936375,0,14,14,78,1,REAL,FALSA
,,,,,,,542c323bfdf99b324ea3808d,001,2020-12-14_07h45.18.972,lextale_sp,2020.2.3,Win32,60,,,,,,,,,32,fatacidad,0,,,0,1,0.88561,0,15,15,31,1,REAL,FALSA
,,,,,,,542c323bfdf99b324ea3808d,001,2020-12-14_07h45.18.972,lextale_sp,2020.2.3,Win32,60,,,,,,,,,74,cintro,0,,,1,0,1.255465,0,16,16,73,1,REAL,FALSA
,,,,,,,542c323bfdf99b324ea3808d,001,2020-12-14_07h45.18.972,lextale_sp,2020.2.3,Win32,60,,,,,,,,,85,laúd,1,,,0,0,1.568725,0,17,17,84,1,REAL,FALSA
,,,,,,,542c323bfdf99b324ea3808d,001,2020-12-14_07h45.18.972,lextale_sp,2020.2.3,Win32,60,,,,,,,,,19,brecedad,0,,,0,1,0.940805,0,18,18,18,1,REAL,FALSA
,,,,,,,542c323bfdf99b324ea3808d,001,2020-12-14_07h45.18.972,lextale_sp,2020.2.3,Win32,60,,,,,,,,,43,canela,1,,,1,1,0.62701,0,19,19,42,1,REAL,FALSA
,,,,,,,542c323bfdf99b324ea3808d,001,2020-12-14_07h45.18.972,lextale_sp,2020.2.3,Win32,60,,,,,,,,,65,bizcocho,1,,,1,1,0.692615,0,20,20,64,1,REAL,FALSA
,,,,,,,542c323bfdf99b324ea3808d,001,2020-12-14_07h45.18.972,lextale_sp,2020.2.3,Win32,60,,,,,,,,,57,tacaño,1,,,1,1,1.06215,0,21,21,56,1,REAL,FALSA
,,,,,,,542c323bfdf99b324ea3808d,001,2020-12-14_07h45.18.972,lextale_sp,2020.2.3,Win32,60,,,,,,,,,3,pulmones,1,,,1,1,0.723295,0,22,22,2,1,REAL,FALSA
,,,,,,,542c323bfdf99b324ea3808d,001,2020-12-14_07h45.18.972,lextale_sp,2020.2.3,Win32,60,,,,,,,,,48,ladrón,1,,,1,1,0.58924,0,23,23,47,1,REAL,FALSA
,,,,,,,542c323bfdf99b324ea3808d,001,2020-12-14_07h45.18.972,lextale_sp,2020.2.3,Win32,60,,,,,,,,,23,lampera,0,,,0,1,2.138105,0,24,24,22,1,REAL,FALSA
,,,,,,,542c323bfdf99b324ea3808d,001,2020-12-14_07h45.18.972,lextale_sp,2020.2.3,Win32,60,,,,,,,,,4,batillón,0,,,1,0,0.80934,0,25,25,3,1,REAL,FALSA
,,,,,,,542c323bfdf99b324ea3808d,001,2020-12-14_07h45.18.972,lextale_sp,2020.2.3,Win32,60,,,,,,,,,20,ávido,1,,,0,0,0.83622,0,26,26,19,1,REAL,FALSA
,,,,,,,542c323bfdf99b324ea3808d,001,2020-12-14_07h45.18.972,lextale_sp,2020.2.3,Win32,60,,,,,,,,,16,abracer,0,,,1,0,1.935705,0,27,27,15,1,REAL,FALSA
,,,,,,,542c323bfdf99b324ea3808d,001,2020-12-14_07h45.18.972,lextale_sp,2020.2.3,Win32,60,,,,,,,,,31,pandilla,1,,,1,1,0.718835,0,28,28,30,1,REAL,FALSA
,,,,,,,542c323bfdf99b324ea3808d,001,2020-12-14_07h45.18.972,lextale_sp,2020.2.3,Win32,60,,,,,,,,,89,prisa,1,,,1,1,1.22467,0,29,29,88,1,REAL,FALSA
,,,,,,,542c323bfdf99b324ea3808d,001,2020-12-14_07h45.18.972,lextale_sp,2020.2.3,Win32,60,,,,,,,,,70,temblo,0,,,0,1,0.82198,0,30,30,69,1,REAL,FALSA
,,,,,,,542c323bfdf99b324ea3808d,001,2020-12-14_07h45.18.972,lextale_sp,2020.2.3,Win32,60,,,,,,,,,63,esposante,0,,,0,1,1.03868,0,31,31,62,1,REAL,FALSA
,,,,,,,542c323bfdf99b324ea3808d,001,2020-12-14_07h45.18.972,lextale_sp,2020.2.3,Win32,60,,,,,,,,,8,cadeña,0,,,1,0,0.57944,0,32,32,7,1,REAL,FALSA
,,,,,,,542c323bfdf99b324ea3808d,001,2020-12-14_07h45.18.972,lextale_sp,2020.2.3,Win32,60,,,,,,,,,35,rompido,0,,,0,1,2.13099,0,33,33,34,1,REAL,FALSA
,,,,,,,542c323bfdf99b324ea3808d,001,2020-12-14_07h45.18.972,lextale_sp,2020.2.3,Win32,60,,,,,,,,,27,acutación,0,,,0,1,2.00885,0,34,34,26,1,REAL,FALSA
,,,,,,,542c323bfdf99b324ea3808d,001,2020-12-14_07h45.18.972,lextale_sp,2020.2.3,Win32,60,,,,,,,,,54,fomentar,1,,,1,1,0.68904,0,35,35,53,1,REAL,FALSA
,,,,,,,542c323bfdf99b324ea3808d,001,2020-12-14_07h45.18.972,lextale_sp,2020.2.3,Win32,60,,,,,,,,,47,cartinar,0,,,0,1,0.810505,0,36,36,46,1,REAL,FALSA
,,,,,,,542c323bfdf99b324ea3808d,001,2020-12-14_07h45.18.972,lextale_sp,2020.2.3,Win32,60,,,,,,,,,51,candado,1,,,1,1,1.29396,0,37,37,50,1,REAL,FALSA
,,,,,,,542c323bfdf99b324ea3808d,001,2020-12-14_07h45.18.972,lextale_sp,2020.2.3,Win32,60,,,,,,,,,67,cabello,1,,,1,1,1.757675,0,38,38,66,1,REAL,FALSA
,,,,,,,542c323bfdf99b324ea3808d,001,2020-12-14_07h45.18.972,lextale_sp,2020.2.3,Win32,60,,,,,,,,,61,seda,1,,,1,1,0.6201,0,39,39,60,1,REAL,FALSA
,,,,,,,542c323bfdf99b324ea3808d,001,2020-12-14_07h45.18.972,lextale_sp,2020.2.3,Win32,60,,,,,,,,,72,pemición,0,,,0,1,1.00629,0,40,40,71,1,REAL,FALSA
,,,,,,,542c323bfdf99b324ea3808d,001,2020-12-14_07h45.18.972,lextale_sp,2020.2.3,Win32,60,,,,,,,,,90,clavel,1,,,1,1,0.6211,0,41,41,89,1,REAL,FALSA
,,,,,,,542c323bfdf99b324ea3808d,001,2020-12-14_07h45.18.972,lextale_sp,2020.2.3,Win32,60,,,,,,,,,88,acantilado,1,,,1,1,1.072755,0,42,42,87,1,REAL,FALSA
,,,,,,,542c323bfdf99b324ea3808d,001,2020-12-14_07h45.18.972,lextale_sp,2020.2.3,Win32,60,,,,,,,,,36,loro,1,,,1,1,0.62393,0,43,43,35,1,REAL,FALSA
,,,,,,,542c323bfdf99b324ea3808d,001,2020-12-14_07h45.18.972,lextale_sp,2020.2.3,Win32,60,,,,,,,,,9,hacha,1,,,1,1,0.589005,0,44,44,8,1,REAL,FALSA
,,,,,,,542c323bfdf99b324ea3808d,001,2020-12-14_07h45.18.972,lextale_sp,2020.2.3,Win32,60,,,,,,,,,66,hacido,0,,,0,1,0.92449,0,45,45,65,1,REAL,FALSA
,,,,,,,542c323bfdf99b324ea3808d,001,2020-12-14_07h45.18.972,lextale_sp,2020.2.3,Win32,60,,,,,,,,,46,martillo,1,,,1,1,0.640975,0,46,46,45,1,REAL,FALSA
,,,,,,,542c323bfdf99b324ea3808d,001,2020-12-14_07h45.18.972,lextale_sp,2020.2.3,Win32,60,,,,,,,,,37,granuja,1,,,0,0,1.156675,0,47,47,36,1,REAL,FALSA
,,,,,,,542c323bfdf99b324ea3808d,001,2020-12-14_07h45.18.972,lextale_sp,2020.2.3,Win32,60,,,,,,,,,86,barato,1,,,1,1,0.57714,0,48,48,85,1,REAL,FALSA
,,,,,,,542c323bfdf99b324ea3808d,001,2020-12-14_07h45.18.972,lextale_sp,2020.2.3,Win32,60,,,,,,,,,84,escuto,0,,,0,1,0.73621,0,49,49,83,1,REAL,FALSA
,,,,,,,542c323bfdf99b324ea3808d,001,2020-12-14_07h45.18.972,lextale_sp,2020.2.3,Win32,60,,,,,,,,,15,regar,1,,,0,0,0.835005,0,50,50,14,1,REAL,FALSA
,,,,,,,542c323bfdf99b324ea3808d,001,2020-12-14_07h45.18.972,lextale_sp,2020.2.3,Win32,60,,,,,,,,,34,aviso,1,,,1,1,0.63888,0,51,51,33,1,REAL,FALSA
,,,,,,,542c323bfdf99b324ea3808d,001,2020-12-14_07h45.18.972,lextale_sp,2020.2.3,Win32,60,,,,,,,,,50,flamida,0,,,0,1,0.661675,0,52,52,49,1,REAL,FALSA
,,,,,,,542c323bfdf99b324ea3808d,001,2020-12-14_07h45.18.972,lextale_sp,2020.2.3,Win32,60,,,,,,,,,87,grodo,0,,,0,1,0.789605,0,53,53,86,1,REAL,FALSA
,,,,,,,542c323bfdf99b324ea3808d,001,2020-12-14_07h45.18.972,lextale_sp,2020.2.3,Win32,60,,,,,,,,,38,estornudar,1,,,1,1,0.56922,0,54,54,37,1,REAL,FALSA
,,,,,,,542c323bfdf99b324ea3808d,001,2020-12-14_07h45.18.972,lextale_sp,2020.2.3,Win32,60,,,,,,,,,78,frondoso,1,,,0,0,0.74412,0,55,55,77,1,REAL,FALSA
,,,,,,,542c323bfdf99b324ea3808d,001,2020-12-14_07h45.18.972,lextale_sp,2020.2.3,Win32,60,,,,,,,,,6,tergiversar,1,,,0,0,1.080215,0,56,56,5,1,REAL,FALSA
,,,,,,,542c323bfdf99b324ea3808d,001,2020-12-14_07h45.18.972,lextale_sp,2020.2.3,Win32,60,,,,,,,,,33,pauca,0,,,0,1,0.676085,0,57,57,32,1,REAL,FALSA
,,,,,,,542c323bfdf99b324ea3808d,001,2020-12-14_07h45.18.972,lextale_sp,2020.2.3,Win32,60,,,,,,,,,77,tiburón,1,,,1,1,0.543295,0,58,58,76,1,REAL,FALSA
,,,,,,,542c323bfdf99b324ea3808d,001,2020-12-14_07h45.18.972,lextale_sp,2020.2.3,Win32,60,,,,,,,,,71,polvoriento,1,,,1,1,1.038925,0,59,59,70,1,REAL,FALSA
,,,,,,,542c323bfdf99b324ea3808d,001,2020-12-14_07h45.18.972,lextale_sp,2020.2.3,Win32,60,,,,,,,,,13,helar,1,,,1,1,0.569455,0,60,60,12,1,REAL,FALSA
,,,,,,,542c323bfdf99b324ea3808d,001,2020-12-14_07h45.18.972,lextale_sp,2020.2.3,Win32,60,,,,,,,,,56,musgo,1,,,0,0,0.65217,0,61,61,55,1,REAL,FALSA
,,,,,,,542c323bfdf99b324ea3808d,001,2020-12-14_07h45.18.972,lextale_sp,2020.2.3,Win32,60,,,,,,,,,28,merodear,1,,,0,0,0.68992,0,62,62,27,1,REAL,FALSA
,,,,,,,542c323bfdf99b324ea3808d,001,2020-12-14_07h45.18.972,lextale_sp,2020.2.3,Win32,60,,,,,,,,,60,matar,1,,,1,1,0.522585,0,63,63,59,1,REAL,FALSA
,,,,,,,542c323bfdf99b324ea3808d,001,2020-12-14_07h45.18.972,lextale_sp,2020.2.3,Win32,60,,,,,,,,,55,nevar,1,,,1,1,0.538925,0,64,64,54,1,REAL,FALSA
,,,,,,,542c323bfdf99b324ea3808d,001,2020-12-14_07h45.18.972,lextale_sp,2020.2.3,Win32,60,,,,,,,,,24,látigo,1,,,0,0,0.93104,0,65,65,23,1,REAL,FALSA
,,,,,,,542c323bfdf99b324ea3808d,001,2020-12-14_07h45.18.972,lextale_sp,2020.2.3,Win32,60,,,,,,,,,81,pozo,1,,,1,1,0.574125,0,66,66,80,1,REAL,FALSA
,,,,,,,542c323bfdf99b324ea3808d,001,2020-12-14_07h45.18.972,lextale_sp,2020.2.3,Win32,60,,,,,,,,,49,ganar,1,,,1,1,0.72056,0,67,67,48,1,REAL,FALSA
,,,,,,,542c323bfdf99b324ea3808d,001,2020-12-14_07h45.18.972,lextale_sp,2020.2.3,Win32,60,,,,,,,,,83,guante,1,,,1,1,0.62628,0,68,68,82,1,REAL,FALSA
,,,,,,,542c323bfdf99b324ea3808d,001,2020-12-14_07h45.18.972,lextale_sp,2020.2.3,Win32,60,,,,,,,,,11,cenefa,1,,,0,0,0.87717,0,69,69,10,1,REAL,FALSA
,,,,,,,542c323bfdf99b324ea3808d,001,2020-12-14_07h45.18.972,lextale_sp,2020.2.3,Win32,60,,,,,,,,,22,lacayo,1,,,0,0,0.83365,0,70,70,21,1,REAL,FALSA
,,,,,,,542c323bfdf99b324ea3808d,001,2020-12-14_07h45.18.972,lextale_sp,2020.2.3,Win32,60,,,,,,,,,64,orgulloso,1,,,1,1,0.707945,0,71,71,63,1,REAL,FALSA
,,,,,,,542c323bfdf99b324ea3808d,001,2020-12-14_07h45.18.972,lextale_sp,2020.2.3,Win32,60,,,,,,,,,25,bisagra,1,,,0,0,0.75626,0,72,72,24,1,REAL,FALSA
,,,,,,,542c323bfdf99b324ea3808d,001,2020-12-14_07h45.18.972,lextale_sp,2020.2.3,Win32,60,,,,,,,,,17,floroso,0,,,0,1,0.984605,0,73,73,16,1,REAL,FALSA
,,,,,,,542c323bfdf99b324ea3808d,001,2020-12-14_07h45.18.972,lextale_sp,2020.2.3,Win32,60,,,,,,,,,29,decar,0,,,1,0,0.90249,0,74,74,28,1,REAL,FALSA
,,,,,,,542c323bfdf99b324ea3808d,001,2020-12-14_07h45.18.972,lextale_sp,2020.2.3,Win32,60,,,,,,,,,59,besar,1,,,1,1,0.669175,0,75,75,58,1,REAL,FALSA
,,,,,,,542c323bfdf99b324ea3808d,001,2020-12-14_07h45.18.972,lextale_sp,2020.2.3,Win32,60,,,,,,,,,53,vegada,0,,,0,1,0.66531,0,76,76,52,1,REAL,FALSA
,,,,,,,542c323bfdf99b324ea3808d,001,2020-12-14_07h45.18.972,lextale_sp,2020.2.3,Win32,60,,,,,,,,,21,capillo,0,,,0,1,0.64675,0,77,77,20,1,REAL,FALSA
,,,,,,,542c323bfdf99b324ea3808d,001,2020-12-14_07h45.18.972,lextale_sp,2020.2.3,Win32,60,,,,,,,,,30,alardio,0,,,0,1,0.56716,0,78,78,29,1,REAL,FALSA
,,,,,,,542c323bfdf99b324ea3808d,001,2020-12-14_07h45.18.972,lextale_sp,2020.2.3,Win32,60,,,,,,,,,69,engatusar,1,,,0,0,0.781675,0,79,79,68,1,REAL,FALSA
,,,,,,,542c323bfdf99b324ea3808d,001,2020-12-14_07h45.18.972,lextale_sp,2020.2.3,Win32,60,,,,,,,,,2,pellizcar,1,,,1,1,0.67949,0,80,80,1,1,REAL,FALSA
,,,,,,,542c323bfdf99b324ea3808d,001,2020-12-14_07h45.18.972,lextale_sp,2020.2.3,Win32,60,,,,,,,,,26,secuestro,1,,,1,1,0.71281,0,81,81,25,1,REAL,FALSA
,,,,,,,542c323bfdf99b324ea3808d,001,2020-12-14_07h45.18.972,lextale_sp,2020.2.3,Win32,60,,,,,,,,,42,cadallo,0,,,0,1,0.730345,0,82,82,41,1,REAL,FALSA
,,,,,,,542c323bfdf99b324ea3808d,001,2020-12-14_07h45.18.972,lextale_sp,2020.2.3,Win32,60,,,,,,,,,68,alegre,1,,,1,1,0.60245,0,83,83,67,1,REAL,FALSA
,,,,,,,542c323bfdf99b324ea3808d,001,2020-12-14_07h45.18.972,lextale_sp,2020.2.3,Win32,60,,,,,,,,,76,atar,1,,,1,1,0.881205,0,84,84,75,1,REAL,FALSA
,,,,,,,542c323bfdf99b324ea3808d,001,2020-12-14_07h45.18.972,lextale_sp,2020.2.3,Win32,60,,,,,,,,,44,cuchara,1,,,1,1,0.62459,0,85,85,43,1,REAL,FALSA
,,,,,,,542c323bfdf99b324ea3808d,001,2020-12-14_07h45.18.972,lextale_sp,2020.2.3,Win32,60,,,,,,,,,18,arsa,0,,,0,1,0.84435,0,86,86,17,1,REAL,FALSA
,,,,,,,542c323bfdf99b324ea3808d,001,2020-12-14_07h45.18.972,lextale_sp,2020.2.3,Win32,60,,,,,,,,,75,yacer,1,,,1,1,0.879815,0,87,87,74,1,REAL,FALSA
,,,,,,,542c323bfdf99b324ea3808d,001,2020-12-14_07h45.18.972,lextale_sp,2020.2.3,Win32,60,,,,,,,,,1,terzo,0,,,0,1,0.647865,0,88,88,0,1,REAL,FALSA
,,,,,,,542c323bfdf99b324ea3808d,001,2020-12-14_07h45.18.972,lextale_sp,2020.2.3,Win32,60,,,,,,,,,5,zapato,1,,,1,1,0.478285,0,89,89,4,1,REAL,FALSA
