lextale_instructions_loop.thisRepN,lextale_instructions_loop.thisTrialN,lextale_instructions_loop.thisN,lextale_instructions_loop.thisIndex,lextale_instructions_loop.ran,instructions_text,continue_text,participant,session,date,expName,psychopyVersion,OS,frameRate,key_resp_lextale_practice.keys,key_resp_lextale_practice.corr,key_resp_lextale_practice.rt,lextale_practice_trials.thisRepN,lextale_practice_trials.thisTrialN,lextale_practice_trials.thisN,lextale_practice_trials.thisIndex,lextale_practice_trials.ran,stim,word,correct_response,prac_button_real,prac_button_false,key_resp_lextale_trial.keys,key_resp_lextale_trial.corr,key_resp_lextale_trial.rt,lextail_trials.thisRepN,lextail_trials.thisTrialN,lextail_trials.thisN,lextail_trials.thisIndex,lextail_trials.ran,button_real,button_false
0,0,0,0,1,"Este es un test de vocabulario en español. 
  
  A continuación vas a ver 90 secuencias de letras que parecen 'españolas'.
  
  Solo algunas de ellas son palabras de verdad.",(presiona la barra espaciadora para continuar),5b133bba30d562000155dc2e,002,2020-10-29_15h17.36.371,lextale_sp,2020.2.3,Win32,60,,,,,,,,,,,,,,,,,,,,,,,
0,1,1,1,1,"Por favor, señala las palabras que tú conoces (aquellas que estás convencido que son palabras españolas, incluso aunque no seas capaz de dar el significado preciso).",(presiona la barra espaciadora para continuar),5b133bba30d562000155dc2e,002,2020-10-29_15h17.36.371,lextale_sp,2020.2.3,Win32,60,,,,,,,,,,,,,,,,,,,,,,,
0,2,2,2,1,Pero cuidado: los errores se penalizan. Por eso no tiene sentido tratar de incrementar tu puntuación marcando como reales palabras que nunca has visto.,(presiona la barra espaciadora para continuar),5b133bba30d562000155dc2e,002,2020-10-29_15h17.36.371,lextale_sp,2020.2.3,Win32,60,,,,,,,,,,,,,,,,,,,,,,,
0,3,3,3,1,"Presiona la tecla 1 si piensas que es una palabra real y la tecla 
  0 si piensas que es una palabra falsa. 
  
  Vamos a practicar un poco...",(presiona la barra espaciadora para continuar),5b133bba30d562000155dc2e,002,2020-10-29_15h17.36.371,lextale_sp,2020.2.3,Win32,60,,,,,,,,,,,,,,,,,,,,,,,
,,,,,,,5b133bba30d562000155dc2e,002,2020-10-29_15h17.36.371,lextale_sp,2020.2.3,Win32,60,0,1,3.70122,0,0,0,0,1,0,depiste,0,REAL,FALSA,,,,,,,,,,
,,,,,,,5b133bba30d562000155dc2e,002,2020-10-29_15h17.36.371,lextale_sp,2020.2.3,Win32,60,1,1,0.650285,0,1,1,1,1,0,sí,1,REAL,FALSA,,,,,,,,,,
,,,,,,,5b133bba30d562000155dc2e,002,2020-10-29_15h17.36.371,lextale_sp,2020.2.3,Win32,60,0,1,1.24261,0,2,2,2,1,0,coné,0,REAL,FALSA,,,,,,,,,,
,,,,,,,5b133bba30d562000155dc2e,002,2020-10-29_15h17.36.371,lextale_sp,2020.2.3,Win32,60,1,0,1.295195,0,3,3,3,1,0,calpar,0,REAL,FALSA,,,,,,,,,,
,,,,,,,5b133bba30d562000155dc2e,002,2020-10-29_15h17.36.371,lextale_sp,2020.2.3,Win32,60,0,1,0.84203,0,4,4,4,1,0,joten,0,REAL,FALSA,,,,,,,,,,
,,,,,,,5b133bba30d562000155dc2e,002,2020-10-29_15h17.36.371,lextale_sp,2020.2.3,Win32,60,1,1,0.890215,0,5,5,5,1,0,sacapuntas,1,REAL,FALSA,,,,,,,,,,
,,,,,,,5b133bba30d562000155dc2e,002,2020-10-29_15h17.36.371,lextale_sp,2020.2.3,Win32,60,0,1,0.9717,0,6,6,6,1,0,priba,0,REAL,FALSA,,,,,,,,,,
,,,,,,,5b133bba30d562000155dc2e,002,2020-10-29_15h17.36.371,lextale_sp,2020.2.3,Win32,60,0,1,1.207505,0,7,7,7,1,0,pelasula,0,REAL,FALSA,,,,,,,,,,
,,,,,,,5b133bba30d562000155dc2e,002,2020-10-29_15h17.36.371,lextale_sp,2020.2.3,Win32,60,1,1,0.567535,0,8,8,8,1,0,bien,1,REAL,FALSA,,,,,,,,,,
,,,,,,,5b133bba30d562000155dc2e,002,2020-10-29_15h17.36.371,lextale_sp,2020.2.3,Win32,60,1,1,0.53546,0,9,9,9,1,0,casa,1,REAL,FALSA,,,,,,,,,,
,,,,,,,5b133bba30d562000155dc2e,002,2020-10-29_15h17.36.371,lextale_sp,2020.2.3,Win32,60,0,1,0.80162,0,10,10,10,1,0,lejo,0,REAL,FALSA,,,,,,,,,,
,,,,,,,5b133bba30d562000155dc2e,002,2020-10-29_15h17.36.371,lextale_sp,2020.2.3,Win32,60,1,0,1.189045,0,11,11,11,1,0,pretantas,0,REAL,FALSA,,,,,,,,,,
,,,,,,,5b133bba30d562000155dc2e,002,2020-10-29_15h17.36.371,lextale_sp,2020.2.3,Win32,60,,,,,,,,,39,torpe,1,,,0,0,4.55151,0,0,0,38,1,REAL,FALSA
,,,,,,,5b133bba30d562000155dc2e,002,2020-10-29_15h17.36.371,lextale_sp,2020.2.3,Win32,60,,,,,,,,,33,pauca,0,,,0,1,0.9676,0,1,1,32,1,REAL,FALSA
,,,,,,,5b133bba30d562000155dc2e,002,2020-10-29_15h17.36.371,lextale_sp,2020.2.3,Win32,60,,,,,,,,,57,tacaño,1,,,1,1,1.08403,0,2,2,56,1,REAL,FALSA
,,,,,,,5b133bba30d562000155dc2e,002,2020-10-29_15h17.36.371,lextale_sp,2020.2.3,Win32,60,,,,,,,,,23,lampera,0,,,1,0,1.008805,0,3,3,22,1,REAL,FALSA
,,,,,,,5b133bba30d562000155dc2e,002,2020-10-29_15h17.36.371,lextale_sp,2020.2.3,Win32,60,,,,,,,,,10,antar,0,,,0,1,1.383405,0,4,4,9,1,REAL,FALSA
,,,,,,,5b133bba30d562000155dc2e,002,2020-10-29_15h17.36.371,lextale_sp,2020.2.3,Win32,60,,,,,,,,,56,musgo,1,,,0,0,0.703215,0,5,5,55,1,REAL,FALSA
,,,,,,,5b133bba30d562000155dc2e,002,2020-10-29_15h17.36.371,lextale_sp,2020.2.3,Win32,60,,,,,,,,,44,cuchara,1,,,1,1,0.62847,0,6,6,43,1,REAL,FALSA
,,,,,,,5b133bba30d562000155dc2e,002,2020-10-29_15h17.36.371,lextale_sp,2020.2.3,Win32,60,,,,,,,,,26,secuestro,1,,,1,1,1.272645,0,7,7,25,1,REAL,FALSA
,,,,,,,5b133bba30d562000155dc2e,002,2020-10-29_15h17.36.371,lextale_sp,2020.2.3,Win32,60,,,,,,,,,76,atar,1,,,0,0,1.07011,0,8,8,75,1,REAL,FALSA
,,,,,,,5b133bba30d562000155dc2e,002,2020-10-29_15h17.36.371,lextale_sp,2020.2.3,Win32,60,,,,,,,,,15,regar,1,,,1,1,0.775105,0,9,9,14,1,REAL,FALSA
,,,,,,,5b133bba30d562000155dc2e,002,2020-10-29_15h17.36.371,lextale_sp,2020.2.3,Win32,60,,,,,,,,,50,flamida,0,,,0,1,0.911525,0,10,10,49,1,REAL,FALSA
,,,,,,,5b133bba30d562000155dc2e,002,2020-10-29_15h17.36.371,lextale_sp,2020.2.3,Win32,60,,,,,,,,,38,estornudar,1,,,1,1,4.118785,0,11,11,37,1,REAL,FALSA
,,,,,,,5b133bba30d562000155dc2e,002,2020-10-29_15h17.36.371,lextale_sp,2020.2.3,Win32,60,,,,,,,,,11,cenefa,1,,,0,0,0.901145,0,12,12,10,1,REAL,FALSA
,,,,,,,5b133bba30d562000155dc2e,002,2020-10-29_15h17.36.371,lextale_sp,2020.2.3,Win32,60,,,,,,,,,77,tiburón,1,,,1,1,0.72317,0,13,13,76,1,REAL,FALSA
,,,,,,,5b133bba30d562000155dc2e,002,2020-10-29_15h17.36.371,lextale_sp,2020.2.3,Win32,60,,,,,,,,,41,rebuscar,1,,,0,0,3.23752,0,14,14,40,1,REAL,FALSA
,,,,,,,5b133bba30d562000155dc2e,002,2020-10-29_15h17.36.371,lextale_sp,2020.2.3,Win32,60,,,,,,,,,54,fomentar,1,,,1,1,0.97539,0,15,15,53,1,REAL,FALSA
,,,,,,,5b133bba30d562000155dc2e,002,2020-10-29_15h17.36.371,lextale_sp,2020.2.3,Win32,60,,,,,,,,,52,camisa,1,,,1,1,0.7843,0,16,16,51,1,REAL,FALSA
,,,,,,,5b133bba30d562000155dc2e,002,2020-10-29_15h17.36.371,lextale_sp,2020.2.3,Win32,60,,,,,,,,,8,cadeña,0,,,1,0,0.81777,0,17,17,7,1,REAL,FALSA
,,,,,,,5b133bba30d562000155dc2e,002,2020-10-29_15h17.36.371,lextale_sp,2020.2.3,Win32,60,,,,,,,,,7,pésimo,1,,,0,0,1.52422,0,18,18,6,1,REAL,FALSA
,,,,,,,5b133bba30d562000155dc2e,002,2020-10-29_15h17.36.371,lextale_sp,2020.2.3,Win32,60,,,,,,,,,17,floroso,0,,,1,0,1.03931,0,19,19,16,1,REAL,FALSA
,,,,,,,5b133bba30d562000155dc2e,002,2020-10-29_15h17.36.371,lextale_sp,2020.2.3,Win32,60,,,,,,,,,82,empirador,0,,,1,0,1.0747,0,20,20,81,1,REAL,FALSA
,,,,,,,5b133bba30d562000155dc2e,002,2020-10-29_15h17.36.371,lextale_sp,2020.2.3,Win32,60,,,,,,,,,66,hacido,0,,,1,0,1.361315,0,21,21,65,1,REAL,FALSA
,,,,,,,5b133bba30d562000155dc2e,002,2020-10-29_15h17.36.371,lextale_sp,2020.2.3,Win32,60,,,,,,,,,69,engatusar,1,,,0,0,1.635465,0,22,22,68,1,REAL,FALSA
,,,,,,,5b133bba30d562000155dc2e,002,2020-10-29_15h17.36.371,lextale_sp,2020.2.3,Win32,60,,,,,,,,,51,candado,1,,,1,1,1.201345,0,23,23,50,1,REAL,FALSA
,,,,,,,5b133bba30d562000155dc2e,002,2020-10-29_15h17.36.371,lextale_sp,2020.2.3,Win32,60,,,,,,,,,78,frondoso,1,,,0,0,0.917695,0,24,24,77,1,REAL,FALSA
,,,,,,,5b133bba30d562000155dc2e,002,2020-10-29_15h17.36.371,lextale_sp,2020.2.3,Win32,60,,,,,,,,,4,batillón,0,,,1,0,0.825765,0,25,25,3,1,REAL,FALSA
,,,,,,,5b133bba30d562000155dc2e,002,2020-10-29_15h17.36.371,lextale_sp,2020.2.3,Win32,60,,,,,,,,,34,aviso,1,,,1,1,0.73445,0,26,26,33,1,REAL,FALSA
,,,,,,,5b133bba30d562000155dc2e,002,2020-10-29_15h17.36.371,lextale_sp,2020.2.3,Win32,60,,,,,,,,,27,acutación,0,,,1,0,1.47182,0,27,27,26,1,REAL,FALSA
,,,,,,,5b133bba30d562000155dc2e,002,2020-10-29_15h17.36.371,lextale_sp,2020.2.3,Win32,60,,,,,,,,,12,asesinato,1,,,1,1,1.368945,0,28,28,11,1,REAL,FALSA
,,,,,,,5b133bba30d562000155dc2e,002,2020-10-29_15h17.36.371,lextale_sp,2020.2.3,Win32,60,,,,,,,,,13,helar,1,,,1,1,1.401525,0,29,29,12,1,REAL,FALSA
,,,,,,,5b133bba30d562000155dc2e,002,2020-10-29_15h17.36.371,lextale_sp,2020.2.3,Win32,60,,,,,,,,,65,bizcocho,1,,,1,1,0.86765,0,30,30,64,1,REAL,FALSA
,,,,,,,5b133bba30d562000155dc2e,002,2020-10-29_15h17.36.371,lextale_sp,2020.2.3,Win32,60,,,,,,,,,72,pemición,0,,,0,1,1.019325,0,31,31,71,1,REAL,FALSA
,,,,,,,5b133bba30d562000155dc2e,002,2020-10-29_15h17.36.371,lextale_sp,2020.2.3,Win32,60,,,,,,,,,45,jilguero,1,,,0,0,0.85916,0,32,32,44,1,REAL,FALSA
,,,,,,,5b133bba30d562000155dc2e,002,2020-10-29_15h17.36.371,lextale_sp,2020.2.3,Win32,60,,,,,,,,,90,clavel,1,,,1,1,0.750945,0,33,33,89,1,REAL,FALSA
,,,,,,,5b133bba30d562000155dc2e,002,2020-10-29_15h17.36.371,lextale_sp,2020.2.3,Win32,60,,,,,,,,,63,esposante,0,,,1,0,4.834805,0,34,34,62,1,REAL,FALSA
,,,,,,,5b133bba30d562000155dc2e,002,2020-10-29_15h17.36.371,lextale_sp,2020.2.3,Win32,60,,,,,,,,,84,escuto,0,,,0,1,2.96681,0,35,35,83,1,REAL,FALSA
,,,,,,,5b133bba30d562000155dc2e,002,2020-10-29_15h17.36.371,lextale_sp,2020.2.3,Win32,60,,,,,,,,,1,terzo,0,,,0,1,0.899995,0,36,36,0,1,REAL,FALSA
,,,,,,,5b133bba30d562000155dc2e,002,2020-10-29_15h17.36.371,lextale_sp,2020.2.3,Win32,60,,,,,,,,,83,guante,1,,,1,1,0.652935,0,37,37,82,1,REAL,FALSA
,,,,,,,5b133bba30d562000155dc2e,002,2020-10-29_15h17.36.371,lextale_sp,2020.2.3,Win32,60,,,,,,,,,88,acantilado,1,,,1,1,3.264735,0,38,38,87,1,REAL,FALSA
,,,,,,,5b133bba30d562000155dc2e,002,2020-10-29_15h17.36.371,lextale_sp,2020.2.3,Win32,60,,,,,,,,,36,loro,1,,,1,1,0.953115,0,39,39,35,1,REAL,FALSA
,,,,,,,5b133bba30d562000155dc2e,002,2020-10-29_15h17.36.371,lextale_sp,2020.2.3,Win32,60,,,,,,,,,87,grodo,0,,,0,1,0.68422,0,40,40,86,1,REAL,FALSA
,,,,,,,5b133bba30d562000155dc2e,002,2020-10-29_15h17.36.371,lextale_sp,2020.2.3,Win32,60,,,,,,,,,62,flaco,1,,,1,1,0.796125,0,41,41,61,1,REAL,FALSA
,,,,,,,5b133bba30d562000155dc2e,002,2020-10-29_15h17.36.371,lextale_sp,2020.2.3,Win32,60,,,,,,,,,47,cartinar,0,,,0,1,1.52857,0,42,42,46,1,REAL,FALSA
,,,,,,,5b133bba30d562000155dc2e,002,2020-10-29_15h17.36.371,lextale_sp,2020.2.3,Win32,60,,,,,,,,,6,tergiversar,1,,,0,0,2.01197,0,43,43,5,1,REAL,FALSA
,,,,,,,5b133bba30d562000155dc2e,002,2020-10-29_15h17.36.371,lextale_sp,2020.2.3,Win32,60,,,,,,,,,70,temblo,0,,,1,0,0.857135,0,44,44,69,1,REAL,FALSA
,,,,,,,5b133bba30d562000155dc2e,002,2020-10-29_15h17.36.371,lextale_sp,2020.2.3,Win32,60,,,,,,,,,67,cabello,1,,,1,1,0.747565,0,45,45,66,1,REAL,FALSA
,,,,,,,5b133bba30d562000155dc2e,002,2020-10-29_15h17.36.371,lextale_sp,2020.2.3,Win32,60,,,,,,,,,81,pozo,1,,,0,0,1.867335,0,46,46,80,1,REAL,FALSA
,,,,,,,5b133bba30d562000155dc2e,002,2020-10-29_15h17.36.371,lextale_sp,2020.2.3,Win32,60,,,,,,,,,80,hormiga,1,,,1,1,0.633815,0,47,47,79,1,REAL,FALSA
,,,,,,,5b133bba30d562000155dc2e,002,2020-10-29_15h17.36.371,lextale_sp,2020.2.3,Win32,60,,,,,,,,,61,seda,1,,,1,1,0.765145,0,48,48,60,1,REAL,FALSA
,,,,,,,5b133bba30d562000155dc2e,002,2020-10-29_15h17.36.371,lextale_sp,2020.2.3,Win32,60,,,,,,,,,85,laúd,1,,,0,0,1.05067,0,49,49,84,1,REAL,FALSA
,,,,,,,5b133bba30d562000155dc2e,002,2020-10-29_15h17.36.371,lextale_sp,2020.2.3,Win32,60,,,,,,,,,14,yunque,1,,,0,0,0.7327,0,50,50,13,1,REAL,FALSA
,,,,,,,5b133bba30d562000155dc2e,002,2020-10-29_15h17.36.371,lextale_sp,2020.2.3,Win32,60,,,,,,,,,60,matar,1,,,1,1,0.834765,0,51,51,59,1,REAL,FALSA
,,,,,,,5b133bba30d562000155dc2e,002,2020-10-29_15h17.36.371,lextale_sp,2020.2.3,Win32,60,,,,,,,,,71,polvoriento,1,,,0,0,1.51501,0,52,52,70,1,REAL,FALSA
,,,,,,,5b133bba30d562000155dc2e,002,2020-10-29_15h17.36.371,lextale_sp,2020.2.3,Win32,60,,,,,,,,,37,granuja,1,,,1,1,1.64192,0,53,53,36,1,REAL,FALSA
,,,,,,,5b133bba30d562000155dc2e,002,2020-10-29_15h17.36.371,lextale_sp,2020.2.3,Win32,60,,,,,,,,,32,fatacidad,0,,,0,1,1.15075,0,54,54,31,1,REAL,FALSA
,,,,,,,5b133bba30d562000155dc2e,002,2020-10-29_15h17.36.371,lextale_sp,2020.2.3,Win32,60,,,,,,,,,89,prisa,1,,,1,1,0.64099,0,55,55,88,1,REAL,FALSA
,,,,,,,5b133bba30d562000155dc2e,002,2020-10-29_15h17.36.371,lextale_sp,2020.2.3,Win32,60,,,,,,,,,79,tropaje,0,,,0,1,1.50229,0,56,56,78,1,REAL,FALSA
,,,,,,,5b133bba30d562000155dc2e,002,2020-10-29_15h17.36.371,lextale_sp,2020.2.3,Win32,60,,,,,,,,,21,capillo,0,,,1,0,1.38386,0,57,57,20,1,REAL,FALSA
,,,,,,,5b133bba30d562000155dc2e,002,2020-10-29_15h17.36.371,lextale_sp,2020.2.3,Win32,60,,,,,,,,,46,martillo,1,,,0,0,1.272325,0,58,58,45,1,REAL,FALSA
,,,,,,,5b133bba30d562000155dc2e,002,2020-10-29_15h17.36.371,lextale_sp,2020.2.3,Win32,60,,,,,,,,,53,vegada,0,,,0,1,0.83442,0,59,59,52,1,REAL,FALSA
,,,,,,,5b133bba30d562000155dc2e,002,2020-10-29_15h17.36.371,lextale_sp,2020.2.3,Win32,60,,,,,,,,,35,rompido,0,,,1,0,1.075795,0,60,60,34,1,REAL,FALSA
,,,,,,,5b133bba30d562000155dc2e,002,2020-10-29_15h17.36.371,lextale_sp,2020.2.3,Win32,60,,,,,,,,,55,nevar,1,,,1,1,1.135415,0,61,61,54,1,REAL,FALSA
,,,,,,,5b133bba30d562000155dc2e,002,2020-10-29_15h17.36.371,lextale_sp,2020.2.3,Win32,60,,,,,,,,,18,arsa,0,,,0,1,0.697485,0,62,62,17,1,REAL,FALSA
,,,,,,,5b133bba30d562000155dc2e,002,2020-10-29_15h17.36.371,lextale_sp,2020.2.3,Win32,60,,,,,,,,,29,decar,0,,,1,0,1.184705,0,63,63,28,1,REAL,FALSA
,,,,,,,5b133bba30d562000155dc2e,002,2020-10-29_15h17.36.371,lextale_sp,2020.2.3,Win32,60,,,,,,,,,64,orgulloso,1,,,1,1,0.68967,0,64,64,63,1,REAL,FALSA
,,,,,,,5b133bba30d562000155dc2e,002,2020-10-29_15h17.36.371,lextale_sp,2020.2.3,Win32,60,,,,,,,,,48,ladrón,1,,,1,1,0.70723,0,65,65,47,1,REAL,FALSA
,,,,,,,5b133bba30d562000155dc2e,002,2020-10-29_15h17.36.371,lextale_sp,2020.2.3,Win32,60,,,,,,,,,9,hacha,1,,,1,1,0.871285,0,66,66,8,1,REAL,FALSA
,,,,,,,5b133bba30d562000155dc2e,002,2020-10-29_15h17.36.371,lextale_sp,2020.2.3,Win32,60,,,,,,,,,24,látigo,1,,,0,0,0.78727,0,67,67,23,1,REAL,FALSA
,,,,,,,5b133bba30d562000155dc2e,002,2020-10-29_15h17.36.371,lextale_sp,2020.2.3,Win32,60,,,,,,,,,58,plaudir,0,,,1,0,1.940185,0,68,68,57,1,REAL,FALSA
,,,,,,,5b133bba30d562000155dc2e,002,2020-10-29_15h17.36.371,lextale_sp,2020.2.3,Win32,60,,,,,,,,,75,yacer,1,,,0,0,1.748,0,69,69,74,1,REAL,FALSA
,,,,,,,5b133bba30d562000155dc2e,002,2020-10-29_15h17.36.371,lextale_sp,2020.2.3,Win32,60,,,,,,,,,5,zapato,1,,,1,1,0.76805,0,70,70,4,1,REAL,FALSA
,,,,,,,5b133bba30d562000155dc2e,002,2020-10-29_15h17.36.371,lextale_sp,2020.2.3,Win32,60,,,,,,,,,16,abracer,0,,,1,0,1.14101,0,71,71,15,1,REAL,FALSA
,,,,,,,5b133bba30d562000155dc2e,002,2020-10-29_15h17.36.371,lextale_sp,2020.2.3,Win32,60,,,,,,,,,3,pulmones,1,,,1,1,0.867475,0,72,72,2,1,REAL,FALSA
,,,,,,,5b133bba30d562000155dc2e,002,2020-10-29_15h17.36.371,lextale_sp,2020.2.3,Win32,60,,,,,,,,,42,cadallo,0,,,0,1,0.935905,0,73,73,41,1,REAL,FALSA
,,,,,,,5b133bba30d562000155dc2e,002,2020-10-29_15h17.36.371,lextale_sp,2020.2.3,Win32,60,,,,,,,,,43,canela,1,,,1,1,0.902035,0,74,74,42,1,REAL,FALSA
,,,,,,,5b133bba30d562000155dc2e,002,2020-10-29_15h17.36.371,lextale_sp,2020.2.3,Win32,60,,,,,,,,,22,lacayo,1,,,0,0,0.852395,0,75,75,21,1,REAL,FALSA
,,,,,,,5b133bba30d562000155dc2e,002,2020-10-29_15h17.36.371,lextale_sp,2020.2.3,Win32,60,,,,,,,,,31,pandilla,1,,,1,1,1.168945,0,76,76,30,1,REAL,FALSA
,,,,,,,5b133bba30d562000155dc2e,002,2020-10-29_15h17.36.371,lextale_sp,2020.2.3,Win32,60,,,,,,,,,30,alardio,0,,,0,1,0.78586,0,77,77,29,1,REAL,FALSA
,,,,,,,5b133bba30d562000155dc2e,002,2020-10-29_15h17.36.371,lextale_sp,2020.2.3,Win32,60,,,,,,,,,19,brecedad,0,,,0,1,2.601295,0,78,78,18,1,REAL,FALSA
,,,,,,,5b133bba30d562000155dc2e,002,2020-10-29_15h17.36.371,lextale_sp,2020.2.3,Win32,60,,,,,,,,,25,bisagra,1,,,0,0,1.236245,0,79,79,24,1,REAL,FALSA
,,,,,,,5b133bba30d562000155dc2e,002,2020-10-29_15h17.36.371,lextale_sp,2020.2.3,Win32,60,,,,,,,,,49,ganar,1,,,1,1,0.684415,0,80,80,48,1,REAL,FALSA
,,,,,,,5b133bba30d562000155dc2e,002,2020-10-29_15h17.36.371,lextale_sp,2020.2.3,Win32,60,,,,,,,,,2,pellizcar,1,,,0,0,1.535075,0,81,81,1,1,REAL,FALSA
,,,,,,,5b133bba30d562000155dc2e,002,2020-10-29_15h17.36.371,lextale_sp,2020.2.3,Win32,60,,,,,,,,,74,cintro,0,,,1,0,0.905465,0,82,82,73,1,REAL,FALSA
,,,,,,,5b133bba30d562000155dc2e,002,2020-10-29_15h17.36.371,lextale_sp,2020.2.3,Win32,60,,,,,,,,,20,ávido,1,,,0,0,1.485425,0,83,83,19,1,REAL,FALSA
,,,,,,,5b133bba30d562000155dc2e,002,2020-10-29_15h17.36.371,lextale_sp,2020.2.3,Win32,60,,,,,,,,,73,hervidor,1,,,1,1,1.81181,0,84,84,72,1,REAL,FALSA
,,,,,,,5b133bba30d562000155dc2e,002,2020-10-29_15h17.36.371,lextale_sp,2020.2.3,Win32,60,,,,,,,,,86,barato,1,,,1,1,0.88904,0,85,85,85,1,REAL,FALSA
,,,,,,,5b133bba30d562000155dc2e,002,2020-10-29_15h17.36.371,lextale_sp,2020.2.3,Win32,60,,,,,,,,,40,alfombra,1,,,1,1,0.855105,0,86,86,39,1,REAL,FALSA
,,,,,,,5b133bba30d562000155dc2e,002,2020-10-29_15h17.36.371,lextale_sp,2020.2.3,Win32,60,,,,,,,,,59,besar,1,,,1,1,0.83313,0,87,87,58,1,REAL,FALSA
,,,,,,,5b133bba30d562000155dc2e,002,2020-10-29_15h17.36.371,lextale_sp,2020.2.3,Win32,60,,,,,,,,,68,alegre,1,,,1,1,0.71011,0,88,88,67,1,REAL,FALSA
,,,,,,,5b133bba30d562000155dc2e,002,2020-10-29_15h17.36.371,lextale_sp,2020.2.3,Win32,60,,,,,,,,,28,merodear,1,,,0,0,1.217935,0,89,89,27,1,REAL,FALSA
