lextale_instructions_loop.thisRepN,lextale_instructions_loop.thisTrialN,lextale_instructions_loop.thisN,lextale_instructions_loop.thisIndex,lextale_instructions_loop.ran,instructions_text,continue_text,participant,session,date,expName,psychopyVersion,OS,frameRate,key_resp_lextale_practice.keys,key_resp_lextale_practice.corr,key_resp_lextale_practice.rt,lextale_practice_trials.thisRepN,lextale_practice_trials.thisTrialN,lextale_practice_trials.thisN,lextale_practice_trials.thisIndex,lextale_practice_trials.ran,stim,word,correct_response,prac_button_real,prac_button_false,key_resp_lextale_trial.keys,key_resp_lextale_trial.corr,key_resp_lextale_trial.rt,lextail_trials.thisRepN,lextail_trials.thisTrialN,lextail_trials.thisN,lextail_trials.thisIndex,lextail_trials.ran,button_real,button_false
0,0,0,0,1,"Este es un test de vocabulario en español. 
  
  A continuación vas a ver 90 secuencias de letras que parecen 'españolas'.
  
  Solo algunas de ellas son palabras de verdad.",(presiona la barra espaciadora para continuar),5b133bba30d562000155dc2e,003,2020-10-29_15h12.02.327,lextale_sp,2020.2.3,Win32,60,,,,,,,,,,,,,,,,,,,,,,,
0,1,1,1,1,"Por favor, señala las palabras que tú conoces (aquellas que estás convencido que son palabras españolas, incluso aunque no seas capaz de dar el significado preciso).",(presiona la barra espaciadora para continuar),5b133bba30d562000155dc2e,003,2020-10-29_15h12.02.327,lextale_sp,2020.2.3,Win32,60,,,,,,,,,,,,,,,,,,,,,,,
0,2,2,2,1,Pero cuidado: los errores se penalizan. Por eso no tiene sentido tratar de incrementar tu puntuación marcando como reales palabras que nunca has visto.,(presiona la barra espaciadora para continuar),5b133bba30d562000155dc2e,003,2020-10-29_15h12.02.327,lextale_sp,2020.2.3,Win32,60,,,,,,,,,,,,,,,,,,,,,,,
0,3,3,3,1,"Presiona la tecla 1 si piensas que es una palabra real y la tecla 
  0 si piensas que es una palabra falsa. 
  
  Vamos a practicar un poco...",(presiona la barra espaciadora para continuar),5b133bba30d562000155dc2e,003,2020-10-29_15h12.02.327,lextale_sp,2020.2.3,Win32,60,,,,,,,,,,,,,,,,,,,,,,,
,,,,,,,5b133bba30d562000155dc2e,003,2020-10-29_15h12.02.327,lextale_sp,2020.2.3,Win32,60,0,1,7.449265,0,0,0,0,1,0,depiste,0,REAL,FALSA,,,,,,,,,,
,,,,,,,5b133bba30d562000155dc2e,003,2020-10-29_15h12.02.327,lextale_sp,2020.2.3,Win32,60,1,1,1.051795,0,1,1,1,1,0,sí,1,REAL,FALSA,,,,,,,,,,
,,,,,,,5b133bba30d562000155dc2e,003,2020-10-29_15h12.02.327,lextale_sp,2020.2.3,Win32,60,0,1,1.302225,0,2,2,2,1,0,coné,0,REAL,FALSA,,,,,,,,,,
,,,,,,,5b133bba30d562000155dc2e,003,2020-10-29_15h12.02.327,lextale_sp,2020.2.3,Win32,60,0,1,1.109215,0,3,3,3,1,0,calpar,0,REAL,FALSA,,,,,,,,,,
,,,,,,,5b133bba30d562000155dc2e,003,2020-10-29_15h12.02.327,lextale_sp,2020.2.3,Win32,60,0,1,1.2506,0,4,4,4,1,0,joten,0,REAL,FALSA,,,,,,,,,,
,,,,,,,5b133bba30d562000155dc2e,003,2020-10-29_15h12.02.327,lextale_sp,2020.2.3,Win32,60,0,0,3.075375,0,5,5,5,1,0,sacapuntas,1,REAL,FALSA,,,,,,,,,,
,,,,,,,5b133bba30d562000155dc2e,003,2020-10-29_15h12.02.327,lextale_sp,2020.2.3,Win32,60,0,1,1.299225,0,6,6,6,1,0,priba,0,REAL,FALSA,,,,,,,,,,
,,,,,,,5b133bba30d562000155dc2e,003,2020-10-29_15h12.02.327,lextale_sp,2020.2.3,Win32,60,1,0,1.169365,0,7,7,7,1,0,pelasula,0,REAL,FALSA,,,,,,,,,,
,,,,,,,5b133bba30d562000155dc2e,003,2020-10-29_15h12.02.327,lextale_sp,2020.2.3,Win32,60,1,1,0.860265,0,8,8,8,1,0,bien,1,REAL,FALSA,,,,,,,,,,
,,,,,,,5b133bba30d562000155dc2e,003,2020-10-29_15h12.02.327,lextale_sp,2020.2.3,Win32,60,1,1,0.684155,0,9,9,9,1,0,casa,1,REAL,FALSA,,,,,,,,,,
,,,,,,,5b133bba30d562000155dc2e,003,2020-10-29_15h12.02.327,lextale_sp,2020.2.3,Win32,60,0,1,1.085915,0,10,10,10,1,0,lejo,0,REAL,FALSA,,,,,,,,,,
,,,,,,,5b133bba30d562000155dc2e,003,2020-10-29_15h12.02.327,lextale_sp,2020.2.3,Win32,60,0,1,1.06265,0,11,11,11,1,0,pretantas,0,REAL,FALSA,,,,,,,,,,
,,,,,,,5b133bba30d562000155dc2e,003,2020-10-29_15h12.02.327,lextale_sp,2020.2.3,Win32,60,,,,,,,,,44,cuchara,1,,,1,1,1.035615,0,0,0,43,1,REAL,FALSA
,,,,,,,5b133bba30d562000155dc2e,003,2020-10-29_15h12.02.327,lextale_sp,2020.2.3,Win32,60,,,,,,,,,10,antar,0,,,0,1,1.092415,0,1,1,9,1,REAL,FALSA
,,,,,,,5b133bba30d562000155dc2e,003,2020-10-29_15h12.02.327,lextale_sp,2020.2.3,Win32,60,,,,,,,,,85,laúd,1,,,0,0,2.184135,0,2,2,84,1,REAL,FALSA
,,,,,,,5b133bba30d562000155dc2e,003,2020-10-29_15h12.02.327,lextale_sp,2020.2.3,Win32,60,,,,,,,,,19,brecedad,0,,,0,1,1.51685,0,3,3,18,1,REAL,FALSA
,,,,,,,5b133bba30d562000155dc2e,003,2020-10-29_15h12.02.327,lextale_sp,2020.2.3,Win32,60,,,,,,,,,49,ganar,1,,,1,1,0.776555,0,4,4,48,1,REAL,FALSA
,,,,,,,5b133bba30d562000155dc2e,003,2020-10-29_15h12.02.327,lextale_sp,2020.2.3,Win32,60,,,,,,,,,60,matar,1,,,1,1,0.84776,0,5,5,59,1,REAL,FALSA
,,,,,,,5b133bba30d562000155dc2e,003,2020-10-29_15h12.02.327,lextale_sp,2020.2.3,Win32,60,,,,,,,,,77,tiburón,1,,,1,1,1.12051,0,6,6,76,1,REAL,FALSA
,,,,,,,5b133bba30d562000155dc2e,003,2020-10-29_15h12.02.327,lextale_sp,2020.2.3,Win32,60,,,,,,,,,5,zapato,1,,,1,1,0.848015,0,7,7,4,1,REAL,FALSA
,,,,,,,5b133bba30d562000155dc2e,003,2020-10-29_15h12.02.327,lextale_sp,2020.2.3,Win32,60,,,,,,,,,25,bisagra,1,,,0,0,0.96789,0,8,8,24,1,REAL,FALSA
,,,,,,,5b133bba30d562000155dc2e,003,2020-10-29_15h12.02.327,lextale_sp,2020.2.3,Win32,60,,,,,,,,,28,merodear,1,,,0,0,1.12735,0,9,9,27,1,REAL,FALSA
,,,,,,,5b133bba30d562000155dc2e,003,2020-10-29_15h12.02.327,lextale_sp,2020.2.3,Win32,60,,,,,,,,,53,vegada,0,,,0,1,1.019885,0,10,10,52,1,REAL,FALSA
,,,,,,,5b133bba30d562000155dc2e,003,2020-10-29_15h12.02.327,lextale_sp,2020.2.3,Win32,60,,,,,,,,,72,pemición,0,,,0,1,1.91468,0,11,11,71,1,REAL,FALSA
,,,,,,,5b133bba30d562000155dc2e,003,2020-10-29_15h12.02.327,lextale_sp,2020.2.3,Win32,60,,,,,,,,,31,pandilla,1,,,1,1,1.08481,0,12,12,30,1,REAL,FALSA
,,,,,,,5b133bba30d562000155dc2e,003,2020-10-29_15h12.02.327,lextale_sp,2020.2.3,Win32,60,,,,,,,,,29,decar,0,,,0,1,1.118785,0,13,13,28,1,REAL,FALSA
,,,,,,,5b133bba30d562000155dc2e,003,2020-10-29_15h12.02.327,lextale_sp,2020.2.3,Win32,60,,,,,,,,,4,batillón,0,,,1,0,0.965045,0,14,14,3,1,REAL,FALSA
,,,,,,,5b133bba30d562000155dc2e,003,2020-10-29_15h12.02.327,lextale_sp,2020.2.3,Win32,60,,,,,,,,,33,pauca,0,,,0,1,0.926975,0,15,15,32,1,REAL,FALSA
,,,,,,,5b133bba30d562000155dc2e,003,2020-10-29_15h12.02.327,lextale_sp,2020.2.3,Win32,60,,,,,,,,,61,seda,1,,,1,1,0.73871,0,16,16,60,1,REAL,FALSA
,,,,,,,5b133bba30d562000155dc2e,003,2020-10-29_15h12.02.327,lextale_sp,2020.2.3,Win32,60,,,,,,,,,18,arsa,0,,,0,1,1.13936,0,17,17,17,1,REAL,FALSA
,,,,,,,5b133bba30d562000155dc2e,003,2020-10-29_15h12.02.327,lextale_sp,2020.2.3,Win32,60,,,,,,,,,82,empirador,0,,,1,0,1.2309,0,18,18,81,1,REAL,FALSA
,,,,,,,5b133bba30d562000155dc2e,003,2020-10-29_15h12.02.327,lextale_sp,2020.2.3,Win32,60,,,,,,,,,65,bizcocho,1,,,1,1,0.93173,0,19,19,64,1,REAL,FALSA
,,,,,,,5b133bba30d562000155dc2e,003,2020-10-29_15h12.02.327,lextale_sp,2020.2.3,Win32,60,,,,,,,,,36,loro,1,,,1,1,1.06747,0,20,20,35,1,REAL,FALSA
,,,,,,,5b133bba30d562000155dc2e,003,2020-10-29_15h12.02.327,lextale_sp,2020.2.3,Win32,60,,,,,,,,,39,torpe,1,,,1,1,1.51969,0,21,21,38,1,REAL,FALSA
,,,,,,,5b133bba30d562000155dc2e,003,2020-10-29_15h12.02.327,lextale_sp,2020.2.3,Win32,60,,,,,,,,,48,ladrón,1,,,1,1,0.662115,0,22,22,47,1,REAL,FALSA
,,,,,,,5b133bba30d562000155dc2e,003,2020-10-29_15h12.02.327,lextale_sp,2020.2.3,Win32,60,,,,,,,,,2,pellizcar,1,,,0,0,0.818015,0,23,23,1,1,REAL,FALSA
,,,,,,,5b133bba30d562000155dc2e,003,2020-10-29_15h12.02.327,lextale_sp,2020.2.3,Win32,60,,,,,,,,,42,cadallo,0,,,0,1,1.16006,0,24,24,41,1,REAL,FALSA
,,,,,,,5b133bba30d562000155dc2e,003,2020-10-29_15h12.02.327,lextale_sp,2020.2.3,Win32,60,,,,,,,,,17,floroso,0,,,1,0,1.02176,0,25,25,16,1,REAL,FALSA
,,,,,,,5b133bba30d562000155dc2e,003,2020-10-29_15h12.02.327,lextale_sp,2020.2.3,Win32,60,,,,,,,,,71,polvoriento,1,,,0,0,1.30232,0,26,26,70,1,REAL,FALSA
,,,,,,,5b133bba30d562000155dc2e,003,2020-10-29_15h12.02.327,lextale_sp,2020.2.3,Win32,60,,,,,,,,,80,hormiga,1,,,1,1,0.771005,0,27,27,79,1,REAL,FALSA
,,,,,,,5b133bba30d562000155dc2e,003,2020-10-29_15h12.02.327,lextale_sp,2020.2.3,Win32,60,,,,,,,,,56,musgo,1,,,0,0,0.82438,0,28,28,55,1,REAL,FALSA
,,,,,,,5b133bba30d562000155dc2e,003,2020-10-29_15h12.02.327,lextale_sp,2020.2.3,Win32,60,,,,,,,,,50,flamida,0,,,0,1,1.158965,0,29,29,49,1,REAL,FALSA
,,,,,,,5b133bba30d562000155dc2e,003,2020-10-29_15h12.02.327,lextale_sp,2020.2.3,Win32,60,,,,,,,,,43,canela,1,,,1,1,0.945035,0,30,30,42,1,REAL,FALSA
,,,,,,,5b133bba30d562000155dc2e,003,2020-10-29_15h12.02.327,lextale_sp,2020.2.3,Win32,60,,,,,,,,,70,temblo,0,,,1,0,1.501245,0,31,31,69,1,REAL,FALSA
,,,,,,,5b133bba30d562000155dc2e,003,2020-10-29_15h12.02.327,lextale_sp,2020.2.3,Win32,60,,,,,,,,,73,hervidor,1,,,1,1,1.901885,0,32,32,72,1,REAL,FALSA
,,,,,,,5b133bba30d562000155dc2e,003,2020-10-29_15h12.02.327,lextale_sp,2020.2.3,Win32,60,,,,,,,,,22,lacayo,1,,,0,0,0.669095,0,33,33,21,1,REAL,FALSA
,,,,,,,5b133bba30d562000155dc2e,003,2020-10-29_15h12.02.327,lextale_sp,2020.2.3,Win32,60,,,,,,,,,90,clavel,1,,,1,1,0.85791,0,34,34,89,1,REAL,FALSA
,,,,,,,5b133bba30d562000155dc2e,003,2020-10-29_15h12.02.327,lextale_sp,2020.2.3,Win32,60,,,,,,,,,20,ávido,1,,,0,0,2.1203,0,35,35,19,1,REAL,FALSA
,,,,,,,5b133bba30d562000155dc2e,003,2020-10-29_15h12.02.327,lextale_sp,2020.2.3,Win32,60,,,,,,,,,78,frondoso,1,,,0,0,1.03586,0,36,36,77,1,REAL,FALSA
,,,,,,,5b133bba30d562000155dc2e,003,2020-10-29_15h12.02.327,lextale_sp,2020.2.3,Win32,60,,,,,,,,,40,alfombra,1,,,1,1,0.784075,0,37,37,39,1,REAL,FALSA
,,,,,,,5b133bba30d562000155dc2e,003,2020-10-29_15h12.02.327,lextale_sp,2020.2.3,Win32,60,,,,,,,,,83,guante,1,,,1,1,0.800735,0,38,38,82,1,REAL,FALSA
,,,,,,,5b133bba30d562000155dc2e,003,2020-10-29_15h12.02.327,lextale_sp,2020.2.3,Win32,60,,,,,,,,,23,lampera,0,,,1,0,0.95616,0,39,39,22,1,REAL,FALSA
,,,,,,,5b133bba30d562000155dc2e,003,2020-10-29_15h12.02.327,lextale_sp,2020.2.3,Win32,60,,,,,,,,,21,capillo,0,,,1,0,0.91892,0,40,40,20,1,REAL,FALSA
,,,,,,,5b133bba30d562000155dc2e,003,2020-10-29_15h12.02.327,lextale_sp,2020.2.3,Win32,60,,,,,,,,,12,asesinato,1,,,1,1,0.81722,0,41,41,11,1,REAL,FALSA
,,,,,,,5b133bba30d562000155dc2e,003,2020-10-29_15h12.02.327,lextale_sp,2020.2.3,Win32,60,,,,,,,,,59,besar,1,,,1,1,0.72463,0,42,42,58,1,REAL,FALSA
,,,,,,,5b133bba30d562000155dc2e,003,2020-10-29_15h12.02.327,lextale_sp,2020.2.3,Win32,60,,,,,,,,,15,regar,1,,,1,1,1.06851,0,43,43,14,1,REAL,FALSA
,,,,,,,5b133bba30d562000155dc2e,003,2020-10-29_15h12.02.327,lextale_sp,2020.2.3,Win32,60,,,,,,,,,64,orgulloso,1,,,1,1,0.702425,0,44,44,63,1,REAL,FALSA
,,,,,,,5b133bba30d562000155dc2e,003,2020-10-29_15h12.02.327,lextale_sp,2020.2.3,Win32,60,,,,,,,,,88,acantilado,1,,,0,0,0.85574,0,45,45,87,1,REAL,FALSA
,,,,,,,5b133bba30d562000155dc2e,003,2020-10-29_15h12.02.327,lextale_sp,2020.2.3,Win32,60,,,,,,,,,79,tropaje,0,,,0,1,0.951025,0,46,46,78,1,REAL,FALSA
,,,,,,,5b133bba30d562000155dc2e,003,2020-10-29_15h12.02.327,lextale_sp,2020.2.3,Win32,60,,,,,,,,,27,acutación,0,,,0,1,3.925095,0,47,47,26,1,REAL,FALSA
,,,,,,,5b133bba30d562000155dc2e,003,2020-10-29_15h12.02.327,lextale_sp,2020.2.3,Win32,60,,,,,,,,,9,hacha,1,,,0,0,1.853505,0,48,48,8,1,REAL,FALSA
,,,,,,,5b133bba30d562000155dc2e,003,2020-10-29_15h12.02.327,lextale_sp,2020.2.3,Win32,60,,,,,,,,,52,camisa,1,,,1,1,0.65891,0,49,49,51,1,REAL,FALSA
,,,,,,,5b133bba30d562000155dc2e,003,2020-10-29_15h12.02.327,lextale_sp,2020.2.3,Win32,60,,,,,,,,,26,secuestro,1,,,1,1,1.05228,0,50,50,25,1,REAL,FALSA
,,,,,,,5b133bba30d562000155dc2e,003,2020-10-29_15h12.02.327,lextale_sp,2020.2.3,Win32,60,,,,,,,,,55,nevar,1,,,1,1,1.148035,0,51,51,54,1,REAL,FALSA
,,,,,,,5b133bba30d562000155dc2e,003,2020-10-29_15h12.02.327,lextale_sp,2020.2.3,Win32,60,,,,,,,,,81,pozo,1,,,0,0,1.13605,0,52,52,80,1,REAL,FALSA
,,,,,,,5b133bba30d562000155dc2e,003,2020-10-29_15h12.02.327,lextale_sp,2020.2.3,Win32,60,,,,,,,,,54,fomentar,1,,,1,1,1.135725,0,53,53,53,1,REAL,FALSA
,,,,,,,5b133bba30d562000155dc2e,003,2020-10-29_15h12.02.327,lextale_sp,2020.2.3,Win32,60,,,,,,,,,86,barato,1,,,1,1,1.485665,0,54,54,85,1,REAL,FALSA
,,,,,,,5b133bba30d562000155dc2e,003,2020-10-29_15h12.02.327,lextale_sp,2020.2.3,Win32,60,,,,,,,,,66,hacido,0,,,1,0,0.7895,0,55,55,65,1,REAL,FALSA
,,,,,,,5b133bba30d562000155dc2e,003,2020-10-29_15h12.02.327,lextale_sp,2020.2.3,Win32,60,,,,,,,,,35,rompido,0,,,1,0,0.945845,0,56,56,34,1,REAL,FALSA
,,,,,,,5b133bba30d562000155dc2e,003,2020-10-29_15h12.02.327,lextale_sp,2020.2.3,Win32,60,,,,,,,,,58,plaudir,0,,,0,1,2.11742,0,57,57,57,1,REAL,FALSA
,,,,,,,5b133bba30d562000155dc2e,003,2020-10-29_15h12.02.327,lextale_sp,2020.2.3,Win32,60,,,,,,,,,41,rebuscar,1,,,0,0,1.567455,0,58,58,40,1,REAL,FALSA
,,,,,,,5b133bba30d562000155dc2e,003,2020-10-29_15h12.02.327,lextale_sp,2020.2.3,Win32,60,,,,,,,,,14,yunque,1,,,0,0,0.804855,0,59,59,13,1,REAL,FALSA
,,,,,,,5b133bba30d562000155dc2e,003,2020-10-29_15h12.02.327,lextale_sp,2020.2.3,Win32,60,,,,,,,,,16,abracer,0,,,1,0,2.401915,0,60,60,15,1,REAL,FALSA
,,,,,,,5b133bba30d562000155dc2e,003,2020-10-29_15h12.02.327,lextale_sp,2020.2.3,Win32,60,,,,,,,,,62,flaco,1,,,1,1,1.121035,0,61,61,61,1,REAL,FALSA
,,,,,,,5b133bba30d562000155dc2e,003,2020-10-29_15h12.02.327,lextale_sp,2020.2.3,Win32,60,,,,,,,,,47,cartinar,0,,,0,1,1.21928,0,62,62,46,1,REAL,FALSA
,,,,,,,5b133bba30d562000155dc2e,003,2020-10-29_15h12.02.327,lextale_sp,2020.2.3,Win32,60,,,,,,,,,51,candado,1,,,1,1,1.88401,0,63,63,50,1,REAL,FALSA
,,,,,,,5b133bba30d562000155dc2e,003,2020-10-29_15h12.02.327,lextale_sp,2020.2.3,Win32,60,,,,,,,,,13,helar,1,,,1,1,1.66192,0,64,64,12,1,REAL,FALSA
,,,,,,,5b133bba30d562000155dc2e,003,2020-10-29_15h12.02.327,lextale_sp,2020.2.3,Win32,60,,,,,,,,,46,martillo,1,,,0,0,0.868575,0,65,65,45,1,REAL,FALSA
,,,,,,,5b133bba30d562000155dc2e,003,2020-10-29_15h12.02.327,lextale_sp,2020.2.3,Win32,60,,,,,,,,,67,cabello,1,,,1,1,0.735335,0,66,66,66,1,REAL,FALSA
,,,,,,,5b133bba30d562000155dc2e,003,2020-10-29_15h12.02.327,lextale_sp,2020.2.3,Win32,60,,,,,,,,,45,jilguero,1,,,0,0,0.69246,0,67,67,44,1,REAL,FALSA
,,,,,,,5b133bba30d562000155dc2e,003,2020-10-29_15h12.02.327,lextale_sp,2020.2.3,Win32,60,,,,,,,,,11,cenefa,1,,,0,0,1.051405,0,68,68,10,1,REAL,FALSA
,,,,,,,5b133bba30d562000155dc2e,003,2020-10-29_15h12.02.327,lextale_sp,2020.2.3,Win32,60,,,,,,,,,32,fatacidad,0,,,0,1,1.09329,0,69,69,31,1,REAL,FALSA
,,,,,,,5b133bba30d562000155dc2e,003,2020-10-29_15h12.02.327,lextale_sp,2020.2.3,Win32,60,,,,,,,,,37,granuja,1,,,1,1,0.86897,0,70,70,36,1,REAL,FALSA
,,,,,,,5b133bba30d562000155dc2e,003,2020-10-29_15h12.02.327,lextale_sp,2020.2.3,Win32,60,,,,,,,,,8,cadeña,0,,,1,0,0.842155,0,71,71,7,1,REAL,FALSA
,,,,,,,5b133bba30d562000155dc2e,003,2020-10-29_15h12.02.327,lextale_sp,2020.2.3,Win32,60,,,,,,,,,63,esposante,0,,,0,1,1.918595,0,72,72,62,1,REAL,FALSA
,,,,,,,5b133bba30d562000155dc2e,003,2020-10-29_15h12.02.327,lextale_sp,2020.2.3,Win32,60,,,,,,,,,24,látigo,1,,,0,0,1.450985,0,73,73,23,1,REAL,FALSA
,,,,,,,5b133bba30d562000155dc2e,003,2020-10-29_15h12.02.327,lextale_sp,2020.2.3,Win32,60,,,,,,,,,34,aviso,1,,,1,1,0.732825,0,74,74,33,1,REAL,FALSA
,,,,,,,5b133bba30d562000155dc2e,003,2020-10-29_15h12.02.327,lextale_sp,2020.2.3,Win32,60,,,,,,,,,87,grodo,0,,,0,1,0.76005,0,75,75,86,1,REAL,FALSA
,,,,,,,5b133bba30d562000155dc2e,003,2020-10-29_15h12.02.327,lextale_sp,2020.2.3,Win32,60,,,,,,,,,7,pésimo,1,,,0,0,1.418465,0,76,76,6,1,REAL,FALSA
,,,,,,,5b133bba30d562000155dc2e,003,2020-10-29_15h12.02.327,lextale_sp,2020.2.3,Win32,60,,,,,,,,,69,engatusar,1,,,0,0,1.27906,0,77,77,68,1,REAL,FALSA
,,,,,,,5b133bba30d562000155dc2e,003,2020-10-29_15h12.02.327,lextale_sp,2020.2.3,Win32,60,,,,,,,,,38,estornudar,1,,,1,1,3.07697,0,78,78,37,1,REAL,FALSA
,,,,,,,5b133bba30d562000155dc2e,003,2020-10-29_15h12.02.327,lextale_sp,2020.2.3,Win32,60,,,,,,,,,74,cintro,0,,,1,0,1.95565,0,79,79,73,1,REAL,FALSA
,,,,,,,5b133bba30d562000155dc2e,003,2020-10-29_15h12.02.327,lextale_sp,2020.2.3,Win32,60,,,,,,,,,68,alegre,1,,,1,1,0.83389,0,80,80,67,1,REAL,FALSA
,,,,,,,5b133bba30d562000155dc2e,003,2020-10-29_15h12.02.327,lextale_sp,2020.2.3,Win32,60,,,,,,,,,1,terzo,0,,,0,1,1.05053,0,81,81,0,1,REAL,FALSA
,,,,,,,5b133bba30d562000155dc2e,003,2020-10-29_15h12.02.327,lextale_sp,2020.2.3,Win32,60,,,,,,,,,3,pulmones,1,,,1,1,1.634115,0,82,82,2,1,REAL,FALSA
,,,,,,,5b133bba30d562000155dc2e,003,2020-10-29_15h12.02.327,lextale_sp,2020.2.3,Win32,60,,,,,,,,,75,yacer,1,,,0,0,1.039585,0,83,83,74,1,REAL,FALSA
,,,,,,,5b133bba30d562000155dc2e,003,2020-10-29_15h12.02.327,lextale_sp,2020.2.3,Win32,60,,,,,,,,,76,atar,1,,,0,0,1.017715,0,84,84,75,1,REAL,FALSA
,,,,,,,5b133bba30d562000155dc2e,003,2020-10-29_15h12.02.327,lextale_sp,2020.2.3,Win32,60,,,,,,,,,89,prisa,1,,,1,1,0.844215,0,85,85,88,1,REAL,FALSA
,,,,,,,5b133bba30d562000155dc2e,003,2020-10-29_15h12.02.327,lextale_sp,2020.2.3,Win32,60,,,,,,,,,84,escuto,0,,,0,1,1.750345,0,86,86,83,1,REAL,FALSA
,,,,,,,5b133bba30d562000155dc2e,003,2020-10-29_15h12.02.327,lextale_sp,2020.2.3,Win32,60,,,,,,,,,6,tergiversar,1,,,0,0,1.10355,0,87,87,5,1,REAL,FALSA
,,,,,,,5b133bba30d562000155dc2e,003,2020-10-29_15h12.02.327,lextale_sp,2020.2.3,Win32,60,,,,,,,,,30,alardio,0,,,0,1,0.91858,0,88,88,29,1,REAL,FALSA
,,,,,,,5b133bba30d562000155dc2e,003,2020-10-29_15h12.02.327,lextale_sp,2020.2.3,Win32,60,,,,,,,,,57,tacaño,1,,,1,1,0.957255,0,89,89,56,1,REAL,FALSA
