lextale_instructions_loop.thisRepN,lextale_instructions_loop.thisTrialN,lextale_instructions_loop.thisN,lextale_instructions_loop.thisIndex,lextale_instructions_loop.ran,instructions_text,continue_text,participant,session,date,expName,psychopyVersion,OS,frameRate,key_resp_lextale_practice.keys,key_resp_lextale_practice.corr,key_resp_lextale_practice.rt,lextale_practice_trials.thisRepN,lextale_practice_trials.thisTrialN,lextale_practice_trials.thisN,lextale_practice_trials.thisIndex,lextale_practice_trials.ran,stim,word,correct_response,prac_button_real,prac_button_false,key_resp_lextale_trial.keys,key_resp_lextale_trial.corr,key_resp_lextale_trial.rt,lextail_trials.thisRepN,lextail_trials.thisTrialN,lextail_trials.thisN,lextail_trials.thisIndex,lextail_trials.ran,button_real,button_false
0,0,0,0,1,"Este es un test de vocabulario en español. 
  
  A continuación vas a ver 90 secuencias de letras que parecen 'españolas'.
  
  Solo algunas de ellas son palabras de verdad.",(presiona la barra espaciadora para continuar),5b133bba30d562000155dc2e,001,2020-10-29_15h03.23.182,lextale_sp,2020.2.3,Win32,60,,,,,,,,,,,,,,,,,,,,,,,
0,1,1,1,1,"Por favor, señala las palabras que tú conoces (aquellas que estás convencido que son palabras españolas, incluso aunque no seas capaz de dar el significado preciso).",(presiona la barra espaciadora para continuar),5b133bba30d562000155dc2e,001,2020-10-29_15h03.23.182,lextale_sp,2020.2.3,Win32,60,,,,,,,,,,,,,,,,,,,,,,,
0,2,2,2,1,Pero cuidado: los errores se penalizan. Por eso no tiene sentido tratar de incrementar tu puntuación marcando como reales palabras que nunca has visto.,(presiona la barra espaciadora para continuar),5b133bba30d562000155dc2e,001,2020-10-29_15h03.23.182,lextale_sp,2020.2.3,Win32,60,,,,,,,,,,,,,,,,,,,,,,,
0,3,3,3,1,"Presiona la tecla 1 si piensas que es una palabra real y la tecla 
  0 si piensas que es una palabra falsa. 
  
  Vamos a practicar un poco...",(presiona la barra espaciadora para continuar),5b133bba30d562000155dc2e,001,2020-10-29_15h03.23.182,lextale_sp,2020.2.3,Win32,60,,,,,,,,,,,,,,,,,,,,,,,
,,,,,,,5b133bba30d562000155dc2e,001,2020-10-29_15h03.23.182,lextale_sp,2020.2.3,Win32,60,0,1,6.2252,0,0,0,0,1,0,depiste,0,REAL,FALSA,,,,,,,,,,
,,,,,,,5b133bba30d562000155dc2e,001,2020-10-29_15h03.23.182,lextale_sp,2020.2.3,Win32,60,1,1,2.066395,0,1,1,1,1,0,sí,1,REAL,FALSA,,,,,,,,,,
,,,,,,,5b133bba30d562000155dc2e,001,2020-10-29_15h03.23.182,lextale_sp,2020.2.3,Win32,60,0,1,1.87357,0,2,2,2,1,0,coné,0,REAL,FALSA,,,,,,,,,,
,,,,,,,5b133bba30d562000155dc2e,001,2020-10-29_15h03.23.182,lextale_sp,2020.2.3,Win32,60,1,0,1.888165,0,3,3,3,1,0,calpar,0,REAL,FALSA,,,,,,,,,,
,,,,,,,5b133bba30d562000155dc2e,001,2020-10-29_15h03.23.182,lextale_sp,2020.2.3,Win32,60,0,1,1.20075,0,4,4,4,1,0,joten,0,REAL,FALSA,,,,,,,,,,
,,,,,,,5b133bba30d562000155dc2e,001,2020-10-29_15h03.23.182,lextale_sp,2020.2.3,Win32,60,0,0,0.994315,0,5,5,5,1,0,sacapuntas,1,REAL,FALSA,,,,,,,,,,
,,,,,,,5b133bba30d562000155dc2e,001,2020-10-29_15h03.23.182,lextale_sp,2020.2.3,Win32,60,0,1,1.54553,0,6,6,6,1,0,priba,0,REAL,FALSA,,,,,,,,,,
,,,,,,,5b133bba30d562000155dc2e,001,2020-10-29_15h03.23.182,lextale_sp,2020.2.3,Win32,60,0,1,1.43419,0,7,7,7,1,0,pelasula,0,REAL,FALSA,,,,,,,,,,
,,,,,,,5b133bba30d562000155dc2e,001,2020-10-29_15h03.23.182,lextale_sp,2020.2.3,Win32,60,1,1,0.850675,0,8,8,8,1,0,bien,1,REAL,FALSA,,,,,,,,,,
,,,,,,,5b133bba30d562000155dc2e,001,2020-10-29_15h03.23.182,lextale_sp,2020.2.3,Win32,60,1,1,0.712395,0,9,9,9,1,0,casa,1,REAL,FALSA,,,,,,,,,,
,,,,,,,5b133bba30d562000155dc2e,001,2020-10-29_15h03.23.182,lextale_sp,2020.2.3,Win32,60,1,0,0.81763,0,10,10,10,1,0,lejo,0,REAL,FALSA,,,,,,,,,,
,,,,,,,5b133bba30d562000155dc2e,001,2020-10-29_15h03.23.182,lextale_sp,2020.2.3,Win32,60,0,1,1.289935,0,11,11,11,1,0,pretantas,0,REAL,FALSA,,,,,,,,,,
,,,,,,,5b133bba30d562000155dc2e,001,2020-10-29_15h03.23.182,lextale_sp,2020.2.3,Win32,60,,,,,,,,,48,ladrón,1,,,1,1,1.09957,0,0,0,47,1,REAL,FALSA
,,,,,,,5b133bba30d562000155dc2e,001,2020-10-29_15h03.23.182,lextale_sp,2020.2.3,Win32,60,,,,,,,,,74,cintro,0,,,1,0,1.011925,0,1,1,73,1,REAL,FALSA
,,,,,,,5b133bba30d562000155dc2e,001,2020-10-29_15h03.23.182,lextale_sp,2020.2.3,Win32,60,,,,,,,,,77,tiburón,1,,,1,1,0.83699,0,2,2,76,1,REAL,FALSA
,,,,,,,5b133bba30d562000155dc2e,001,2020-10-29_15h03.23.182,lextale_sp,2020.2.3,Win32,60,,,,,,,,,79,tropaje,0,,,0,1,0.68494,0,3,3,78,1,REAL,FALSA
,,,,,,,5b133bba30d562000155dc2e,001,2020-10-29_15h03.23.182,lextale_sp,2020.2.3,Win32,60,,,,,,,,,66,hacido,0,,,1,0,0.903915,0,4,4,65,1,REAL,FALSA
,,,,,,,5b133bba30d562000155dc2e,001,2020-10-29_15h03.23.182,lextale_sp,2020.2.3,Win32,60,,,,,,,,,73,hervidor,1,,,0,0,1.23483,0,5,5,72,1,REAL,FALSA
,,,,,,,5b133bba30d562000155dc2e,001,2020-10-29_15h03.23.182,lextale_sp,2020.2.3,Win32,60,,,,,,,,,33,pauca,0,,,0,1,0.75405,0,6,6,32,1,REAL,FALSA
,,,,,,,5b133bba30d562000155dc2e,001,2020-10-29_15h03.23.182,lextale_sp,2020.2.3,Win32,60,,,,,,,,,70,temblo,0,,,1,0,0.90562,0,7,7,69,1,REAL,FALSA
,,,,,,,5b133bba30d562000155dc2e,001,2020-10-29_15h03.23.182,lextale_sp,2020.2.3,Win32,60,,,,,,,,,14,yunque,1,,,0,0,0.978005,0,8,8,13,1,REAL,FALSA
,,,,,,,5b133bba30d562000155dc2e,001,2020-10-29_15h03.23.182,lextale_sp,2020.2.3,Win32,60,,,,,,,,,13,helar,1,,,1,1,1.067665,0,9,9,12,1,REAL,FALSA
,,,,,,,5b133bba30d562000155dc2e,001,2020-10-29_15h03.23.182,lextale_sp,2020.2.3,Win32,60,,,,,,,,,58,plaudir,0,,,1,0,1.13606,0,10,10,57,1,REAL,FALSA
,,,,,,,5b133bba30d562000155dc2e,001,2020-10-29_15h03.23.182,lextale_sp,2020.2.3,Win32,60,,,,,,,,,16,abracer,0,,,1,0,0.919995,0,11,11,15,1,REAL,FALSA
,,,,,,,5b133bba30d562000155dc2e,001,2020-10-29_15h03.23.182,lextale_sp,2020.2.3,Win32,60,,,,,,,,,47,cartinar,0,,,0,1,1.418605,0,12,12,46,1,REAL,FALSA
,,,,,,,5b133bba30d562000155dc2e,001,2020-10-29_15h03.23.182,lextale_sp,2020.2.3,Win32,60,,,,,,,,,18,arsa,0,,,0,1,1.261745,0,13,13,17,1,REAL,FALSA
,,,,,,,5b133bba30d562000155dc2e,001,2020-10-29_15h03.23.182,lextale_sp,2020.2.3,Win32,60,,,,,,,,,50,flamida,0,,,0,1,1.267775,0,14,14,49,1,REAL,FALSA
,,,,,,,5b133bba30d562000155dc2e,001,2020-10-29_15h03.23.182,lextale_sp,2020.2.3,Win32,60,,,,,,,,,59,besar,1,,,1,1,0.82495,0,15,15,58,1,REAL,FALSA
,,,,,,,5b133bba30d562000155dc2e,001,2020-10-29_15h03.23.182,lextale_sp,2020.2.3,Win32,60,,,,,,,,,57,tacaño,1,,,0,0,2.534305,0,16,16,56,1,REAL,FALSA
,,,,,,,5b133bba30d562000155dc2e,001,2020-10-29_15h03.23.182,lextale_sp,2020.2.3,Win32,60,,,,,,,,,39,torpe,1,,,0,0,1.284395,0,17,17,38,1,REAL,FALSA
,,,,,,,5b133bba30d562000155dc2e,001,2020-10-29_15h03.23.182,lextale_sp,2020.2.3,Win32,60,,,,,,,,,15,regar,1,,,1,1,0.81751,0,18,18,14,1,REAL,FALSA
,,,,,,,5b133bba30d562000155dc2e,001,2020-10-29_15h03.23.182,lextale_sp,2020.2.3,Win32,60,,,,,,,,,54,fomentar,1,,,1,1,1.1476,0,19,19,53,1,REAL,FALSA
,,,,,,,5b133bba30d562000155dc2e,001,2020-10-29_15h03.23.182,lextale_sp,2020.2.3,Win32,60,,,,,,,,,68,alegre,1,,,1,1,0.935595,0,20,20,67,1,REAL,FALSA
,,,,,,,5b133bba30d562000155dc2e,001,2020-10-29_15h03.23.182,lextale_sp,2020.2.3,Win32,60,,,,,,,,,17,floroso,0,,,1,0,2.28514,0,21,21,16,1,REAL,FALSA
,,,,,,,5b133bba30d562000155dc2e,001,2020-10-29_15h03.23.182,lextale_sp,2020.2.3,Win32,60,,,,,,,,,60,matar,1,,,1,1,1.06114,0,22,22,59,1,REAL,FALSA
,,,,,,,5b133bba30d562000155dc2e,001,2020-10-29_15h03.23.182,lextale_sp,2020.2.3,Win32,60,,,,,,,,,61,seda,1,,,1,1,1.13542,0,23,23,60,1,REAL,FALSA
,,,,,,,5b133bba30d562000155dc2e,001,2020-10-29_15h03.23.182,lextale_sp,2020.2.3,Win32,60,,,,,,,,,75,yacer,1,,,0,0,1.133695,0,24,24,74,1,REAL,FALSA
,,,,,,,5b133bba30d562000155dc2e,001,2020-10-29_15h03.23.182,lextale_sp,2020.2.3,Win32,60,,,,,,,,,42,cadallo,0,,,0,1,1.262275,0,25,25,41,1,REAL,FALSA
,,,,,,,5b133bba30d562000155dc2e,001,2020-10-29_15h03.23.182,lextale_sp,2020.2.3,Win32,60,,,,,,,,,69,engatusar,1,,,0,0,1.86732,0,26,26,68,1,REAL,FALSA
,,,,,,,5b133bba30d562000155dc2e,001,2020-10-29_15h03.23.182,lextale_sp,2020.2.3,Win32,60,,,,,,,,,4,batillón,0,,,1,0,1.23576,0,27,27,3,1,REAL,FALSA
,,,,,,,5b133bba30d562000155dc2e,001,2020-10-29_15h03.23.182,lextale_sp,2020.2.3,Win32,60,,,,,,,,,72,pemición,0,,,0,1,2.835535,0,28,28,71,1,REAL,FALSA
,,,,,,,5b133bba30d562000155dc2e,001,2020-10-29_15h03.23.182,lextale_sp,2020.2.3,Win32,60,,,,,,,,,24,látigo,1,,,0,0,1.35674,0,29,29,23,1,REAL,FALSA
,,,,,,,5b133bba30d562000155dc2e,001,2020-10-29_15h03.23.182,lextale_sp,2020.2.3,Win32,60,,,,,,,,,83,guante,1,,,0,0,2.838215,0,30,30,82,1,REAL,FALSA
,,,,,,,5b133bba30d562000155dc2e,001,2020-10-29_15h03.23.182,lextale_sp,2020.2.3,Win32,60,,,,,,,,,38,estornudar,1,,,1,1,1.90173,0,31,31,37,1,REAL,FALSA
,,,,,,,5b133bba30d562000155dc2e,001,2020-10-29_15h03.23.182,lextale_sp,2020.2.3,Win32,60,,,,,,,,,11,cenefa,1,,,0,0,1.435765,0,32,32,10,1,REAL,FALSA
,,,,,,,5b133bba30d562000155dc2e,001,2020-10-29_15h03.23.182,lextale_sp,2020.2.3,Win32,60,,,,,,,,,12,asesinato,1,,,1,1,4.588305,0,33,33,11,1,REAL,FALSA
,,,,,,,5b133bba30d562000155dc2e,001,2020-10-29_15h03.23.182,lextale_sp,2020.2.3,Win32,60,,,,,,,,,90,clavel,1,,,1,1,1.56878,0,34,34,89,1,REAL,FALSA
,,,,,,,5b133bba30d562000155dc2e,001,2020-10-29_15h03.23.182,lextale_sp,2020.2.3,Win32,60,,,,,,,,,87,grodo,0,,,0,1,1.10728,0,35,35,86,1,REAL,FALSA
,,,,,,,5b133bba30d562000155dc2e,001,2020-10-29_15h03.23.182,lextale_sp,2020.2.3,Win32,60,,,,,,,,,35,rompido,0,,,1,0,5.35312,0,36,36,34,1,REAL,FALSA
,,,,,,,5b133bba30d562000155dc2e,001,2020-10-29_15h03.23.182,lextale_sp,2020.2.3,Win32,60,,,,,,,,,84,escuto,0,,,0,1,1.05134,0,37,37,83,1,REAL,FALSA
,,,,,,,5b133bba30d562000155dc2e,001,2020-10-29_15h03.23.182,lextale_sp,2020.2.3,Win32,60,,,,,,,,,29,decar,0,,,1,0,1.963535,0,38,38,28,1,REAL,FALSA
,,,,,,,5b133bba30d562000155dc2e,001,2020-10-29_15h03.23.182,lextale_sp,2020.2.3,Win32,60,,,,,,,,,82,empirador,0,,,1,0,3.096385,0,39,39,81,1,REAL,FALSA
,,,,,,,5b133bba30d562000155dc2e,001,2020-10-29_15h03.23.182,lextale_sp,2020.2.3,Win32,60,,,,,,,,,56,musgo,1,,,0,0,0.890305,0,40,40,55,1,REAL,FALSA
,,,,,,,5b133bba30d562000155dc2e,001,2020-10-29_15h03.23.182,lextale_sp,2020.2.3,Win32,60,,,,,,,,,45,jilguero,1,,,0,0,1.742715,0,41,41,44,1,REAL,FALSA
,,,,,,,5b133bba30d562000155dc2e,001,2020-10-29_15h03.23.182,lextale_sp,2020.2.3,Win32,60,,,,,,,,,80,hormiga,1,,,1,1,1.069705,0,42,42,79,1,REAL,FALSA
,,,,,,,5b133bba30d562000155dc2e,001,2020-10-29_15h03.23.182,lextale_sp,2020.2.3,Win32,60,,,,,,,,,78,frondoso,1,,,0,0,2.143765,0,43,43,77,1,REAL,FALSA
,,,,,,,5b133bba30d562000155dc2e,001,2020-10-29_15h03.23.182,lextale_sp,2020.2.3,Win32,60,,,,,,,,,22,lacayo,1,,,0,0,1.350765,0,44,44,21,1,REAL,FALSA
,,,,,,,5b133bba30d562000155dc2e,001,2020-10-29_15h03.23.182,lextale_sp,2020.2.3,Win32,60,,,,,,,,,36,loro,1,,,1,1,1.176015,0,45,45,35,1,REAL,FALSA
,,,,,,,5b133bba30d562000155dc2e,001,2020-10-29_15h03.23.182,lextale_sp,2020.2.3,Win32,60,,,,,,,,,6,tergiversar,1,,,0,0,1.958325,0,46,46,5,1,REAL,FALSA
,,,,,,,5b133bba30d562000155dc2e,001,2020-10-29_15h03.23.182,lextale_sp,2020.2.3,Win32,60,,,,,,,,,52,camisa,1,,,1,1,0.66547,0,47,47,51,1,REAL,FALSA
,,,,,,,5b133bba30d562000155dc2e,001,2020-10-29_15h03.23.182,lextale_sp,2020.2.3,Win32,60,,,,,,,,,65,bizcocho,1,,,1,1,1.2976,0,48,48,64,1,REAL,FALSA
,,,,,,,5b133bba30d562000155dc2e,001,2020-10-29_15h03.23.182,lextale_sp,2020.2.3,Win32,60,,,,,,,,,3,pulmones,1,,,1,1,1.394365,0,49,49,2,1,REAL,FALSA
,,,,,,,5b133bba30d562000155dc2e,001,2020-10-29_15h03.23.182,lextale_sp,2020.2.3,Win32,60,,,,,,,,,26,secuestro,1,,,1,1,1.50999,0,50,50,25,1,REAL,FALSA
,,,,,,,5b133bba30d562000155dc2e,001,2020-10-29_15h03.23.182,lextale_sp,2020.2.3,Win32,60,,,,,,,,,9,hacha,1,,,1,1,1.02169,0,51,51,8,1,REAL,FALSA
,,,,,,,5b133bba30d562000155dc2e,001,2020-10-29_15h03.23.182,lextale_sp,2020.2.3,Win32,60,,,,,,,,,2,pellizcar,1,,,0,0,0.93491,0,52,52,1,1,REAL,FALSA
,,,,,,,5b133bba30d562000155dc2e,001,2020-10-29_15h03.23.182,lextale_sp,2020.2.3,Win32,60,,,,,,,,,1,terzo,0,,,0,1,3.018795,0,53,53,0,1,REAL,FALSA
,,,,,,,5b133bba30d562000155dc2e,001,2020-10-29_15h03.23.182,lextale_sp,2020.2.3,Win32,60,,,,,,,,,71,polvoriento,1,,,0,0,2.74286,0,54,54,70,1,REAL,FALSA
,,,,,,,5b133bba30d562000155dc2e,001,2020-10-29_15h03.23.182,lextale_sp,2020.2.3,Win32,60,,,,,,,,,51,candado,1,,,1,1,1.75107,0,55,55,50,1,REAL,FALSA
,,,,,,,5b133bba30d562000155dc2e,001,2020-10-29_15h03.23.182,lextale_sp,2020.2.3,Win32,60,,,,,,,,,10,antar,0,,,0,1,1.304505,0,56,56,9,1,REAL,FALSA
,,,,,,,5b133bba30d562000155dc2e,001,2020-10-29_15h03.23.182,lextale_sp,2020.2.3,Win32,60,,,,,,,,,43,canela,1,,,1,1,2.01902,0,57,57,42,1,REAL,FALSA
,,,,,,,5b133bba30d562000155dc2e,001,2020-10-29_15h03.23.182,lextale_sp,2020.2.3,Win32,60,,,,,,,,,49,ganar,1,,,1,1,1.034445,0,58,58,48,1,REAL,FALSA
,,,,,,,5b133bba30d562000155dc2e,001,2020-10-29_15h03.23.182,lextale_sp,2020.2.3,Win32,60,,,,,,,,,8,cadeña,0,,,1,0,1.2862,0,59,59,7,1,REAL,FALSA
,,,,,,,5b133bba30d562000155dc2e,001,2020-10-29_15h03.23.182,lextale_sp,2020.2.3,Win32,60,,,,,,,,,46,martillo,1,,,0,0,1.4573,0,60,60,45,1,REAL,FALSA
,,,,,,,5b133bba30d562000155dc2e,001,2020-10-29_15h03.23.182,lextale_sp,2020.2.3,Win32,60,,,,,,,,,88,acantilado,1,,,0,0,2.527615,0,61,61,87,1,REAL,FALSA
,,,,,,,5b133bba30d562000155dc2e,001,2020-10-29_15h03.23.182,lextale_sp,2020.2.3,Win32,60,,,,,,,,,81,pozo,1,,,0,0,1.18457,0,62,62,80,1,REAL,FALSA
,,,,,,,5b133bba30d562000155dc2e,001,2020-10-29_15h03.23.182,lextale_sp,2020.2.3,Win32,60,,,,,,,,,34,aviso,1,,,1,1,0.69044,0,63,63,33,1,REAL,FALSA
,,,,,,,5b133bba30d562000155dc2e,001,2020-10-29_15h03.23.182,lextale_sp,2020.2.3,Win32,60,,,,,,,,,67,cabello,1,,,1,1,0.80095,0,64,64,66,1,REAL,FALSA
,,,,,,,5b133bba30d562000155dc2e,001,2020-10-29_15h03.23.182,lextale_sp,2020.2.3,Win32,60,,,,,,,,,53,vegada,0,,,0,1,2.38371,0,65,65,52,1,REAL,FALSA
,,,,,,,5b133bba30d562000155dc2e,001,2020-10-29_15h03.23.182,lextale_sp,2020.2.3,Win32,60,,,,,,,,,31,pandilla,1,,,1,1,1.936825,0,66,66,30,1,REAL,FALSA
,,,,,,,5b133bba30d562000155dc2e,001,2020-10-29_15h03.23.182,lextale_sp,2020.2.3,Win32,60,,,,,,,,,55,nevar,1,,,0,0,3.002065,0,67,67,54,1,REAL,FALSA
,,,,,,,5b133bba30d562000155dc2e,001,2020-10-29_15h03.23.182,lextale_sp,2020.2.3,Win32,60,,,,,,,,,25,bisagra,1,,,0,0,2.11533,0,68,68,24,1,REAL,FALSA
,,,,,,,5b133bba30d562000155dc2e,001,2020-10-29_15h03.23.182,lextale_sp,2020.2.3,Win32,60,,,,,,,,,19,brecedad,0,,,0,1,2.25692,0,69,69,18,1,REAL,FALSA
,,,,,,,5b133bba30d562000155dc2e,001,2020-10-29_15h03.23.182,lextale_sp,2020.2.3,Win32,60,,,,,,,,,76,atar,1,,,0,0,1.56879,0,70,70,75,1,REAL,FALSA
,,,,,,,5b133bba30d562000155dc2e,001,2020-10-29_15h03.23.182,lextale_sp,2020.2.3,Win32,60,,,,,,,,,85,laúd,1,,,0,0,1.953125,0,71,71,84,1,REAL,FALSA
,,,,,,,5b133bba30d562000155dc2e,001,2020-10-29_15h03.23.182,lextale_sp,2020.2.3,Win32,60,,,,,,,,,5,zapato,1,,,1,1,0.667535,0,72,72,4,1,REAL,FALSA
,,,,,,,5b133bba30d562000155dc2e,001,2020-10-29_15h03.23.182,lextale_sp,2020.2.3,Win32,60,,,,,,,,,21,capillo,0,,,0,1,1.459135,0,73,73,20,1,REAL,FALSA
,,,,,,,5b133bba30d562000155dc2e,001,2020-10-29_15h03.23.182,lextale_sp,2020.2.3,Win32,60,,,,,,,,,86,barato,1,,,1,1,0.69165,0,74,74,85,1,REAL,FALSA
,,,,,,,5b133bba30d562000155dc2e,001,2020-10-29_15h03.23.182,lextale_sp,2020.2.3,Win32,60,,,,,,,,,30,alardio,0,,,0,1,1.67167,0,75,75,29,1,REAL,FALSA
,,,,,,,5b133bba30d562000155dc2e,001,2020-10-29_15h03.23.182,lextale_sp,2020.2.3,Win32,60,,,,,,,,,28,merodear,1,,,0,0,2.5787,0,76,76,27,1,REAL,FALSA
,,,,,,,5b133bba30d562000155dc2e,001,2020-10-29_15h03.23.182,lextale_sp,2020.2.3,Win32,60,,,,,,,,,62,flaco,1,,,1,1,0.91954,0,77,77,61,1,REAL,FALSA
,,,,,,,5b133bba30d562000155dc2e,001,2020-10-29_15h03.23.182,lextale_sp,2020.2.3,Win32,60,,,,,,,,,40,alfombra,1,,,1,1,1.172105,0,78,78,39,1,REAL,FALSA
,,,,,,,5b133bba30d562000155dc2e,001,2020-10-29_15h03.23.182,lextale_sp,2020.2.3,Win32,60,,,,,,,,,23,lampera,0,,,1,0,1.06924,0,79,79,22,1,REAL,FALSA
,,,,,,,5b133bba30d562000155dc2e,001,2020-10-29_15h03.23.182,lextale_sp,2020.2.3,Win32,60,,,,,,,,,44,cuchara,1,,,1,1,0.91461,0,80,80,43,1,REAL,FALSA
,,,,,,,5b133bba30d562000155dc2e,001,2020-10-29_15h03.23.182,lextale_sp,2020.2.3,Win32,60,,,,,,,,,7,pésimo,1,,,0,0,1.769035,0,81,81,6,1,REAL,FALSA
,,,,,,,5b133bba30d562000155dc2e,001,2020-10-29_15h03.23.182,lextale_sp,2020.2.3,Win32,60,,,,,,,,,41,rebuscar,1,,,0,0,1.66899,0,82,82,40,1,REAL,FALSA
,,,,,,,5b133bba30d562000155dc2e,001,2020-10-29_15h03.23.182,lextale_sp,2020.2.3,Win32,60,,,,,,,,,32,fatacidad,0,,,0,1,1.83548,0,83,83,31,1,REAL,FALSA
,,,,,,,5b133bba30d562000155dc2e,001,2020-10-29_15h03.23.182,lextale_sp,2020.2.3,Win32,60,,,,,,,,,89,prisa,1,,,1,1,0.968805,0,84,84,88,1,REAL,FALSA
,,,,,,,5b133bba30d562000155dc2e,001,2020-10-29_15h03.23.182,lextale_sp,2020.2.3,Win32,60,,,,,,,,,20,ávido,1,,,0,0,2.14982,0,85,85,19,1,REAL,FALSA
,,,,,,,5b133bba30d562000155dc2e,001,2020-10-29_15h03.23.182,lextale_sp,2020.2.3,Win32,60,,,,,,,,,27,acutación,0,,,1,0,1.43539,0,86,86,26,1,REAL,FALSA
,,,,,,,5b133bba30d562000155dc2e,001,2020-10-29_15h03.23.182,lextale_sp,2020.2.3,Win32,60,,,,,,,,,37,granuja,1,,,1,1,2.234355,0,87,87,36,1,REAL,FALSA
,,,,,,,5b133bba30d562000155dc2e,001,2020-10-29_15h03.23.182,lextale_sp,2020.2.3,Win32,60,,,,,,,,,63,esposante,0,,,0,1,2.932645,0,88,88,62,1,REAL,FALSA
,,,,,,,5b133bba30d562000155dc2e,001,2020-10-29_15h03.23.182,lextale_sp,2020.2.3,Win32,60,,,,,,,,,64,orgulloso,1,,,1,1,0.95345,0,89,89,63,1,REAL,FALSA
