lextale_instructions_loop.thisRepN,lextale_instructions_loop.thisTrialN,lextale_instructions_loop.thisN,lextale_instructions_loop.thisIndex,lextale_instructions_loop.ran,instructions_text,continue_text,participant,session,date,expName,psychopyVersion,OS,frameRate,key_resp_lextale_practice.keys,key_resp_lextale_practice.corr,key_resp_lextale_practice.rt,lextale_practice_trials.thisRepN,lextale_practice_trials.thisTrialN,lextale_practice_trials.thisN,lextale_practice_trials.thisIndex,lextale_practice_trials.ran,stim,word,correct_response,prac_button_real,prac_button_false,key_resp_lextale_trial.keys,key_resp_lextale_trial.corr,key_resp_lextale_trial.rt,lextail_trials.thisRepN,lextail_trials.thisTrialN,lextail_trials.thisN,lextail_trials.thisIndex,lextail_trials.ran,button_real,button_false
0,0,0,0,1,"Este es un test de vocabulario en español. 
  
  A continuación vas a ver 90 secuencias de letras que parecen 'españolas'.
  
  Solo algunas de ellas son palabras de verdad.",(presiona la barra espaciadora para continuar),5c090a1a822fb40001a27936,001,2020-12-27_23h41.56.063,lextale_sp,2020.2.3,MacIntel,60,,,,,,,,,,,,,,,,,,,,,,,
0,1,1,1,1,"Por favor, señala las palabras que tú conoces (aquellas que estás convencido que son palabras españolas, incluso aunque no seas capaz de dar el significado preciso).",(presiona la barra espaciadora para continuar),5c090a1a822fb40001a27936,001,2020-12-27_23h41.56.063,lextale_sp,2020.2.3,MacIntel,60,,,,,,,,,,,,,,,,,,,,,,,
0,2,2,2,1,Pero cuidado: los errores se penalizan. Por eso no tiene sentido tratar de incrementar tu puntuación marcando como reales palabras que nunca has visto.,(presiona la barra espaciadora para continuar),5c090a1a822fb40001a27936,001,2020-12-27_23h41.56.063,lextale_sp,2020.2.3,MacIntel,60,,,,,,,,,,,,,,,,,,,,,,,
0,3,3,3,1,"Presiona la tecla 1 si piensas que es una palabra real y la tecla 
  0 si piensas que es una palabra falsa. 
  
  Vamos a practicar un poco...",(presiona la barra espaciadora para continuar),5c090a1a822fb40001a27936,001,2020-12-27_23h41.56.063,lextale_sp,2020.2.3,MacIntel,60,,,,,,,,,,,,,,,,,,,,,,,
,,,,,,,5c090a1a822fb40001a27936,001,2020-12-27_23h41.56.063,lextale_sp,2020.2.3,MacIntel,60,0,1,1.649,0,0,0,0,1,0,depiste,0,REAL,FALSA,,,,,,,,,,
,,,,,,,5c090a1a822fb40001a27936,001,2020-12-27_23h41.56.063,lextale_sp,2020.2.3,MacIntel,60,1,1,1.134,0,1,1,1,1,0,sí,1,REAL,FALSA,,,,,,,,,,
,,,,,,,5c090a1a822fb40001a27936,001,2020-12-27_23h41.56.063,lextale_sp,2020.2.3,MacIntel,60,0,1,1.319,0,2,2,2,1,0,coné,0,REAL,FALSA,,,,,,,,,,
,,,,,,,5c090a1a822fb40001a27936,001,2020-12-27_23h41.56.063,lextale_sp,2020.2.3,MacIntel,60,1,0,1.052,0,3,3,3,1,0,calpar,0,REAL,FALSA,,,,,,,,,,
,,,,,,,5c090a1a822fb40001a27936,001,2020-12-27_23h41.56.063,lextale_sp,2020.2.3,MacIntel,60,0,1,1.032,0,4,4,4,1,0,joten,0,REAL,FALSA,,,,,,,,,,
,,,,,,,5c090a1a822fb40001a27936,001,2020-12-27_23h41.56.063,lextale_sp,2020.2.3,MacIntel,60,1,1,0.934,0,5,5,5,1,0,sacapuntas,1,REAL,FALSA,,,,,,,,,,
,,,,,,,5c090a1a822fb40001a27936,001,2020-12-27_23h41.56.063,lextale_sp,2020.2.3,MacIntel,60,0,1,0.802,0,6,6,6,1,0,priba,0,REAL,FALSA,,,,,,,,,,
,,,,,,,5c090a1a822fb40001a27936,001,2020-12-27_23h41.56.063,lextale_sp,2020.2.3,MacIntel,60,0,1,1.278,0,7,7,7,1,0,pelasula,0,REAL,FALSA,,,,,,,,,,
,,,,,,,5c090a1a822fb40001a27936,001,2020-12-27_23h41.56.063,lextale_sp,2020.2.3,MacIntel,60,1,1,0.717,0,8,8,8,1,0,bien,1,REAL,FALSA,,,,,,,,,,
,,,,,,,5c090a1a822fb40001a27936,001,2020-12-27_23h41.56.063,lextale_sp,2020.2.3,MacIntel,60,1,1,0.719,0,9,9,9,1,0,casa,1,REAL,FALSA,,,,,,,,,,
,,,,,,,5c090a1a822fb40001a27936,001,2020-12-27_23h41.56.063,lextale_sp,2020.2.3,MacIntel,60,0,1,1.066,0,10,10,10,1,0,lejo,0,REAL,FALSA,,,,,,,,,,
,,,,,,,5c090a1a822fb40001a27936,001,2020-12-27_23h41.56.063,lextale_sp,2020.2.3,MacIntel,60,0,1,0.846,0,11,11,11,1,0,pretantas,0,REAL,FALSA,,,,,,,,,,
,,,,,,,5c090a1a822fb40001a27936,001,2020-12-27_23h41.56.063,lextale_sp,2020.2.3,MacIntel,60,,,,,,,,,49,ganar,1,,,1,1,0.999,0,0,0,48,1,REAL,FALSA
,,,,,,,5c090a1a822fb40001a27936,001,2020-12-27_23h41.56.063,lextale_sp,2020.2.3,MacIntel,60,,,,,,,,,55,nevar,1,,,0,0,1.465,0,1,1,54,1,REAL,FALSA
,,,,,,,5c090a1a822fb40001a27936,001,2020-12-27_23h41.56.063,lextale_sp,2020.2.3,MacIntel,60,,,,,,,,,33,pauca,0,,,0,1,0.934,0,2,2,32,1,REAL,FALSA
,,,,,,,5c090a1a822fb40001a27936,001,2020-12-27_23h41.56.063,lextale_sp,2020.2.3,MacIntel,60,,,,,,,,,23,lampera,0,,,0,1,1.062,0,3,3,22,1,REAL,FALSA
,,,,,,,5c090a1a822fb40001a27936,001,2020-12-27_23h41.56.063,lextale_sp,2020.2.3,MacIntel,60,,,,,,,,,7,pésimo,1,,,0,0,1.236,0,4,4,6,1,REAL,FALSA
,,,,,,,5c090a1a822fb40001a27936,001,2020-12-27_23h41.56.063,lextale_sp,2020.2.3,MacIntel,60,,,,,,,,,16,abracer,0,,,1,0,1.201,0,5,5,15,1,REAL,FALSA
,,,,,,,5c090a1a822fb40001a27936,001,2020-12-27_23h41.56.063,lextale_sp,2020.2.3,MacIntel,60,,,,,,,,,27,acutación,0,,,0,1,1.151,0,6,6,26,1,REAL,FALSA
,,,,,,,5c090a1a822fb40001a27936,001,2020-12-27_23h41.56.063,lextale_sp,2020.2.3,MacIntel,60,,,,,,,,,79,tropaje,0,,,0,1,0.801,0,7,7,78,1,REAL,FALSA
,,,,,,,5c090a1a822fb40001a27936,001,2020-12-27_23h41.56.063,lextale_sp,2020.2.3,MacIntel,60,,,,,,,,,2,pellizcar,1,,,0,0,0.918,0,8,8,1,1,REAL,FALSA
,,,,,,,5c090a1a822fb40001a27936,001,2020-12-27_23h41.56.063,lextale_sp,2020.2.3,MacIntel,60,,,,,,,,,60,matar,1,,,1,1,0.819,0,9,9,59,1,REAL,FALSA
,,,,,,,5c090a1a822fb40001a27936,001,2020-12-27_23h41.56.063,lextale_sp,2020.2.3,MacIntel,60,,,,,,,,,68,alegre,1,,,1,1,2.812,0,10,10,67,1,REAL,FALSA
,,,,,,,5c090a1a822fb40001a27936,001,2020-12-27_23h41.56.063,lextale_sp,2020.2.3,MacIntel,60,,,,,,,,,72,pemición,0,,,0,1,0.801,0,11,11,71,1,REAL,FALSA
,,,,,,,5c090a1a822fb40001a27936,001,2020-12-27_23h41.56.063,lextale_sp,2020.2.3,MacIntel,60,,,,,,,,,30,alardio,0,,,0,1,0.729,0,12,12,29,1,REAL,FALSA
,,,,,,,5c090a1a822fb40001a27936,001,2020-12-27_23h41.56.063,lextale_sp,2020.2.3,MacIntel,60,,,,,,,,,15,regar,1,,,0,0,1.102,0,13,13,14,1,REAL,FALSA
,,,,,,,5c090a1a822fb40001a27936,001,2020-12-27_23h41.56.063,lextale_sp,2020.2.3,MacIntel,60,,,,,,,,,62,flaco,1,,,1,1,1.182,0,14,14,61,1,REAL,FALSA
,,,,,,,5c090a1a822fb40001a27936,001,2020-12-27_23h41.56.063,lextale_sp,2020.2.3,MacIntel,60,,,,,,,,,29,decar,0,,,0,1,1.03,0,15,15,28,1,REAL,FALSA
,,,,,,,5c090a1a822fb40001a27936,001,2020-12-27_23h41.56.063,lextale_sp,2020.2.3,MacIntel,60,,,,,,,,,43,canela,1,,,0,0,3.331,0,16,16,42,1,REAL,FALSA
,,,,,,,5c090a1a822fb40001a27936,001,2020-12-27_23h41.56.063,lextale_sp,2020.2.3,MacIntel,60,,,,,,,,,8,cadeña,0,,,1,0,1.069,0,17,17,7,1,REAL,FALSA
,,,,,,,5c090a1a822fb40001a27936,001,2020-12-27_23h41.56.063,lextale_sp,2020.2.3,MacIntel,60,,,,,,,,,47,cartinar,0,,,0,1,0.846,0,18,18,46,1,REAL,FALSA
,,,,,,,5c090a1a822fb40001a27936,001,2020-12-27_23h41.56.063,lextale_sp,2020.2.3,MacIntel,60,,,,,,,,,82,empirador,0,,,0,1,1.312,0,19,19,81,1,REAL,FALSA
,,,,,,,5c090a1a822fb40001a27936,001,2020-12-27_23h41.56.063,lextale_sp,2020.2.3,MacIntel,60,,,,,,,,,70,temblo,0,,,0,1,0.612,0,20,20,69,1,REAL,FALSA
,,,,,,,5c090a1a822fb40001a27936,001,2020-12-27_23h41.56.063,lextale_sp,2020.2.3,MacIntel,60,,,,,,,,,61,seda,1,,,0,0,0.785,0,21,21,60,1,REAL,FALSA
,,,,,,,5c090a1a822fb40001a27936,001,2020-12-27_23h41.56.063,lextale_sp,2020.2.3,MacIntel,60,,,,,,,,,90,clavel,1,,,0,0,0.651,0,22,22,89,1,REAL,FALSA
,,,,,,,5c090a1a822fb40001a27936,001,2020-12-27_23h41.56.063,lextale_sp,2020.2.3,MacIntel,60,,,,,,,,,71,polvoriento,1,,,0,0,0.861,0,23,23,70,1,REAL,FALSA
,,,,,,,5c090a1a822fb40001a27936,001,2020-12-27_23h41.56.063,lextale_sp,2020.2.3,MacIntel,60,,,,,,,,,6,tergiversar,1,,,0,0,0.684,0,24,24,5,1,REAL,FALSA
,,,,,,,5c090a1a822fb40001a27936,001,2020-12-27_23h41.56.063,lextale_sp,2020.2.3,MacIntel,60,,,,,,,,,53,vegada,0,,,0,1,0.961,0,25,25,52,1,REAL,FALSA
,,,,,,,5c090a1a822fb40001a27936,001,2020-12-27_23h41.56.063,lextale_sp,2020.2.3,MacIntel,60,,,,,,,,,65,bizcocho,1,,,0,0,0.645,0,26,26,64,1,REAL,FALSA
,,,,,,,5c090a1a822fb40001a27936,001,2020-12-27_23h41.56.063,lextale_sp,2020.2.3,MacIntel,60,,,,,,,,,86,barato,1,,,1,1,0.832,0,27,27,85,1,REAL,FALSA
,,,,,,,5c090a1a822fb40001a27936,001,2020-12-27_23h41.56.063,lextale_sp,2020.2.3,MacIntel,60,,,,,,,,,14,yunque,1,,,0,0,2.101,0,28,28,13,1,REAL,FALSA
,,,,,,,5c090a1a822fb40001a27936,001,2020-12-27_23h41.56.063,lextale_sp,2020.2.3,MacIntel,60,,,,,,,,,89,prisa,1,,,0,0,0.63,0,29,29,88,1,REAL,FALSA
,,,,,,,5c090a1a822fb40001a27936,001,2020-12-27_23h41.56.063,lextale_sp,2020.2.3,MacIntel,60,,,,,,,,,73,hervidor,1,,,0,0,0.718,0,30,30,72,1,REAL,FALSA
,,,,,,,5c090a1a822fb40001a27936,001,2020-12-27_23h41.56.063,lextale_sp,2020.2.3,MacIntel,60,,,,,,,,,51,candado,1,,,0,0,1.302,0,31,31,50,1,REAL,FALSA
,,,,,,,5c090a1a822fb40001a27936,001,2020-12-27_23h41.56.063,lextale_sp,2020.2.3,MacIntel,60,,,,,,,,,42,cadallo,0,,,0,1,0.947,0,32,32,41,1,REAL,FALSA
,,,,,,,5c090a1a822fb40001a27936,001,2020-12-27_23h41.56.063,lextale_sp,2020.2.3,MacIntel,60,,,,,,,,,18,arsa,0,,,0,1,0.597,0,33,33,17,1,REAL,FALSA
,,,,,,,5c090a1a822fb40001a27936,001,2020-12-27_23h41.56.063,lextale_sp,2020.2.3,MacIntel,60,,,,,,,,,57,tacaño,1,,,0,0,0.578,0,34,34,56,1,REAL,FALSA
,,,,,,,5c090a1a822fb40001a27936,001,2020-12-27_23h41.56.063,lextale_sp,2020.2.3,MacIntel,60,,,,,,,,,46,martillo,1,,,0,0,0.747,0,35,35,45,1,REAL,FALSA
,,,,,,,5c090a1a822fb40001a27936,001,2020-12-27_23h41.56.063,lextale_sp,2020.2.3,MacIntel,60,,,,,,,,,19,brecedad,0,,,0,1,0.795,0,36,36,18,1,REAL,FALSA
,,,,,,,5c090a1a822fb40001a27936,001,2020-12-27_23h41.56.063,lextale_sp,2020.2.3,MacIntel,60,,,,,,,,,52,camisa,1,,,1,1,0.818,0,37,37,51,1,REAL,FALSA
,,,,,,,5c090a1a822fb40001a27936,001,2020-12-27_23h41.56.063,lextale_sp,2020.2.3,MacIntel,60,,,,,,,,,69,engatusar,1,,,0,0,0.667,0,38,38,68,1,REAL,FALSA
,,,,,,,5c090a1a822fb40001a27936,001,2020-12-27_23h41.56.063,lextale_sp,2020.2.3,MacIntel,60,,,,,,,,,38,estornudar,1,,,0,0,0.818,0,39,39,37,1,REAL,FALSA
,,,,,,,5c090a1a822fb40001a27936,001,2020-12-27_23h41.56.063,lextale_sp,2020.2.3,MacIntel,60,,,,,,,,,26,secuestro,1,,,0,0,0.868,0,40,40,25,1,REAL,FALSA
,,,,,,,5c090a1a822fb40001a27936,001,2020-12-27_23h41.56.063,lextale_sp,2020.2.3,MacIntel,60,,,,,,,,,28,merodear,1,,,0,0,1.033,0,41,41,27,1,REAL,FALSA
,,,,,,,5c090a1a822fb40001a27936,001,2020-12-27_23h41.56.063,lextale_sp,2020.2.3,MacIntel,60,,,,,,,,,50,flamida,0,,,0,1,0.902,0,42,42,49,1,REAL,FALSA
,,,,,,,5c090a1a822fb40001a27936,001,2020-12-27_23h41.56.063,lextale_sp,2020.2.3,MacIntel,60,,,,,,,,,81,pozo,1,,,0,0,0.879,0,43,43,80,1,REAL,FALSA
,,,,,,,5c090a1a822fb40001a27936,001,2020-12-27_23h41.56.063,lextale_sp,2020.2.3,MacIntel,60,,,,,,,,,85,laúd,1,,,0,0,0.618,0,44,44,84,1,REAL,FALSA
,,,,,,,5c090a1a822fb40001a27936,001,2020-12-27_23h41.56.063,lextale_sp,2020.2.3,MacIntel,60,,,,,,,,,35,rompido,0,,,1,0,1.633,0,45,45,34,1,REAL,FALSA
,,,,,,,5c090a1a822fb40001a27936,001,2020-12-27_23h41.56.063,lextale_sp,2020.2.3,MacIntel,60,,,,,,,,,83,guante,1,,,0,0,0.896,0,46,46,82,1,REAL,FALSA
,,,,,,,5c090a1a822fb40001a27936,001,2020-12-27_23h41.56.063,lextale_sp,2020.2.3,MacIntel,60,,,,,,,,,39,torpe,1,,,0,0,0.581,0,47,47,38,1,REAL,FALSA
,,,,,,,5c090a1a822fb40001a27936,001,2020-12-27_23h41.56.063,lextale_sp,2020.2.3,MacIntel,60,,,,,,,,,25,bisagra,1,,,0,0,0.635,0,48,48,24,1,REAL,FALSA
,,,,,,,5c090a1a822fb40001a27936,001,2020-12-27_23h41.56.063,lextale_sp,2020.2.3,MacIntel,60,,,,,,,,,11,cenefa,1,,,0,0,0.646,0,49,49,10,1,REAL,FALSA
,,,,,,,5c090a1a822fb40001a27936,001,2020-12-27_23h41.56.063,lextale_sp,2020.2.3,MacIntel,60,,,,,,,,,64,orgulloso,1,,,1,1,0.779,0,50,50,63,1,REAL,FALSA
,,,,,,,5c090a1a822fb40001a27936,001,2020-12-27_23h41.56.063,lextale_sp,2020.2.3,MacIntel,60,,,,,,,,,78,frondoso,1,,,0,0,1.13,0,51,51,77,1,REAL,FALSA
,,,,,,,5c090a1a822fb40001a27936,001,2020-12-27_23h41.56.063,lextale_sp,2020.2.3,MacIntel,60,,,,,,,,,88,acantilado,1,,,0,0,0.618,0,52,52,87,1,REAL,FALSA
,,,,,,,5c090a1a822fb40001a27936,001,2020-12-27_23h41.56.063,lextale_sp,2020.2.3,MacIntel,60,,,,,,,,,9,hacha,1,,,0,0,0.802,0,53,53,8,1,REAL,FALSA
,,,,,,,5c090a1a822fb40001a27936,001,2020-12-27_23h41.56.063,lextale_sp,2020.2.3,MacIntel,60,,,,,,,,,41,rebuscar,1,,,0,0,3.362,0,54,54,40,1,REAL,FALSA
,,,,,,,5c090a1a822fb40001a27936,001,2020-12-27_23h41.56.063,lextale_sp,2020.2.3,MacIntel,60,,,,,,,,,34,aviso,1,,,0,0,0.518,0,55,55,33,1,REAL,FALSA
,,,,,,,5c090a1a822fb40001a27936,001,2020-12-27_23h41.56.063,lextale_sp,2020.2.3,MacIntel,60,,,,,,,,,58,plaudir,0,,,0,1,0.552,0,56,56,57,1,REAL,FALSA
,,,,,,,5c090a1a822fb40001a27936,001,2020-12-27_23h41.56.063,lextale_sp,2020.2.3,MacIntel,60,,,,,,,,,63,esposante,0,,,0,1,0.619,0,57,57,62,1,REAL,FALSA
,,,,,,,5c090a1a822fb40001a27936,001,2020-12-27_23h41.56.063,lextale_sp,2020.2.3,MacIntel,60,,,,,,,,,13,helar,1,,,1,1,2.647,0,58,58,12,1,REAL,FALSA
,,,,,,,5c090a1a822fb40001a27936,001,2020-12-27_23h41.56.063,lextale_sp,2020.2.3,MacIntel,60,,,,,,,,,67,cabello,1,,,1,1,1.113,0,59,59,66,1,REAL,FALSA
,,,,,,,5c090a1a822fb40001a27936,001,2020-12-27_23h41.56.063,lextale_sp,2020.2.3,MacIntel,60,,,,,,,,,5,zapato,1,,,1,1,0.663,0,60,60,4,1,REAL,FALSA
,,,,,,,5c090a1a822fb40001a27936,001,2020-12-27_23h41.56.063,lextale_sp,2020.2.3,MacIntel,60,,,,,,,,,1,terzo,0,,,1,0,1.018,0,61,61,0,1,REAL,FALSA
,,,,,,,5c090a1a822fb40001a27936,001,2020-12-27_23h41.56.063,lextale_sp,2020.2.3,MacIntel,60,,,,,,,,,74,cintro,0,,,0,1,1.052,0,62,62,73,1,REAL,FALSA
,,,,,,,5c090a1a822fb40001a27936,001,2020-12-27_23h41.56.063,lextale_sp,2020.2.3,MacIntel,60,,,,,,,,,84,escuto,0,,,0,1,0.668,0,63,63,83,1,REAL,FALSA
,,,,,,,5c090a1a822fb40001a27936,001,2020-12-27_23h41.56.063,lextale_sp,2020.2.3,MacIntel,60,,,,,,,,,44,cuchara,1,,,0,0,1.348,0,64,64,43,1,REAL,FALSA
,,,,,,,5c090a1a822fb40001a27936,001,2020-12-27_23h41.56.063,lextale_sp,2020.2.3,MacIntel,60,,,,,,,,,77,tiburón,1,,,0,0,0.63,0,65,65,76,1,REAL,FALSA
,,,,,,,5c090a1a822fb40001a27936,001,2020-12-27_23h41.56.063,lextale_sp,2020.2.3,MacIntel,60,,,,,,,,,80,hormiga,1,,,0,0,0.684,0,66,66,79,1,REAL,FALSA
,,,,,,,5c090a1a822fb40001a27936,001,2020-12-27_23h41.56.063,lextale_sp,2020.2.3,MacIntel,60,,,,,,,,,17,floroso,0,,,0,1,0.669,0,67,67,16,1,REAL,FALSA
,,,,,,,5c090a1a822fb40001a27936,001,2020-12-27_23h41.56.063,lextale_sp,2020.2.3,MacIntel,60,,,,,,,,,31,pandilla,1,,,1,1,0.9,0,68,68,30,1,REAL,FALSA
,,,,,,,5c090a1a822fb40001a27936,001,2020-12-27_23h41.56.063,lextale_sp,2020.2.3,MacIntel,60,,,,,,,,,37,granuja,1,,,0,0,1.598,0,69,69,36,1,REAL,FALSA
,,,,,,,5c090a1a822fb40001a27936,001,2020-12-27_23h41.56.063,lextale_sp,2020.2.3,MacIntel,60,,,,,,,,,3,pulmones,1,,,1,1,0.862,0,70,70,2,1,REAL,FALSA
,,,,,,,5c090a1a822fb40001a27936,001,2020-12-27_23h41.56.063,lextale_sp,2020.2.3,MacIntel,60,,,,,,,,,10,antar,0,,,1,0,0.947,0,71,71,9,1,REAL,FALSA
,,,,,,,5c090a1a822fb40001a27936,001,2020-12-27_23h41.56.063,lextale_sp,2020.2.3,MacIntel,60,,,,,,,,,12,asesinato,1,,,1,1,2.12,0,72,72,11,1,REAL,FALSA
,,,,,,,5c090a1a822fb40001a27936,001,2020-12-27_23h41.56.063,lextale_sp,2020.2.3,MacIntel,60,,,,,,,,,48,ladrón,1,,,0,0,0.735,0,73,73,47,1,REAL,FALSA
,,,,,,,5c090a1a822fb40001a27936,001,2020-12-27_23h41.56.063,lextale_sp,2020.2.3,MacIntel,60,,,,,,,,,56,musgo,1,,,0,0,0.581,0,74,74,55,1,REAL,FALSA
,,,,,,,5c090a1a822fb40001a27936,001,2020-12-27_23h41.56.063,lextale_sp,2020.2.3,MacIntel,60,,,,,,,,,87,grodo,0,,,0,1,0.434,0,75,75,86,1,REAL,FALSA
,,,,,,,5c090a1a822fb40001a27936,001,2020-12-27_23h41.56.063,lextale_sp,2020.2.3,MacIntel,60,,,,,,,,,20,ávido,1,,,0,0,0.932,0,76,76,19,1,REAL,FALSA
,,,,,,,5c090a1a822fb40001a27936,001,2020-12-27_23h41.56.063,lextale_sp,2020.2.3,MacIntel,60,,,,,,,,,22,lacayo,1,,,0,0,0.518,0,77,77,21,1,REAL,FALSA
,,,,,,,5c090a1a822fb40001a27936,001,2020-12-27_23h41.56.063,lextale_sp,2020.2.3,MacIntel,60,,,,,,,,,32,fatacidad,0,,,0,1,0.762,0,78,78,31,1,REAL,FALSA
,,,,,,,5c090a1a822fb40001a27936,001,2020-12-27_23h41.56.063,lextale_sp,2020.2.3,MacIntel,60,,,,,,,,,21,capillo,0,,,0,1,0.769,0,79,79,20,1,REAL,FALSA
,,,,,,,5c090a1a822fb40001a27936,001,2020-12-27_23h41.56.063,lextale_sp,2020.2.3,MacIntel,60,,,,,,,,,45,jilguero,1,,,0,0,0.535,0,80,80,44,1,REAL,FALSA
,,,,,,,5c090a1a822fb40001a27936,001,2020-12-27_23h41.56.063,lextale_sp,2020.2.3,MacIntel,60,,,,,,,,,76,atar,1,,,0,0,0.885,0,81,81,75,1,REAL,FALSA
,,,,,,,5c090a1a822fb40001a27936,001,2020-12-27_23h41.56.063,lextale_sp,2020.2.3,MacIntel,60,,,,,,,,,24,látigo,1,,,0,0,0.551,0,82,82,23,1,REAL,FALSA
,,,,,,,5c090a1a822fb40001a27936,001,2020-12-27_23h41.56.063,lextale_sp,2020.2.3,MacIntel,60,,,,,,,,,75,yacer,1,,,0,0,0.499,0,83,83,74,1,REAL,FALSA
,,,,,,,5c090a1a822fb40001a27936,001,2020-12-27_23h41.56.063,lextale_sp,2020.2.3,MacIntel,60,,,,,,,,,66,hacido,0,,,1,0,0.769,0,84,84,65,1,REAL,FALSA
,,,,,,,5c090a1a822fb40001a27936,001,2020-12-27_23h41.56.063,lextale_sp,2020.2.3,MacIntel,60,,,,,,,,,54,fomentar,1,,,1,1,0.868,0,85,85,53,1,REAL,FALSA
,,,,,,,5c090a1a822fb40001a27936,001,2020-12-27_23h41.56.063,lextale_sp,2020.2.3,MacIntel,60,,,,,,,,,36,loro,1,,,1,1,0.863,0,86,86,35,1,REAL,FALSA
,,,,,,,5c090a1a822fb40001a27936,001,2020-12-27_23h41.56.063,lextale_sp,2020.2.3,MacIntel,60,,,,,,,,,59,besar,1,,,1,1,2.154,0,87,87,58,1,REAL,FALSA
,,,,,,,5c090a1a822fb40001a27936,001,2020-12-27_23h41.56.063,lextale_sp,2020.2.3,MacIntel,60,,,,,,,,,40,alfombra,1,,,0,0,1.352,0,88,88,39,1,REAL,FALSA
,,,,,,,5c090a1a822fb40001a27936,001,2020-12-27_23h41.56.063,lextale_sp,2020.2.3,MacIntel,60,,,,,,,,,4,batillón,0,,,1,0,0.869,0,89,89,3,1,REAL,FALSA
