lextale_instructions_loop.thisRepN,lextale_instructions_loop.thisTrialN,lextale_instructions_loop.thisN,lextale_instructions_loop.thisIndex,lextale_instructions_loop.ran,instructions_text,continue_text,participant,session,date,expName,psychopyVersion,OS,frameRate,key_resp_lextale_practice.keys,key_resp_lextale_practice.corr,key_resp_lextale_practice.rt,lextale_practice_trials.thisRepN,lextale_practice_trials.thisTrialN,lextale_practice_trials.thisN,lextale_practice_trials.thisIndex,lextale_practice_trials.ran,stim,word,correct_response,prac_button_real,prac_button_false,key_resp_lextale_trial.keys,key_resp_lextale_trial.corr,key_resp_lextale_trial.rt,lextail_trials.thisRepN,lextail_trials.thisTrialN,lextail_trials.thisN,lextail_trials.thisIndex,lextail_trials.ran,button_real,button_false
0,0,0,0,1,"Este es un test de vocabulario en español. 
  
  A continuación vas a ver 90 secuencias de letras que parecen 'españolas'.
  
  Solo algunas de ellas son palabras de verdad.",(presiona la barra espaciadora para continuar),5c4e38e626093e000134fcb7,001,2020-12-30_11h14.17.574,lextale_sp,2020.2.3,MacIntel,60,,,,,,,,,,,,,,,,,,,,,,,
0,1,1,1,1,"Por favor, señala las palabras que tú conoces (aquellas que estás convencido que son palabras españolas, incluso aunque no seas capaz de dar el significado preciso).",(presiona la barra espaciadora para continuar),5c4e38e626093e000134fcb7,001,2020-12-30_11h14.17.574,lextale_sp,2020.2.3,MacIntel,60,,,,,,,,,,,,,,,,,,,,,,,
0,2,2,2,1,Pero cuidado: los errores se penalizan. Por eso no tiene sentido tratar de incrementar tu puntuación marcando como reales palabras que nunca has visto.,(presiona la barra espaciadora para continuar),5c4e38e626093e000134fcb7,001,2020-12-30_11h14.17.574,lextale_sp,2020.2.3,MacIntel,60,,,,,,,,,,,,,,,,,,,,,,,
0,3,3,3,1,"Presiona la tecla 1 si piensas que es una palabra real y la tecla 
  0 si piensas que es una palabra falsa. 
  
  Vamos a practicar un poco...",(presiona la barra espaciadora para continuar),5c4e38e626093e000134fcb7,001,2020-12-30_11h14.17.574,lextale_sp,2020.2.3,MacIntel,60,,,,,,,,,,,,,,,,,,,,,,,
,,,,,,,5c4e38e626093e000134fcb7,001,2020-12-30_11h14.17.574,lextale_sp,2020.2.3,MacIntel,60,0,1,3.317,0,0,0,0,1,0,depiste,0,REAL,FALSA,,,,,,,,,,
,,,,,,,5c4e38e626093e000134fcb7,001,2020-12-30_11h14.17.574,lextale_sp,2020.2.3,MacIntel,60,1,1,1.662,0,1,1,1,1,0,sí,1,REAL,FALSA,,,,,,,,,,
,,,,,,,5c4e38e626093e000134fcb7,001,2020-12-30_11h14.17.574,lextale_sp,2020.2.3,MacIntel,60,0,1,2.58,0,2,2,2,1,0,coné,0,REAL,FALSA,,,,,,,,,,
,,,,,,,5c4e38e626093e000134fcb7,001,2020-12-30_11h14.17.574,lextale_sp,2020.2.3,MacIntel,60,1,0,1.602,0,3,3,3,1,0,calpar,0,REAL,FALSA,,,,,,,,,,
,,,,,,,5c4e38e626093e000134fcb7,001,2020-12-30_11h14.17.574,lextale_sp,2020.2.3,MacIntel,60,0,1,1.463,0,4,4,4,1,0,joten,0,REAL,FALSA,,,,,,,,,,
,,,,,,,5c4e38e626093e000134fcb7,001,2020-12-30_11h14.17.574,lextale_sp,2020.2.3,MacIntel,60,1,1,2.915,0,5,5,5,1,0,sacapuntas,1,REAL,FALSA,,,,,,,,,,
,,,,,,,5c4e38e626093e000134fcb7,001,2020-12-30_11h14.17.574,lextale_sp,2020.2.3,MacIntel,60,0,1,1.352,0,6,6,6,1,0,priba,0,REAL,FALSA,,,,,,,,,,
,,,,,,,5c4e38e626093e000134fcb7,001,2020-12-30_11h14.17.574,lextale_sp,2020.2.3,MacIntel,60,0,1,1.849,0,7,7,7,1,0,pelasula,0,REAL,FALSA,,,,,,,,,,
,,,,,,,5c4e38e626093e000134fcb7,001,2020-12-30_11h14.17.574,lextale_sp,2020.2.3,MacIntel,60,1,1,1.064,0,8,8,8,1,0,bien,1,REAL,FALSA,,,,,,,,,,
,,,,,,,5c4e38e626093e000134fcb7,001,2020-12-30_11h14.17.574,lextale_sp,2020.2.3,MacIntel,60,1,1,0.963,0,9,9,9,1,0,casa,1,REAL,FALSA,,,,,,,,,,
,,,,,,,5c4e38e626093e000134fcb7,001,2020-12-30_11h14.17.574,lextale_sp,2020.2.3,MacIntel,60,0,1,3.343,0,10,10,10,1,0,lejo,0,REAL,FALSA,,,,,,,,,,
,,,,,,,5c4e38e626093e000134fcb7,001,2020-12-30_11h14.17.574,lextale_sp,2020.2.3,MacIntel,60,0,1,1.498,0,11,11,11,1,0,pretantas,0,REAL,FALSA,,,,,,,,,,
,,,,,,,5c4e38e626093e000134fcb7,001,2020-12-30_11h14.17.574,lextale_sp,2020.2.3,MacIntel,60,,,,,,,,,71,polvoriento,1,,,0,0,3.3,0,0,0,70,1,REAL,FALSA
,,,,,,,5c4e38e626093e000134fcb7,001,2020-12-30_11h14.17.574,lextale_sp,2020.2.3,MacIntel,60,,,,,,,,,79,tropaje,0,,,1,0,4.047,0,1,1,78,1,REAL,FALSA
,,,,,,,5c4e38e626093e000134fcb7,001,2020-12-30_11h14.17.574,lextale_sp,2020.2.3,MacIntel,60,,,,,,,,,80,hormiga,1,,,1,1,1.934,0,2,2,79,1,REAL,FALSA
,,,,,,,5c4e38e626093e000134fcb7,001,2020-12-30_11h14.17.574,lextale_sp,2020.2.3,MacIntel,60,,,,,,,,,8,cadeña,0,,,0,1,1.666,0,3,3,7,1,REAL,FALSA
,,,,,,,5c4e38e626093e000134fcb7,001,2020-12-30_11h14.17.574,lextale_sp,2020.2.3,MacIntel,60,,,,,,,,,35,rompido,0,,,0,1,1.263,0,4,4,34,1,REAL,FALSA
,,,,,,,5c4e38e626093e000134fcb7,001,2020-12-30_11h14.17.574,lextale_sp,2020.2.3,MacIntel,60,,,,,,,,,62,flaco,1,,,1,1,0.964,0,5,5,61,1,REAL,FALSA
,,,,,,,5c4e38e626093e000134fcb7,001,2020-12-30_11h14.17.574,lextale_sp,2020.2.3,MacIntel,60,,,,,,,,,58,plaudir,0,,,0,1,2.752,0,6,6,57,1,REAL,FALSA
,,,,,,,5c4e38e626093e000134fcb7,001,2020-12-30_11h14.17.574,lextale_sp,2020.2.3,MacIntel,60,,,,,,,,,76,atar,1,,,1,1,3.15,0,7,7,75,1,REAL,FALSA
,,,,,,,5c4e38e626093e000134fcb7,001,2020-12-30_11h14.17.574,lextale_sp,2020.2.3,MacIntel,60,,,,,,,,,36,loro,1,,,1,1,1.413,0,8,8,35,1,REAL,FALSA
,,,,,,,5c4e38e626093e000134fcb7,001,2020-12-30_11h14.17.574,lextale_sp,2020.2.3,MacIntel,60,,,,,,,,,25,bisagra,1,,,0,0,0.929,0,9,9,24,1,REAL,FALSA
,,,,,,,5c4e38e626093e000134fcb7,001,2020-12-30_11h14.17.574,lextale_sp,2020.2.3,MacIntel,60,,,,,,,,,2,pellizcar,1,,,0,0,1.149,0,10,10,1,1,REAL,FALSA
,,,,,,,5c4e38e626093e000134fcb7,001,2020-12-30_11h14.17.574,lextale_sp,2020.2.3,MacIntel,60,,,,,,,,,86,barato,1,,,1,1,1.029,0,11,11,85,1,REAL,FALSA
,,,,,,,5c4e38e626093e000134fcb7,001,2020-12-30_11h14.17.574,lextale_sp,2020.2.3,MacIntel,60,,,,,,,,,78,frondoso,1,,,0,0,0.98,0,12,12,77,1,REAL,FALSA
,,,,,,,5c4e38e626093e000134fcb7,001,2020-12-30_11h14.17.574,lextale_sp,2020.2.3,MacIntel,60,,,,,,,,,26,secuestro,1,,,1,1,0.912,0,13,13,25,1,REAL,FALSA
,,,,,,,5c4e38e626093e000134fcb7,001,2020-12-30_11h14.17.574,lextale_sp,2020.2.3,MacIntel,60,,,,,,,,,44,cuchara,1,,,1,1,0.801,0,14,14,43,1,REAL,FALSA
,,,,,,,5c4e38e626093e000134fcb7,001,2020-12-30_11h14.17.574,lextale_sp,2020.2.3,MacIntel,60,,,,,,,,,49,ganar,1,,,1,1,2.329,0,15,15,48,1,REAL,FALSA
,,,,,,,5c4e38e626093e000134fcb7,001,2020-12-30_11h14.17.574,lextale_sp,2020.2.3,MacIntel,60,,,,,,,,,38,estornudar,1,,,1,1,6.188,0,16,16,37,1,REAL,FALSA
,,,,,,,5c4e38e626093e000134fcb7,001,2020-12-30_11h14.17.574,lextale_sp,2020.2.3,MacIntel,60,,,,,,,,,15,regar,1,,,0,0,2.413,0,17,17,14,1,REAL,FALSA
,,,,,,,5c4e38e626093e000134fcb7,001,2020-12-30_11h14.17.574,lextale_sp,2020.2.3,MacIntel,60,,,,,,,,,73,hervidor,1,,,0,0,2.387,0,18,18,72,1,REAL,FALSA
,,,,,,,5c4e38e626093e000134fcb7,001,2020-12-30_11h14.17.574,lextale_sp,2020.2.3,MacIntel,60,,,,,,,,,1,terzo,0,,,0,1,1.21,0,19,19,0,1,REAL,FALSA
,,,,,,,5c4e38e626093e000134fcb7,001,2020-12-30_11h14.17.574,lextale_sp,2020.2.3,MacIntel,60,,,,,,,,,48,ladrón,1,,,1,1,0.857,0,20,20,47,1,REAL,FALSA
,,,,,,,5c4e38e626093e000134fcb7,001,2020-12-30_11h14.17.574,lextale_sp,2020.2.3,MacIntel,60,,,,,,,,,14,yunque,1,,,1,1,2.515,0,21,21,13,1,REAL,FALSA
,,,,,,,5c4e38e626093e000134fcb7,001,2020-12-30_11h14.17.574,lextale_sp,2020.2.3,MacIntel,60,,,,,,,,,45,jilguero,1,,,0,0,0.931,0,22,22,44,1,REAL,FALSA
,,,,,,,5c4e38e626093e000134fcb7,001,2020-12-30_11h14.17.574,lextale_sp,2020.2.3,MacIntel,60,,,,,,,,,33,pauca,0,,,0,1,0.88,0,23,23,32,1,REAL,FALSA
,,,,,,,5c4e38e626093e000134fcb7,001,2020-12-30_11h14.17.574,lextale_sp,2020.2.3,MacIntel,60,,,,,,,,,11,cenefa,1,,,0,0,0.866,0,24,24,10,1,REAL,FALSA
,,,,,,,5c4e38e626093e000134fcb7,001,2020-12-30_11h14.17.574,lextale_sp,2020.2.3,MacIntel,60,,,,,,,,,51,candado,1,,,1,1,1.3,0,25,25,50,1,REAL,FALSA
,,,,,,,5c4e38e626093e000134fcb7,001,2020-12-30_11h14.17.574,lextale_sp,2020.2.3,MacIntel,60,,,,,,,,,60,matar,1,,,1,1,1.153,0,26,26,59,1,REAL,FALSA
,,,,,,,5c4e38e626093e000134fcb7,001,2020-12-30_11h14.17.574,lextale_sp,2020.2.3,MacIntel,60,,,,,,,,,42,cadallo,0,,,0,1,1.38,0,27,27,41,1,REAL,FALSA
,,,,,,,5c4e38e626093e000134fcb7,001,2020-12-30_11h14.17.574,lextale_sp,2020.2.3,MacIntel,60,,,,,,,,,18,arsa,0,,,0,1,1.119,0,28,28,17,1,REAL,FALSA
,,,,,,,5c4e38e626093e000134fcb7,001,2020-12-30_11h14.17.574,lextale_sp,2020.2.3,MacIntel,60,,,,,,,,,21,capillo,0,,,1,0,0.879,0,29,29,20,1,REAL,FALSA
,,,,,,,5c4e38e626093e000134fcb7,001,2020-12-30_11h14.17.574,lextale_sp,2020.2.3,MacIntel,60,,,,,,,,,41,rebuscar,1,,,0,0,1.031,0,30,30,40,1,REAL,FALSA
,,,,,,,5c4e38e626093e000134fcb7,001,2020-12-30_11h14.17.574,lextale_sp,2020.2.3,MacIntel,60,,,,,,,,,23,lampera,0,,,1,0,1.052,0,31,31,22,1,REAL,FALSA
,,,,,,,5c4e38e626093e000134fcb7,001,2020-12-30_11h14.17.574,lextale_sp,2020.2.3,MacIntel,60,,,,,,,,,29,decar,0,,,0,1,2.412,0,32,32,28,1,REAL,FALSA
,,,,,,,5c4e38e626093e000134fcb7,001,2020-12-30_11h14.17.574,lextale_sp,2020.2.3,MacIntel,60,,,,,,,,,85,laúd,1,,,0,0,0.998,0,33,33,84,1,REAL,FALSA
,,,,,,,5c4e38e626093e000134fcb7,001,2020-12-30_11h14.17.574,lextale_sp,2020.2.3,MacIntel,60,,,,,,,,,39,torpe,1,,,1,1,0.762,0,34,34,38,1,REAL,FALSA
,,,,,,,5c4e38e626093e000134fcb7,001,2020-12-30_11h14.17.574,lextale_sp,2020.2.3,MacIntel,60,,,,,,,,,22,lacayo,1,,,0,0,1.025,0,35,35,21,1,REAL,FALSA
,,,,,,,5c4e38e626093e000134fcb7,001,2020-12-30_11h14.17.574,lextale_sp,2020.2.3,MacIntel,60,,,,,,,,,83,guante,1,,,1,1,1.144,0,36,36,82,1,REAL,FALSA
,,,,,,,5c4e38e626093e000134fcb7,001,2020-12-30_11h14.17.574,lextale_sp,2020.2.3,MacIntel,60,,,,,,,,,52,camisa,1,,,1,1,0.808,0,37,37,51,1,REAL,FALSA
,,,,,,,5c4e38e626093e000134fcb7,001,2020-12-30_11h14.17.574,lextale_sp,2020.2.3,MacIntel,60,,,,,,,,,67,cabello,1,,,1,1,0.787,0,38,38,66,1,REAL,FALSA
,,,,,,,5c4e38e626093e000134fcb7,001,2020-12-30_11h14.17.574,lextale_sp,2020.2.3,MacIntel,60,,,,,,,,,68,alegre,1,,,1,1,0.722,0,39,39,67,1,REAL,FALSA
,,,,,,,5c4e38e626093e000134fcb7,001,2020-12-30_11h14.17.574,lextale_sp,2020.2.3,MacIntel,60,,,,,,,,,84,escuto,0,,,0,1,0.898,0,40,40,83,1,REAL,FALSA
,,,,,,,5c4e38e626093e000134fcb7,001,2020-12-30_11h14.17.574,lextale_sp,2020.2.3,MacIntel,60,,,,,,,,,65,bizcocho,1,,,1,1,0.935,0,41,41,64,1,REAL,FALSA
,,,,,,,5c4e38e626093e000134fcb7,001,2020-12-30_11h14.17.574,lextale_sp,2020.2.3,MacIntel,60,,,,,,,,,66,hacido,0,,,0,1,1.102,0,42,42,65,1,REAL,FALSA
,,,,,,,5c4e38e626093e000134fcb7,001,2020-12-30_11h14.17.574,lextale_sp,2020.2.3,MacIntel,60,,,,,,,,,69,engatusar,1,,,0,0,1.782,0,43,43,68,1,REAL,FALSA
,,,,,,,5c4e38e626093e000134fcb7,001,2020-12-30_11h14.17.574,lextale_sp,2020.2.3,MacIntel,60,,,,,,,,,56,musgo,1,,,0,0,0.816,0,44,44,55,1,REAL,FALSA
,,,,,,,5c4e38e626093e000134fcb7,001,2020-12-30_11h14.17.574,lextale_sp,2020.2.3,MacIntel,60,,,,,,,,,9,hacha,1,,,1,1,0.92,0,45,45,8,1,REAL,FALSA
,,,,,,,5c4e38e626093e000134fcb7,001,2020-12-30_11h14.17.574,lextale_sp,2020.2.3,MacIntel,60,,,,,,,,,55,nevar,1,,,1,1,1.12,0,46,46,54,1,REAL,FALSA
,,,,,,,5c4e38e626093e000134fcb7,001,2020-12-30_11h14.17.574,lextale_sp,2020.2.3,MacIntel,60,,,,,,,,,82,empirador,0,,,0,1,3.216,0,47,47,81,1,REAL,FALSA
,,,,,,,5c4e38e626093e000134fcb7,001,2020-12-30_11h14.17.574,lextale_sp,2020.2.3,MacIntel,60,,,,,,,,,47,cartinar,0,,,0,1,0.937,0,48,48,46,1,REAL,FALSA
,,,,,,,5c4e38e626093e000134fcb7,001,2020-12-30_11h14.17.574,lextale_sp,2020.2.3,MacIntel,60,,,,,,,,,7,pésimo,1,,,1,1,3.616,0,49,49,6,1,REAL,FALSA
,,,,,,,5c4e38e626093e000134fcb7,001,2020-12-30_11h14.17.574,lextale_sp,2020.2.3,MacIntel,60,,,,,,,,,59,besar,1,,,1,1,0.712,0,50,50,58,1,REAL,FALSA
,,,,,,,5c4e38e626093e000134fcb7,001,2020-12-30_11h14.17.574,lextale_sp,2020.2.3,MacIntel,60,,,,,,,,,12,asesinato,1,,,1,1,1.067,0,51,51,11,1,REAL,FALSA
,,,,,,,5c4e38e626093e000134fcb7,001,2020-12-30_11h14.17.574,lextale_sp,2020.2.3,MacIntel,60,,,,,,,,,27,acutación,0,,,0,1,2.159,0,52,52,26,1,REAL,FALSA
,,,,,,,5c4e38e626093e000134fcb7,001,2020-12-30_11h14.17.574,lextale_sp,2020.2.3,MacIntel,60,,,,,,,,,77,tiburón,1,,,1,1,0.955,0,53,53,76,1,REAL,FALSA
,,,,,,,5c4e38e626093e000134fcb7,001,2020-12-30_11h14.17.574,lextale_sp,2020.2.3,MacIntel,60,,,,,,,,,89,prisa,1,,,1,1,0.878,0,54,54,88,1,REAL,FALSA
,,,,,,,5c4e38e626093e000134fcb7,001,2020-12-30_11h14.17.574,lextale_sp,2020.2.3,MacIntel,60,,,,,,,,,20,ávido,1,,,0,0,1.245,0,55,55,19,1,REAL,FALSA
,,,,,,,5c4e38e626093e000134fcb7,001,2020-12-30_11h14.17.574,lextale_sp,2020.2.3,MacIntel,60,,,,,,,,,72,pemición,0,,,0,1,1.683,0,56,56,71,1,REAL,FALSA
,,,,,,,5c4e38e626093e000134fcb7,001,2020-12-30_11h14.17.574,lextale_sp,2020.2.3,MacIntel,60,,,,,,,,,74,cintro,0,,,1,0,2.33,0,57,57,73,1,REAL,FALSA
,,,,,,,5c4e38e626093e000134fcb7,001,2020-12-30_11h14.17.574,lextale_sp,2020.2.3,MacIntel,60,,,,,,,,,3,pulmones,1,,,1,1,0.994,0,58,58,2,1,REAL,FALSA
,,,,,,,5c4e38e626093e000134fcb7,001,2020-12-30_11h14.17.574,lextale_sp,2020.2.3,MacIntel,60,,,,,,,,,90,clavel,1,,,0,0,1.374,0,59,59,89,1,REAL,FALSA
,,,,,,,5c4e38e626093e000134fcb7,001,2020-12-30_11h14.17.574,lextale_sp,2020.2.3,MacIntel,60,,,,,,,,,31,pandilla,1,,,0,0,2.209,0,60,60,30,1,REAL,FALSA
,,,,,,,5c4e38e626093e000134fcb7,001,2020-12-30_11h14.17.574,lextale_sp,2020.2.3,MacIntel,60,,,,,,,,,61,seda,1,,,1,1,1.077,0,61,61,60,1,REAL,FALSA
,,,,,,,5c4e38e626093e000134fcb7,001,2020-12-30_11h14.17.574,lextale_sp,2020.2.3,MacIntel,60,,,,,,,,,28,merodear,1,,,0,0,1.879,0,62,62,27,1,REAL,FALSA
,,,,,,,5c4e38e626093e000134fcb7,001,2020-12-30_11h14.17.574,lextale_sp,2020.2.3,MacIntel,60,,,,,,,,,37,granuja,1,,,0,0,1.54,0,63,63,36,1,REAL,FALSA
,,,,,,,5c4e38e626093e000134fcb7,001,2020-12-30_11h14.17.574,lextale_sp,2020.2.3,MacIntel,60,,,,,,,,,10,antar,0,,,0,1,0.859,0,64,64,9,1,REAL,FALSA
,,,,,,,5c4e38e626093e000134fcb7,001,2020-12-30_11h14.17.574,lextale_sp,2020.2.3,MacIntel,60,,,,,,,,,63,esposante,0,,,0,1,1.716,0,65,65,62,1,REAL,FALSA
,,,,,,,5c4e38e626093e000134fcb7,001,2020-12-30_11h14.17.574,lextale_sp,2020.2.3,MacIntel,60,,,,,,,,,34,aviso,1,,,1,1,1.059,0,66,66,33,1,REAL,FALSA
,,,,,,,5c4e38e626093e000134fcb7,001,2020-12-30_11h14.17.574,lextale_sp,2020.2.3,MacIntel,60,,,,,,,,,54,fomentar,1,,,0,0,1.182,0,67,67,53,1,REAL,FALSA
,,,,,,,5c4e38e626093e000134fcb7,001,2020-12-30_11h14.17.574,lextale_sp,2020.2.3,MacIntel,60,,,,,,,,,17,floroso,0,,,1,0,0.834,0,68,68,16,1,REAL,FALSA
,,,,,,,5c4e38e626093e000134fcb7,001,2020-12-30_11h14.17.574,lextale_sp,2020.2.3,MacIntel,60,,,,,,,,,13,helar,1,,,0,0,0.848,0,69,69,12,1,REAL,FALSA
,,,,,,,5c4e38e626093e000134fcb7,001,2020-12-30_11h14.17.574,lextale_sp,2020.2.3,MacIntel,60,,,,,,,,,53,vegada,0,,,0,1,0.957,0,70,70,52,1,REAL,FALSA
,,,,,,,5c4e38e626093e000134fcb7,001,2020-12-30_11h14.17.574,lextale_sp,2020.2.3,MacIntel,60,,,,,,,,,64,orgulloso,1,,,1,1,0.647,0,71,71,63,1,REAL,FALSA
,,,,,,,5c4e38e626093e000134fcb7,001,2020-12-30_11h14.17.574,lextale_sp,2020.2.3,MacIntel,60,,,,,,,,,16,abracer,0,,,0,1,1.261,0,72,72,15,1,REAL,FALSA
,,,,,,,5c4e38e626093e000134fcb7,001,2020-12-30_11h14.17.574,lextale_sp,2020.2.3,MacIntel,60,,,,,,,,,70,temblo,0,,,0,1,1.233,0,73,73,69,1,REAL,FALSA
,,,,,,,5c4e38e626093e000134fcb7,001,2020-12-30_11h14.17.574,lextale_sp,2020.2.3,MacIntel,60,,,,,,,,,81,pozo,1,,,0,0,0.982,0,74,74,80,1,REAL,FALSA
,,,,,,,5c4e38e626093e000134fcb7,001,2020-12-30_11h14.17.574,lextale_sp,2020.2.3,MacIntel,60,,,,,,,,,43,canela,1,,,1,1,2.279,0,75,75,42,1,REAL,FALSA
,,,,,,,5c4e38e626093e000134fcb7,001,2020-12-30_11h14.17.574,lextale_sp,2020.2.3,MacIntel,60,,,,,,,,,46,martillo,1,,,0,0,0.949,0,76,76,45,1,REAL,FALSA
,,,,,,,5c4e38e626093e000134fcb7,001,2020-12-30_11h14.17.574,lextale_sp,2020.2.3,MacIntel,60,,,,,,,,,5,zapato,1,,,1,1,0.918,0,77,77,4,1,REAL,FALSA
,,,,,,,5c4e38e626093e000134fcb7,001,2020-12-30_11h14.17.574,lextale_sp,2020.2.3,MacIntel,60,,,,,,,,,30,alardio,0,,,0,1,0.939,0,78,78,29,1,REAL,FALSA
,,,,,,,5c4e38e626093e000134fcb7,001,2020-12-30_11h14.17.574,lextale_sp,2020.2.3,MacIntel,60,,,,,,,,,75,yacer,1,,,1,1,1.23,0,79,79,74,1,REAL,FALSA
,,,,,,,5c4e38e626093e000134fcb7,001,2020-12-30_11h14.17.574,lextale_sp,2020.2.3,MacIntel,60,,,,,,,,,40,alfombra,1,,,1,1,0.918,0,80,80,39,1,REAL,FALSA
,,,,,,,5c4e38e626093e000134fcb7,001,2020-12-30_11h14.17.574,lextale_sp,2020.2.3,MacIntel,60,,,,,,,,,50,flamida,0,,,0,1,0.919,0,81,81,49,1,REAL,FALSA
,,,,,,,5c4e38e626093e000134fcb7,001,2020-12-30_11h14.17.574,lextale_sp,2020.2.3,MacIntel,60,,,,,,,,,19,brecedad,0,,,0,1,1.242,0,82,82,18,1,REAL,FALSA
,,,,,,,5c4e38e626093e000134fcb7,001,2020-12-30_11h14.17.574,lextale_sp,2020.2.3,MacIntel,60,,,,,,,,,87,grodo,0,,,0,1,1.32,0,83,83,86,1,REAL,FALSA
,,,,,,,5c4e38e626093e000134fcb7,001,2020-12-30_11h14.17.574,lextale_sp,2020.2.3,MacIntel,60,,,,,,,,,88,acantilado,1,,,0,0,1.189,0,84,84,87,1,REAL,FALSA
,,,,,,,5c4e38e626093e000134fcb7,001,2020-12-30_11h14.17.574,lextale_sp,2020.2.3,MacIntel,60,,,,,,,,,4,batillón,0,,,1,0,1.005,0,85,85,3,1,REAL,FALSA
,,,,,,,5c4e38e626093e000134fcb7,001,2020-12-30_11h14.17.574,lextale_sp,2020.2.3,MacIntel,60,,,,,,,,,24,látigo,1,,,0,0,2.398,0,86,86,23,1,REAL,FALSA
,,,,,,,5c4e38e626093e000134fcb7,001,2020-12-30_11h14.17.574,lextale_sp,2020.2.3,MacIntel,60,,,,,,,,,6,tergiversar,1,,,0,0,0.934,0,87,87,5,1,REAL,FALSA
,,,,,,,5c4e38e626093e000134fcb7,001,2020-12-30_11h14.17.574,lextale_sp,2020.2.3,MacIntel,60,,,,,,,,,57,tacaño,1,,,0,0,3.833,0,88,88,56,1,REAL,FALSA
,,,,,,,5c4e38e626093e000134fcb7,001,2020-12-30_11h14.17.574,lextale_sp,2020.2.3,MacIntel,60,,,,,,,,,32,fatacidad,0,,,0,1,1.632,0,89,89,31,1,REAL,FALSA
