lextale_instructions_loop.thisRepN,lextale_instructions_loop.thisTrialN,lextale_instructions_loop.thisN,lextale_instructions_loop.thisIndex,lextale_instructions_loop.ran,instructions_text,continue_text,participant,session,date,expName,psychopyVersion,OS,frameRate,key_resp_lextale_practice.keys,key_resp_lextale_practice.corr,key_resp_lextale_practice.rt,lextale_practice_trials.thisRepN,lextale_practice_trials.thisTrialN,lextale_practice_trials.thisN,lextale_practice_trials.thisIndex,lextale_practice_trials.ran,stim,word,correct_response,prac_button_real,prac_button_false,key_resp_lextale_trial.keys,key_resp_lextale_trial.corr,key_resp_lextale_trial.rt,lextail_trials.thisRepN,lextail_trials.thisTrialN,lextail_trials.thisN,lextail_trials.thisIndex,lextail_trials.ran,button_real,button_false
0,0,0,0,1,"Este es un test de vocabulario en español. 
  
  A continuación vas a ver 90 secuencias de letras que parecen 'españolas'.
  
  Solo algunas de ellas son palabras de verdad.",(presiona la barra espaciadora para continuar),5d2f8309fb16450018a79f66,001,2020-10-27_14h14.24.197,lextale_sp,2020.2.3,Win32,60,,,,,,,,,,,,,,,,,,,,,,,
0,1,1,1,1,"Por favor, señala las palabras que tú conoces (aquellas que estás convencido que son palabras españolas, incluso aunque no seas capaz de dar el significado preciso).",(presiona la barra espaciadora para continuar),5d2f8309fb16450018a79f66,001,2020-10-27_14h14.24.197,lextale_sp,2020.2.3,Win32,60,,,,,,,,,,,,,,,,,,,,,,,
0,2,2,2,1,Pero cuidado: los errores se penalizan. Por eso no tiene sentido tratar de incrementar tu puntuación marcando como reales palabras que nunca has visto.,(presiona la barra espaciadora para continuar),5d2f8309fb16450018a79f66,001,2020-10-27_14h14.24.197,lextale_sp,2020.2.3,Win32,60,,,,,,,,,,,,,,,,,,,,,,,
0,3,3,3,1,"Presiona la tecla 1 si piensas que es una palabra real y la tecla 
  0 si piensas que es una palabra falsa. 
  
  Vamos a practicar un poco...",(presiona la barra espaciadora para continuar),5d2f8309fb16450018a79f66,001,2020-10-27_14h14.24.197,lextale_sp,2020.2.3,Win32,60,,,,,,,,,,,,,,,,,,,,,,,
,,,,,,,5d2f8309fb16450018a79f66,001,2020-10-27_14h14.24.197,lextale_sp,2020.2.3,Win32,60,0,1,4.84774,0,0,0,0,1,0,depiste,0,REAL,FALSA,,,,,,,,,,
,,,,,,,5d2f8309fb16450018a79f66,001,2020-10-27_14h14.24.197,lextale_sp,2020.2.3,Win32,60,1,1,1.021745,0,1,1,1,1,0,sí,1,REAL,FALSA,,,,,,,,,,
,,,,,,,5d2f8309fb16450018a79f66,001,2020-10-27_14h14.24.197,lextale_sp,2020.2.3,Win32,60,0,1,1.58357,0,2,2,2,1,0,coné,0,REAL,FALSA,,,,,,,,,,
,,,,,,,5d2f8309fb16450018a79f66,001,2020-10-27_14h14.24.197,lextale_sp,2020.2.3,Win32,60,0,1,1.826815,0,3,3,3,1,0,calpar,0,REAL,FALSA,,,,,,,,,,
,,,,,,,5d2f8309fb16450018a79f66,001,2020-10-27_14h14.24.197,lextale_sp,2020.2.3,Win32,60,0,1,1.139095,0,4,4,4,1,0,joten,0,REAL,FALSA,,,,,,,,,,
,,,,,,,5d2f8309fb16450018a79f66,001,2020-10-27_14h14.24.197,lextale_sp,2020.2.3,Win32,60,1,1,1.13883,0,5,5,5,1,0,sacapuntas,1,REAL,FALSA,,,,,,,,,,
,,,,,,,5d2f8309fb16450018a79f66,001,2020-10-27_14h14.24.197,lextale_sp,2020.2.3,Win32,60,0,1,1.00002,0,6,6,6,1,0,priba,0,REAL,FALSA,,,,,,,,,,
,,,,,,,5d2f8309fb16450018a79f66,001,2020-10-27_14h14.24.197,lextale_sp,2020.2.3,Win32,60,0,1,1.173805,0,7,7,7,1,0,pelasula,0,REAL,FALSA,,,,,,,,,,
,,,,,,,5d2f8309fb16450018a79f66,001,2020-10-27_14h14.24.197,lextale_sp,2020.2.3,Win32,60,1,1,0.81555,0,8,8,8,1,0,bien,1,REAL,FALSA,,,,,,,,,,
,,,,,,,5d2f8309fb16450018a79f66,001,2020-10-27_14h14.24.197,lextale_sp,2020.2.3,Win32,60,1,1,0.840395,0,9,9,9,1,0,casa,1,REAL,FALSA,,,,,,,,,,
,,,,,,,5d2f8309fb16450018a79f66,001,2020-10-27_14h14.24.197,lextale_sp,2020.2.3,Win32,60,1,0,0.965245,0,10,10,10,1,0,lejo,0,REAL,FALSA,,,,,,,,,,
,,,,,,,5d2f8309fb16450018a79f66,001,2020-10-27_14h14.24.197,lextale_sp,2020.2.3,Win32,60,0,1,1.35439,0,11,11,11,1,0,pretantas,0,REAL,FALSA,,,,,,,,,,
,,,,,,,5d2f8309fb16450018a79f66,001,2020-10-27_14h14.24.197,lextale_sp,2020.2.3,Win32,60,,,,,,,,,56,musgo,1,,,0,0,0.90986,0,0,0,55,1,REAL,FALSA
,,,,,,,5d2f8309fb16450018a79f66,001,2020-10-27_14h14.24.197,lextale_sp,2020.2.3,Win32,60,,,,,,,,,19,brecedad,0,,,0,1,1.20171,0,1,1,18,1,REAL,FALSA
,,,,,,,5d2f8309fb16450018a79f66,001,2020-10-27_14h14.24.197,lextale_sp,2020.2.3,Win32,60,,,,,,,,,41,rebuscar,1,,,0,0,1.54886,0,2,2,40,1,REAL,FALSA
,,,,,,,5d2f8309fb16450018a79f66,001,2020-10-27_14h14.24.197,lextale_sp,2020.2.3,Win32,60,,,,,,,,,54,fomentar,1,,,0,0,1.45163,0,3,3,53,1,REAL,FALSA
,,,,,,,5d2f8309fb16450018a79f66,001,2020-10-27_14h14.24.197,lextale_sp,2020.2.3,Win32,60,,,,,,,,,6,tergiversar,1,,,0,0,2.048915,0,4,4,5,1,REAL,FALSA
,,,,,,,5d2f8309fb16450018a79f66,001,2020-10-27_14h14.24.197,lextale_sp,2020.2.3,Win32,60,,,,,,,,,73,hervidor,1,,,1,1,1.486445,0,5,5,72,1,REAL,FALSA
,,,,,,,5d2f8309fb16450018a79f66,001,2020-10-27_14h14.24.197,lextale_sp,2020.2.3,Win32,60,,,,,,,,,16,abracer,0,,,0,1,2.243475,0,6,6,15,1,REAL,FALSA
,,,,,,,5d2f8309fb16450018a79f66,001,2020-10-27_14h14.24.197,lextale_sp,2020.2.3,Win32,60,,,,,,,,,65,bizcocho,1,,,1,1,1.28511,0,7,7,64,1,REAL,FALSA
,,,,,,,5d2f8309fb16450018a79f66,001,2020-10-27_14h14.24.197,lextale_sp,2020.2.3,Win32,60,,,,,,,,,32,fatacidad,0,,,0,1,1.736585,0,8,8,31,1,REAL,FALSA
,,,,,,,5d2f8309fb16450018a79f66,001,2020-10-27_14h14.24.197,lextale_sp,2020.2.3,Win32,60,,,,,,,,,66,hacido,0,,,1,0,1.61863,0,9,9,65,1,REAL,FALSA
,,,,,,,5d2f8309fb16450018a79f66,001,2020-10-27_14h14.24.197,lextale_sp,2020.2.3,Win32,60,,,,,,,,,51,candado,1,,,0,0,1.167075,0,10,10,50,1,REAL,FALSA
,,,,,,,5d2f8309fb16450018a79f66,001,2020-10-27_14h14.24.197,lextale_sp,2020.2.3,Win32,60,,,,,,,,,15,regar,1,,,1,1,1.6251,0,11,11,14,1,REAL,FALSA
,,,,,,,5d2f8309fb16450018a79f66,001,2020-10-27_14h14.24.197,lextale_sp,2020.2.3,Win32,60,,,,,,,,,4,batillón,0,,,0,1,1.562715,0,12,12,3,1,REAL,FALSA
,,,,,,,5d2f8309fb16450018a79f66,001,2020-10-27_14h14.24.197,lextale_sp,2020.2.3,Win32,60,,,,,,,,,45,jilguero,1,,,0,0,1.420445,0,13,13,44,1,REAL,FALSA
,,,,,,,5d2f8309fb16450018a79f66,001,2020-10-27_14h14.24.197,lextale_sp,2020.2.3,Win32,60,,,,,,,,,27,acutación,0,,,0,1,2.82004,0,14,14,26,1,REAL,FALSA
,,,,,,,5d2f8309fb16450018a79f66,001,2020-10-27_14h14.24.197,lextale_sp,2020.2.3,Win32,60,,,,,,,,,69,engatusar,1,,,0,0,3.72356,0,15,15,68,1,REAL,FALSA
,,,,,,,5d2f8309fb16450018a79f66,001,2020-10-27_14h14.24.197,lextale_sp,2020.2.3,Win32,60,,,,,,,,,13,helar,1,,,0,0,2.998225,0,16,16,12,1,REAL,FALSA
,,,,,,,5d2f8309fb16450018a79f66,001,2020-10-27_14h14.24.197,lextale_sp,2020.2.3,Win32,60,,,,,,,,,72,pemición,0,,,0,1,2.19847,0,17,17,71,1,REAL,FALSA
,,,,,,,5d2f8309fb16450018a79f66,001,2020-10-27_14h14.24.197,lextale_sp,2020.2.3,Win32,60,,,,,,,,,74,cintro,0,,,0,1,1.465895,0,18,18,73,1,REAL,FALSA
,,,,,,,5d2f8309fb16450018a79f66,001,2020-10-27_14h14.24.197,lextale_sp,2020.2.3,Win32,60,,,,,,,,,88,acantilado,1,,,0,0,2.47346,0,19,19,87,1,REAL,FALSA
,,,,,,,5d2f8309fb16450018a79f66,001,2020-10-27_14h14.24.197,lextale_sp,2020.2.3,Win32,60,,,,,,,,,70,temblo,0,,,0,1,1.005945,0,20,20,69,1,REAL,FALSA
,,,,,,,5d2f8309fb16450018a79f66,001,2020-10-27_14h14.24.197,lextale_sp,2020.2.3,Win32,60,,,,,,,,,67,cabello,1,,,1,1,1.04088,0,21,21,66,1,REAL,FALSA
,,,,,,,5d2f8309fb16450018a79f66,001,2020-10-27_14h14.24.197,lextale_sp,2020.2.3,Win32,60,,,,,,,,,25,bisagra,1,,,0,0,1.51434,0,22,22,24,1,REAL,FALSA
,,,,,,,5d2f8309fb16450018a79f66,001,2020-10-27_14h14.24.197,lextale_sp,2020.2.3,Win32,60,,,,,,,,,24,látigo,1,,,0,0,1.007205,0,23,23,23,1,REAL,FALSA
,,,,,,,5d2f8309fb16450018a79f66,001,2020-10-27_14h14.24.197,lextale_sp,2020.2.3,Win32,60,,,,,,,,,68,alegre,1,,,1,1,1.034705,0,24,24,67,1,REAL,FALSA
,,,,,,,5d2f8309fb16450018a79f66,001,2020-10-27_14h14.24.197,lextale_sp,2020.2.3,Win32,60,,,,,,,,,29,decar,0,,,0,1,1.13913,0,25,25,28,1,REAL,FALSA
,,,,,,,5d2f8309fb16450018a79f66,001,2020-10-27_14h14.24.197,lextale_sp,2020.2.3,Win32,60,,,,,,,,,86,barato,1,,,1,1,0.88911,0,26,26,85,1,REAL,FALSA
,,,,,,,5d2f8309fb16450018a79f66,001,2020-10-27_14h14.24.197,lextale_sp,2020.2.3,Win32,60,,,,,,,,,42,cadallo,0,,,0,1,0.993405,0,27,27,41,1,REAL,FALSA
,,,,,,,5d2f8309fb16450018a79f66,001,2020-10-27_14h14.24.197,lextale_sp,2020.2.3,Win32,60,,,,,,,,,87,grodo,0,,,0,1,1.04215,0,28,28,86,1,REAL,FALSA
,,,,,,,5d2f8309fb16450018a79f66,001,2020-10-27_14h14.24.197,lextale_sp,2020.2.3,Win32,60,,,,,,,,,1,terzo,0,,,1,0,1.215605,0,29,29,0,1,REAL,FALSA
,,,,,,,5d2f8309fb16450018a79f66,001,2020-10-27_14h14.24.197,lextale_sp,2020.2.3,Win32,60,,,,,,,,,75,yacer,1,,,0,0,0.99322,0,30,30,74,1,REAL,FALSA
,,,,,,,5d2f8309fb16450018a79f66,001,2020-10-27_14h14.24.197,lextale_sp,2020.2.3,Win32,60,,,,,,,,,23,lampera,0,,,0,1,1.319815,0,31,31,22,1,REAL,FALSA
,,,,,,,5d2f8309fb16450018a79f66,001,2020-10-27_14h14.24.197,lextale_sp,2020.2.3,Win32,60,,,,,,,,,31,pandilla,1,,,0,0,1.65294,0,32,32,30,1,REAL,FALSA
,,,,,,,5d2f8309fb16450018a79f66,001,2020-10-27_14h14.24.197,lextale_sp,2020.2.3,Win32,60,,,,,,,,,55,nevar,1,,,1,1,1.423505,0,33,33,54,1,REAL,FALSA
,,,,,,,5d2f8309fb16450018a79f66,001,2020-10-27_14h14.24.197,lextale_sp,2020.2.3,Win32,60,,,,,,,,,52,camisa,1,,,1,1,0.79397,0,34,34,51,1,REAL,FALSA
,,,,,,,5d2f8309fb16450018a79f66,001,2020-10-27_14h14.24.197,lextale_sp,2020.2.3,Win32,60,,,,,,,,,57,tacaño,1,,,0,0,1.602165,0,35,35,56,1,REAL,FALSA
,,,,,,,5d2f8309fb16450018a79f66,001,2020-10-27_14h14.24.197,lextale_sp,2020.2.3,Win32,60,,,,,,,,,44,cuchara,1,,,1,1,0.969015,0,36,36,43,1,REAL,FALSA
,,,,,,,5d2f8309fb16450018a79f66,001,2020-10-27_14h14.24.197,lextale_sp,2020.2.3,Win32,60,,,,,,,,,49,ganar,1,,,1,1,0.83749,0,37,37,48,1,REAL,FALSA
,,,,,,,5d2f8309fb16450018a79f66,001,2020-10-27_14h14.24.197,lextale_sp,2020.2.3,Win32,60,,,,,,,,,40,alfombra,1,,,1,1,0.876205,0,38,38,39,1,REAL,FALSA
,,,,,,,5d2f8309fb16450018a79f66,001,2020-10-27_14h14.24.197,lextale_sp,2020.2.3,Win32,60,,,,,,,,,79,tropaje,0,,,0,1,1.120185,0,39,39,78,1,REAL,FALSA
,,,,,,,5d2f8309fb16450018a79f66,001,2020-10-27_14h14.24.197,lextale_sp,2020.2.3,Win32,60,,,,,,,,,37,granuja,1,,,0,0,1.44712,0,40,40,36,1,REAL,FALSA
,,,,,,,5d2f8309fb16450018a79f66,001,2020-10-27_14h14.24.197,lextale_sp,2020.2.3,Win32,60,,,,,,,,,82,empirador,0,,,1,0,1.956355,0,41,41,81,1,REAL,FALSA
,,,,,,,5d2f8309fb16450018a79f66,001,2020-10-27_14h14.24.197,lextale_sp,2020.2.3,Win32,60,,,,,,,,,10,antar,0,,,0,1,1.062825,0,42,42,9,1,REAL,FALSA
,,,,,,,5d2f8309fb16450018a79f66,001,2020-10-27_14h14.24.197,lextale_sp,2020.2.3,Win32,60,,,,,,,,,33,pauca,0,,,0,1,1.14646,0,43,43,32,1,REAL,FALSA
,,,,,,,5d2f8309fb16450018a79f66,001,2020-10-27_14h14.24.197,lextale_sp,2020.2.3,Win32,60,,,,,,,,,77,tiburón,1,,,1,1,0.74361,0,44,44,76,1,REAL,FALSA
,,,,,,,5d2f8309fb16450018a79f66,001,2020-10-27_14h14.24.197,lextale_sp,2020.2.3,Win32,60,,,,,,,,,84,escuto,0,,,0,1,1.028395,0,45,45,83,1,REAL,FALSA
,,,,,,,5d2f8309fb16450018a79f66,001,2020-10-27_14h14.24.197,lextale_sp,2020.2.3,Win32,60,,,,,,,,,3,pulmones,1,,,1,1,1.656755,0,46,46,2,1,REAL,FALSA
,,,,,,,5d2f8309fb16450018a79f66,001,2020-10-27_14h14.24.197,lextale_sp,2020.2.3,Win32,60,,,,,,,,,12,asesinato,1,,,1,1,1.486605,0,47,47,11,1,REAL,FALSA
,,,,,,,5d2f8309fb16450018a79f66,001,2020-10-27_14h14.24.197,lextale_sp,2020.2.3,Win32,60,,,,,,,,,80,hormiga,1,,,1,1,1.578845,0,48,48,79,1,REAL,FALSA
,,,,,,,5d2f8309fb16450018a79f66,001,2020-10-27_14h14.24.197,lextale_sp,2020.2.3,Win32,60,,,,,,,,,39,torpe,1,,,1,1,2.255725,0,49,49,38,1,REAL,FALSA
,,,,,,,5d2f8309fb16450018a79f66,001,2020-10-27_14h14.24.197,lextale_sp,2020.2.3,Win32,60,,,,,,,,,78,frondoso,1,,,0,0,0.82283,0,50,50,77,1,REAL,FALSA
,,,,,,,5d2f8309fb16450018a79f66,001,2020-10-27_14h14.24.197,lextale_sp,2020.2.3,Win32,60,,,,,,,,,30,alardio,0,,,0,1,0.903465,0,51,51,29,1,REAL,FALSA
,,,,,,,5d2f8309fb16450018a79f66,001,2020-10-27_14h14.24.197,lextale_sp,2020.2.3,Win32,60,,,,,,,,,62,flaco,1,,,1,1,0.78494,0,52,52,61,1,REAL,FALSA
,,,,,,,5d2f8309fb16450018a79f66,001,2020-10-27_14h14.24.197,lextale_sp,2020.2.3,Win32,60,,,,,,,,,34,aviso,1,,,1,1,0.78514,0,53,53,33,1,REAL,FALSA
,,,,,,,5d2f8309fb16450018a79f66,001,2020-10-27_14h14.24.197,lextale_sp,2020.2.3,Win32,60,,,,,,,,,50,flamida,0,,,0,1,1.396145,0,54,54,49,1,REAL,FALSA
,,,,,,,5d2f8309fb16450018a79f66,001,2020-10-27_14h14.24.197,lextale_sp,2020.2.3,Win32,60,,,,,,,,,28,merodear,1,,,0,0,1.583575,0,55,55,27,1,REAL,FALSA
,,,,,,,5d2f8309fb16450018a79f66,001,2020-10-27_14h14.24.197,lextale_sp,2020.2.3,Win32,60,,,,,,,,,5,zapato,1,,,1,1,0.708535,0,56,56,4,1,REAL,FALSA
,,,,,,,5d2f8309fb16450018a79f66,001,2020-10-27_14h14.24.197,lextale_sp,2020.2.3,Win32,60,,,,,,,,,60,matar,1,,,1,1,0.71533,0,57,57,59,1,REAL,FALSA
,,,,,,,5d2f8309fb16450018a79f66,001,2020-10-27_14h14.24.197,lextale_sp,2020.2.3,Win32,60,,,,,,,,,22,lacayo,1,,,0,0,0.722145,0,58,58,21,1,REAL,FALSA
,,,,,,,5d2f8309fb16450018a79f66,001,2020-10-27_14h14.24.197,lextale_sp,2020.2.3,Win32,60,,,,,,,,,89,prisa,1,,,1,1,0.81272,0,59,59,88,1,REAL,FALSA
,,,,,,,5d2f8309fb16450018a79f66,001,2020-10-27_14h14.24.197,lextale_sp,2020.2.3,Win32,60,,,,,,,,,81,pozo,1,,,0,0,0.93753,0,60,60,80,1,REAL,FALSA
,,,,,,,5d2f8309fb16450018a79f66,001,2020-10-27_14h14.24.197,lextale_sp,2020.2.3,Win32,60,,,,,,,,,17,floroso,0,,,1,0,0.840515,0,61,61,16,1,REAL,FALSA
,,,,,,,5d2f8309fb16450018a79f66,001,2020-10-27_14h14.24.197,lextale_sp,2020.2.3,Win32,60,,,,,,,,,48,ladrón,1,,,1,1,0.87382,0,62,62,47,1,REAL,FALSA
,,,,,,,5d2f8309fb16450018a79f66,001,2020-10-27_14h14.24.197,lextale_sp,2020.2.3,Win32,60,,,,,,,,,43,canela,1,,,1,1,2.29912,0,63,63,42,1,REAL,FALSA
,,,,,,,5d2f8309fb16450018a79f66,001,2020-10-27_14h14.24.197,lextale_sp,2020.2.3,Win32,60,,,,,,,,,63,esposante,0,,,0,1,1.611605,0,64,64,62,1,REAL,FALSA
,,,,,,,5d2f8309fb16450018a79f66,001,2020-10-27_14h14.24.197,lextale_sp,2020.2.3,Win32,60,,,,,,,,,76,atar,1,,,1,1,1.31394,0,65,65,75,1,REAL,FALSA
,,,,,,,5d2f8309fb16450018a79f66,001,2020-10-27_14h14.24.197,lextale_sp,2020.2.3,Win32,60,,,,,,,,,36,loro,1,,,1,1,0.83537,0,66,66,35,1,REAL,FALSA
,,,,,,,5d2f8309fb16450018a79f66,001,2020-10-27_14h14.24.197,lextale_sp,2020.2.3,Win32,60,,,,,,,,,18,arsa,0,,,0,1,1.11354,0,67,67,17,1,REAL,FALSA
,,,,,,,5d2f8309fb16450018a79f66,001,2020-10-27_14h14.24.197,lextale_sp,2020.2.3,Win32,60,,,,,,,,,21,capillo,0,,,1,0,0.771215,0,68,68,20,1,REAL,FALSA
,,,,,,,5d2f8309fb16450018a79f66,001,2020-10-27_14h14.24.197,lextale_sp,2020.2.3,Win32,60,,,,,,,,,9,hacha,1,,,0,0,1.189975,0,69,69,8,1,REAL,FALSA
,,,,,,,5d2f8309fb16450018a79f66,001,2020-10-27_14h14.24.197,lextale_sp,2020.2.3,Win32,60,,,,,,,,,90,clavel,1,,,0,0,1.130295,0,70,70,89,1,REAL,FALSA
,,,,,,,5d2f8309fb16450018a79f66,001,2020-10-27_14h14.24.197,lextale_sp,2020.2.3,Win32,60,,,,,,,,,8,cadeña,0,,,1,0,1.41848,0,71,71,7,1,REAL,FALSA
,,,,,,,5d2f8309fb16450018a79f66,001,2020-10-27_14h14.24.197,lextale_sp,2020.2.3,Win32,60,,,,,,,,,46,martillo,1,,,0,0,1.03187,0,72,72,45,1,REAL,FALSA
,,,,,,,5d2f8309fb16450018a79f66,001,2020-10-27_14h14.24.197,lextale_sp,2020.2.3,Win32,60,,,,,,,,,14,yunque,1,,,0,0,0.689645,0,73,73,13,1,REAL,FALSA
,,,,,,,5d2f8309fb16450018a79f66,001,2020-10-27_14h14.24.197,lextale_sp,2020.2.3,Win32,60,,,,,,,,,83,guante,1,,,0,0,1.005305,0,74,74,82,1,REAL,FALSA
,,,,,,,5d2f8309fb16450018a79f66,001,2020-10-27_14h14.24.197,lextale_sp,2020.2.3,Win32,60,,,,,,,,,71,polvoriento,1,,,0,0,0.923575,0,75,75,70,1,REAL,FALSA
,,,,,,,5d2f8309fb16450018a79f66,001,2020-10-27_14h14.24.197,lextale_sp,2020.2.3,Win32,60,,,,,,,,,61,seda,1,,,0,0,1.263505,0,76,76,60,1,REAL,FALSA
,,,,,,,5d2f8309fb16450018a79f66,001,2020-10-27_14h14.24.197,lextale_sp,2020.2.3,Win32,60,,,,,,,,,2,pellizcar,1,,,0,0,1.68643,0,77,77,1,1,REAL,FALSA
,,,,,,,5d2f8309fb16450018a79f66,001,2020-10-27_14h14.24.197,lextale_sp,2020.2.3,Win32,60,,,,,,,,,53,vegada,0,,,0,1,1.076845,0,78,78,52,1,REAL,FALSA
,,,,,,,5d2f8309fb16450018a79f66,001,2020-10-27_14h14.24.197,lextale_sp,2020.2.3,Win32,60,,,,,,,,,11,cenefa,1,,,0,0,1.013975,0,79,79,10,1,REAL,FALSA
,,,,,,,5d2f8309fb16450018a79f66,001,2020-10-27_14h14.24.197,lextale_sp,2020.2.3,Win32,60,,,,,,,,,35,rompido,0,,,1,0,1.5073,0,80,80,34,1,REAL,FALSA
,,,,,,,5d2f8309fb16450018a79f66,001,2020-10-27_14h14.24.197,lextale_sp,2020.2.3,Win32,60,,,,,,,,,26,secuestro,1,,,1,1,0.875285,0,81,81,25,1,REAL,FALSA
,,,,,,,5d2f8309fb16450018a79f66,001,2020-10-27_14h14.24.197,lextale_sp,2020.2.3,Win32,60,,,,,,,,,64,orgulloso,1,,,1,1,0.79184,0,82,82,63,1,REAL,FALSA
,,,,,,,5d2f8309fb16450018a79f66,001,2020-10-27_14h14.24.197,lextale_sp,2020.2.3,Win32,60,,,,,,,,,7,pésimo,1,,,1,1,0.98636,0,83,83,6,1,REAL,FALSA
,,,,,,,5d2f8309fb16450018a79f66,001,2020-10-27_14h14.24.197,lextale_sp,2020.2.3,Win32,60,,,,,,,,,38,estornudar,1,,,0,0,0.91432,0,84,84,37,1,REAL,FALSA
,,,,,,,5d2f8309fb16450018a79f66,001,2020-10-27_14h14.24.197,lextale_sp,2020.2.3,Win32,60,,,,,,,,,20,ávido,1,,,1,1,1.60483,0,85,85,19,1,REAL,FALSA
,,,,,,,5d2f8309fb16450018a79f66,001,2020-10-27_14h14.24.197,lextale_sp,2020.2.3,Win32,60,,,,,,,,,59,besar,1,,,1,1,0.771295,0,86,86,58,1,REAL,FALSA
,,,,,,,5d2f8309fb16450018a79f66,001,2020-10-27_14h14.24.197,lextale_sp,2020.2.3,Win32,60,,,,,,,,,85,laúd,1,,,0,0,0.893105,0,87,87,84,1,REAL,FALSA
,,,,,,,5d2f8309fb16450018a79f66,001,2020-10-27_14h14.24.197,lextale_sp,2020.2.3,Win32,60,,,,,,,,,47,cartinar,0,,,0,1,1.52096,0,88,88,46,1,REAL,FALSA
,,,,,,,5d2f8309fb16450018a79f66,001,2020-10-27_14h14.24.197,lextale_sp,2020.2.3,Win32,60,,,,,,,,,58,plaudir,0,,,0,1,1.88022,0,89,89,57,1,REAL,FALSA
