lextale_instructions_loop.thisRepN,lextale_instructions_loop.thisTrialN,lextale_instructions_loop.thisN,lextale_instructions_loop.thisIndex,lextale_instructions_loop.ran,instructions_text,continue_text,participant,session,date,expName,psychopyVersion,OS,frameRate,key_resp_lextale_practice.keys,key_resp_lextale_practice.corr,key_resp_lextale_practice.rt,lextale_practice_trials.thisRepN,lextale_practice_trials.thisTrialN,lextale_practice_trials.thisN,lextale_practice_trials.thisIndex,lextale_practice_trials.ran,stim,word,correct_response,prac_button_real,prac_button_false,key_resp_lextale_trial.keys,key_resp_lextale_trial.corr,key_resp_lextale_trial.rt,lextail_trials.thisRepN,lextail_trials.thisTrialN,lextail_trials.thisN,lextail_trials.thisIndex,lextail_trials.ran,button_real,button_false
0,0,0,0,1,"Este es un test de vocabulario en español. 
  
  A continuación vas a ver 90 secuencias de letras que parecen 'españolas'.
  
  Solo algunas de ellas son palabras de verdad.",(presiona la barra espaciadora para continuar),5d924f2a5b219e00183ae94b,001,2020-12-14_01h51.54.830,lextale_sp,2020.2.3,Win32,60,,,,,,,,,,,,,,,,,,,,,,,
0,1,1,1,1,"Por favor, señala las palabras que tú conoces (aquellas que estás convencido que son palabras españolas, incluso aunque no seas capaz de dar el significado preciso).",(presiona la barra espaciadora para continuar),5d924f2a5b219e00183ae94b,001,2020-12-14_01h51.54.830,lextale_sp,2020.2.3,Win32,60,,,,,,,,,,,,,,,,,,,,,,,
0,2,2,2,1,Pero cuidado: los errores se penalizan. Por eso no tiene sentido tratar de incrementar tu puntuación marcando como reales palabras que nunca has visto.,(presiona la barra espaciadora para continuar),5d924f2a5b219e00183ae94b,001,2020-12-14_01h51.54.830,lextale_sp,2020.2.3,Win32,60,,,,,,,,,,,,,,,,,,,,,,,
0,3,3,3,1,"Presiona la tecla 1 si piensas que es una palabra real y la tecla 
  0 si piensas que es una palabra falsa. 
  
  Vamos a practicar un poco...",(presiona la barra espaciadora para continuar),5d924f2a5b219e00183ae94b,001,2020-12-14_01h51.54.830,lextale_sp,2020.2.3,Win32,60,,,,,,,,,,,,,,,,,,,,,,,
,,,,,,,5d924f2a5b219e00183ae94b,001,2020-12-14_01h51.54.830,lextale_sp,2020.2.3,Win32,60,0,1,15.35024,0,0,0,0,1,0,depiste,0,REAL,FALSA,,,,,,,,,,
,,,,,,,5d924f2a5b219e00183ae94b,001,2020-12-14_01h51.54.830,lextale_sp,2020.2.3,Win32,60,1,1,1.736825,0,1,1,1,1,0,sí,1,REAL,FALSA,,,,,,,,,,
,,,,,,,5d924f2a5b219e00183ae94b,001,2020-12-14_01h51.54.830,lextale_sp,2020.2.3,Win32,60,1,0,2.300835,0,2,2,2,1,0,coné,0,REAL,FALSA,,,,,,,,,,
,,,,,,,5d924f2a5b219e00183ae94b,001,2020-12-14_01h51.54.830,lextale_sp,2020.2.3,Win32,60,0,1,1.74675,0,3,3,3,1,0,calpar,0,REAL,FALSA,,,,,,,,,,
,,,,,,,5d924f2a5b219e00183ae94b,001,2020-12-14_01h51.54.830,lextale_sp,2020.2.3,Win32,60,0,1,1.430455,0,4,4,4,1,0,joten,0,REAL,FALSA,,,,,,,,,,
,,,,,,,5d924f2a5b219e00183ae94b,001,2020-12-14_01h51.54.830,lextale_sp,2020.2.3,Win32,60,1,1,1.76325,0,5,5,5,1,0,sacapuntas,1,REAL,FALSA,,,,,,,,,,
,,,,,,,5d924f2a5b219e00183ae94b,001,2020-12-14_01h51.54.830,lextale_sp,2020.2.3,Win32,60,0,1,1.39169,0,6,6,6,1,0,priba,0,REAL,FALSA,,,,,,,,,,
,,,,,,,5d924f2a5b219e00183ae94b,001,2020-12-14_01h51.54.830,lextale_sp,2020.2.3,Win32,60,1,0,1.178825,0,7,7,7,1,0,pelasula,0,REAL,FALSA,,,,,,,,,,
,,,,,,,5d924f2a5b219e00183ae94b,001,2020-12-14_01h51.54.830,lextale_sp,2020.2.3,Win32,60,0,0,1.219285,0,8,8,8,1,0,bien,1,REAL,FALSA,,,,,,,,,,
,,,,,,,5d924f2a5b219e00183ae94b,001,2020-12-14_01h51.54.830,lextale_sp,2020.2.3,Win32,60,1,1,0.80362,0,9,9,9,1,0,casa,1,REAL,FALSA,,,,,,,,,,
,,,,,,,5d924f2a5b219e00183ae94b,001,2020-12-14_01h51.54.830,lextale_sp,2020.2.3,Win32,60,1,0,1.199715,0,10,10,10,1,0,lejo,0,REAL,FALSA,,,,,,,,,,
,,,,,,,5d924f2a5b219e00183ae94b,001,2020-12-14_01h51.54.830,lextale_sp,2020.2.3,Win32,60,1,0,3.247665,0,11,11,11,1,0,pretantas,0,REAL,FALSA,,,,,,,,,,
,,,,,,,5d924f2a5b219e00183ae94b,001,2020-12-14_01h51.54.830,lextale_sp,2020.2.3,Win32,60,,,,,,,,,11,cenefa,1,,,1,1,2.52086,0,0,0,10,1,REAL,FALSA
,,,,,,,5d924f2a5b219e00183ae94b,001,2020-12-14_01h51.54.830,lextale_sp,2020.2.3,Win32,60,,,,,,,,,75,yacer,1,,,0,0,1.854555,0,1,1,74,1,REAL,FALSA
,,,,,,,5d924f2a5b219e00183ae94b,001,2020-12-14_01h51.54.830,lextale_sp,2020.2.3,Win32,60,,,,,,,,,70,temblo,0,,,1,0,0.62821,0,2,2,69,1,REAL,FALSA
,,,,,,,5d924f2a5b219e00183ae94b,001,2020-12-14_01h51.54.830,lextale_sp,2020.2.3,Win32,60,,,,,,,,,13,helar,1,,,1,1,1.060925,0,3,3,12,1,REAL,FALSA
,,,,,,,5d924f2a5b219e00183ae94b,001,2020-12-14_01h51.54.830,lextale_sp,2020.2.3,Win32,60,,,,,,,,,20,ávido,1,,,1,1,0.945805,0,4,4,19,1,REAL,FALSA
,,,,,,,5d924f2a5b219e00183ae94b,001,2020-12-14_01h51.54.830,lextale_sp,2020.2.3,Win32,60,,,,,,,,,76,atar,1,,,0,0,0.778875,0,5,5,75,1,REAL,FALSA
,,,,,,,5d924f2a5b219e00183ae94b,001,2020-12-14_01h51.54.830,lextale_sp,2020.2.3,Win32,60,,,,,,,,,7,pésimo,1,,,1,1,0.69641,0,6,6,6,1,REAL,FALSA
,,,,,,,5d924f2a5b219e00183ae94b,001,2020-12-14_01h51.54.830,lextale_sp,2020.2.3,Win32,60,,,,,,,,,5,zapato,1,,,1,1,1.054645,0,7,7,4,1,REAL,FALSA
,,,,,,,5d924f2a5b219e00183ae94b,001,2020-12-14_01h51.54.830,lextale_sp,2020.2.3,Win32,60,,,,,,,,,36,loro,1,,,1,1,1.22603,0,8,8,35,1,REAL,FALSA
,,,,,,,5d924f2a5b219e00183ae94b,001,2020-12-14_01h51.54.830,lextale_sp,2020.2.3,Win32,60,,,,,,,,,23,lampera,0,,,1,0,1.01528,0,9,9,22,1,REAL,FALSA
,,,,,,,5d924f2a5b219e00183ae94b,001,2020-12-14_01h51.54.830,lextale_sp,2020.2.3,Win32,60,,,,,,,,,60,matar,1,,,0,0,0.90275,0,10,10,59,1,REAL,FALSA
,,,,,,,5d924f2a5b219e00183ae94b,001,2020-12-14_01h51.54.830,lextale_sp,2020.2.3,Win32,60,,,,,,,,,30,alardio,0,,,1,0,0.66041,0,11,11,29,1,REAL,FALSA
,,,,,,,5d924f2a5b219e00183ae94b,001,2020-12-14_01h51.54.830,lextale_sp,2020.2.3,Win32,60,,,,,,,,,25,bisagra,1,,,0,0,1.18905,0,12,12,24,1,REAL,FALSA
,,,,,,,5d924f2a5b219e00183ae94b,001,2020-12-14_01h51.54.830,lextale_sp,2020.2.3,Win32,60,,,,,,,,,8,cadeña,0,,,1,0,0.854005,0,13,13,7,1,REAL,FALSA
,,,,,,,5d924f2a5b219e00183ae94b,001,2020-12-14_01h51.54.830,lextale_sp,2020.2.3,Win32,60,,,,,,,,,56,musgo,1,,,1,1,0.796845,0,14,14,55,1,REAL,FALSA
,,,,,,,5d924f2a5b219e00183ae94b,001,2020-12-14_01h51.54.830,lextale_sp,2020.2.3,Win32,60,,,,,,,,,2,pellizcar,1,,,0,0,1.27045,0,15,15,1,1,REAL,FALSA
,,,,,,,5d924f2a5b219e00183ae94b,001,2020-12-14_01h51.54.830,lextale_sp,2020.2.3,Win32,60,,,,,,,,,29,decar,0,,,1,0,1.359515,0,16,16,28,1,REAL,FALSA
,,,,,,,5d924f2a5b219e00183ae94b,001,2020-12-14_01h51.54.830,lextale_sp,2020.2.3,Win32,60,,,,,,,,,80,hormiga,1,,,1,1,0.794715,0,17,17,79,1,REAL,FALSA
,,,,,,,5d924f2a5b219e00183ae94b,001,2020-12-14_01h51.54.830,lextale_sp,2020.2.3,Win32,60,,,,,,,,,6,tergiversar,1,,,0,0,1.19957,0,18,18,5,1,REAL,FALSA
,,,,,,,5d924f2a5b219e00183ae94b,001,2020-12-14_01h51.54.830,lextale_sp,2020.2.3,Win32,60,,,,,,,,,44,cuchara,1,,,1,1,1.42034,0,19,19,43,1,REAL,FALSA
,,,,,,,5d924f2a5b219e00183ae94b,001,2020-12-14_01h51.54.830,lextale_sp,2020.2.3,Win32,60,,,,,,,,,28,merodear,1,,,0,0,1.747675,0,20,20,27,1,REAL,FALSA
,,,,,,,5d924f2a5b219e00183ae94b,001,2020-12-14_01h51.54.830,lextale_sp,2020.2.3,Win32,60,,,,,,,,,39,torpe,1,,,1,1,0.92035,0,21,21,38,1,REAL,FALSA
,,,,,,,5d924f2a5b219e00183ae94b,001,2020-12-14_01h51.54.830,lextale_sp,2020.2.3,Win32,60,,,,,,,,,86,barato,1,,,1,1,0.84355,0,22,22,85,1,REAL,FALSA
,,,,,,,5d924f2a5b219e00183ae94b,001,2020-12-14_01h51.54.830,lextale_sp,2020.2.3,Win32,60,,,,,,,,,24,látigo,1,,,1,1,1.09604,0,23,23,23,1,REAL,FALSA
,,,,,,,5d924f2a5b219e00183ae94b,001,2020-12-14_01h51.54.830,lextale_sp,2020.2.3,Win32,60,,,,,,,,,41,rebuscar,1,,,0,0,1.177515,0,24,24,40,1,REAL,FALSA
,,,,,,,5d924f2a5b219e00183ae94b,001,2020-12-14_01h51.54.830,lextale_sp,2020.2.3,Win32,60,,,,,,,,,9,hacha,1,,,0,0,0.907945,0,25,25,8,1,REAL,FALSA
,,,,,,,5d924f2a5b219e00183ae94b,001,2020-12-14_01h51.54.830,lextale_sp,2020.2.3,Win32,60,,,,,,,,,81,pozo,1,,,1,1,0.89751,0,26,26,80,1,REAL,FALSA
,,,,,,,5d924f2a5b219e00183ae94b,001,2020-12-14_01h51.54.830,lextale_sp,2020.2.3,Win32,60,,,,,,,,,72,pemición,0,,,1,0,1.00066,0,27,27,71,1,REAL,FALSA
,,,,,,,5d924f2a5b219e00183ae94b,001,2020-12-14_01h51.54.830,lextale_sp,2020.2.3,Win32,60,,,,,,,,,19,brecedad,0,,,0,1,0.8411,0,28,28,18,1,REAL,FALSA
,,,,,,,5d924f2a5b219e00183ae94b,001,2020-12-14_01h51.54.830,lextale_sp,2020.2.3,Win32,60,,,,,,,,,85,laúd,1,,,1,1,0.742695,0,29,29,84,1,REAL,FALSA
,,,,,,,5d924f2a5b219e00183ae94b,001,2020-12-14_01h51.54.830,lextale_sp,2020.2.3,Win32,60,,,,,,,,,3,pulmones,1,,,1,1,1.179215,0,30,30,2,1,REAL,FALSA
,,,,,,,5d924f2a5b219e00183ae94b,001,2020-12-14_01h51.54.830,lextale_sp,2020.2.3,Win32,60,,,,,,,,,57,tacaño,1,,,1,1,0.99682,0,31,31,56,1,REAL,FALSA
,,,,,,,5d924f2a5b219e00183ae94b,001,2020-12-14_01h51.54.830,lextale_sp,2020.2.3,Win32,60,,,,,,,,,27,acutación,0,,,0,1,1.737225,0,32,32,26,1,REAL,FALSA
,,,,,,,5d924f2a5b219e00183ae94b,001,2020-12-14_01h51.54.830,lextale_sp,2020.2.3,Win32,60,,,,,,,,,64,orgulloso,1,,,1,1,1.88238,0,33,33,63,1,REAL,FALSA
,,,,,,,5d924f2a5b219e00183ae94b,001,2020-12-14_01h51.54.830,lextale_sp,2020.2.3,Win32,60,,,,,,,,,77,tiburón,1,,,1,1,1.676955,0,34,34,76,1,REAL,FALSA
,,,,,,,5d924f2a5b219e00183ae94b,001,2020-12-14_01h51.54.830,lextale_sp,2020.2.3,Win32,60,,,,,,,,,4,batillón,0,,,1,0,1.003585,0,35,35,3,1,REAL,FALSA
,,,,,,,5d924f2a5b219e00183ae94b,001,2020-12-14_01h51.54.830,lextale_sp,2020.2.3,Win32,60,,,,,,,,,74,cintro,0,,,0,1,1.82631,0,36,36,73,1,REAL,FALSA
,,,,,,,5d924f2a5b219e00183ae94b,001,2020-12-14_01h51.54.830,lextale_sp,2020.2.3,Win32,60,,,,,,,,,48,ladrón,1,,,1,1,0.62761,0,37,37,47,1,REAL,FALSA
,,,,,,,5d924f2a5b219e00183ae94b,001,2020-12-14_01h51.54.830,lextale_sp,2020.2.3,Win32,60,,,,,,,,,83,guante,1,,,1,1,0.94107,0,38,38,82,1,REAL,FALSA
,,,,,,,5d924f2a5b219e00183ae94b,001,2020-12-14_01h51.54.830,lextale_sp,2020.2.3,Win32,60,,,,,,,,,89,prisa,1,,,1,1,0.83986,0,39,39,88,1,REAL,FALSA
,,,,,,,5d924f2a5b219e00183ae94b,001,2020-12-14_01h51.54.830,lextale_sp,2020.2.3,Win32,60,,,,,,,,,88,acantilado,1,,,1,1,0.887755,0,40,40,87,1,REAL,FALSA
,,,,,,,5d924f2a5b219e00183ae94b,001,2020-12-14_01h51.54.830,lextale_sp,2020.2.3,Win32,60,,,,,,,,,34,aviso,1,,,1,1,0.684985,0,41,41,33,1,REAL,FALSA
,,,,,,,5d924f2a5b219e00183ae94b,001,2020-12-14_01h51.54.830,lextale_sp,2020.2.3,Win32,60,,,,,,,,,14,yunque,1,,,1,1,1.010035,0,42,42,13,1,REAL,FALSA
,,,,,,,5d924f2a5b219e00183ae94b,001,2020-12-14_01h51.54.830,lextale_sp,2020.2.3,Win32,60,,,,,,,,,63,esposante,0,,,1,0,0.9397,0,43,43,62,1,REAL,FALSA
,,,,,,,5d924f2a5b219e00183ae94b,001,2020-12-14_01h51.54.830,lextale_sp,2020.2.3,Win32,60,,,,,,,,,84,escuto,0,,,1,0,0.756215,0,44,44,83,1,REAL,FALSA
,,,,,,,5d924f2a5b219e00183ae94b,001,2020-12-14_01h51.54.830,lextale_sp,2020.2.3,Win32,60,,,,,,,,,22,lacayo,1,,,1,1,0.70192,0,45,45,21,1,REAL,FALSA
,,,,,,,5d924f2a5b219e00183ae94b,001,2020-12-14_01h51.54.830,lextale_sp,2020.2.3,Win32,60,,,,,,,,,73,hervidor,1,,,0,0,1.019155,0,46,46,72,1,REAL,FALSA
,,,,,,,5d924f2a5b219e00183ae94b,001,2020-12-14_01h51.54.830,lextale_sp,2020.2.3,Win32,60,,,,,,,,,54,fomentar,1,,,0,0,0.86718,0,47,47,53,1,REAL,FALSA
,,,,,,,5d924f2a5b219e00183ae94b,001,2020-12-14_01h51.54.830,lextale_sp,2020.2.3,Win32,60,,,,,,,,,31,pandilla,1,,,1,1,0.713525,0,48,48,30,1,REAL,FALSA
,,,,,,,5d924f2a5b219e00183ae94b,001,2020-12-14_01h51.54.830,lextale_sp,2020.2.3,Win32,60,,,,,,,,,50,flamida,0,,,0,1,0.818075,0,49,49,49,1,REAL,FALSA
,,,,,,,5d924f2a5b219e00183ae94b,001,2020-12-14_01h51.54.830,lextale_sp,2020.2.3,Win32,60,,,,,,,,,79,tropaje,0,,,0,1,0.86636,0,50,50,78,1,REAL,FALSA
,,,,,,,5d924f2a5b219e00183ae94b,001,2020-12-14_01h51.54.830,lextale_sp,2020.2.3,Win32,60,,,,,,,,,47,cartinar,0,,,1,0,0.629545,0,51,51,46,1,REAL,FALSA
,,,,,,,5d924f2a5b219e00183ae94b,001,2020-12-14_01h51.54.830,lextale_sp,2020.2.3,Win32,60,,,,,,,,,90,clavel,1,,,1,1,0.872245,0,52,52,89,1,REAL,FALSA
,,,,,,,5d924f2a5b219e00183ae94b,001,2020-12-14_01h51.54.830,lextale_sp,2020.2.3,Win32,60,,,,,,,,,53,vegada,0,,,1,0,0.817355,0,53,53,52,1,REAL,FALSA
,,,,,,,5d924f2a5b219e00183ae94b,001,2020-12-14_01h51.54.830,lextale_sp,2020.2.3,Win32,60,,,,,,,,,18,arsa,0,,,1,0,0.737065,0,54,54,17,1,REAL,FALSA
,,,,,,,5d924f2a5b219e00183ae94b,001,2020-12-14_01h51.54.830,lextale_sp,2020.2.3,Win32,60,,,,,,,,,66,hacido,0,,,1,0,0.65511,0,55,55,65,1,REAL,FALSA
,,,,,,,5d924f2a5b219e00183ae94b,001,2020-12-14_01h51.54.830,lextale_sp,2020.2.3,Win32,60,,,,,,,,,26,secuestro,1,,,1,1,0.93565,0,56,56,25,1,REAL,FALSA
,,,,,,,5d924f2a5b219e00183ae94b,001,2020-12-14_01h51.54.830,lextale_sp,2020.2.3,Win32,60,,,,,,,,,12,asesinato,1,,,1,1,0.68836,0,57,57,11,1,REAL,FALSA
,,,,,,,5d924f2a5b219e00183ae94b,001,2020-12-14_01h51.54.830,lextale_sp,2020.2.3,Win32,60,,,,,,,,,46,martillo,1,,,1,1,0.8886,0,58,58,45,1,REAL,FALSA
,,,,,,,5d924f2a5b219e00183ae94b,001,2020-12-14_01h51.54.830,lextale_sp,2020.2.3,Win32,60,,,,,,,,,40,alfombra,1,,,0,0,1.1922,0,59,59,39,1,REAL,FALSA
,,,,,,,5d924f2a5b219e00183ae94b,001,2020-12-14_01h51.54.830,lextale_sp,2020.2.3,Win32,60,,,,,,,,,69,engatusar,1,,,1,1,0.736195,0,60,60,68,1,REAL,FALSA
,,,,,,,5d924f2a5b219e00183ae94b,001,2020-12-14_01h51.54.830,lextale_sp,2020.2.3,Win32,60,,,,,,,,,37,granuja,1,,,1,1,1.29401,0,61,61,36,1,REAL,FALSA
,,,,,,,5d924f2a5b219e00183ae94b,001,2020-12-14_01h51.54.830,lextale_sp,2020.2.3,Win32,60,,,,,,,,,61,seda,1,,,1,1,1.008145,0,62,62,60,1,REAL,FALSA
,,,,,,,5d924f2a5b219e00183ae94b,001,2020-12-14_01h51.54.830,lextale_sp,2020.2.3,Win32,60,,,,,,,,,17,floroso,0,,,1,0,0.646525,0,63,63,16,1,REAL,FALSA
,,,,,,,5d924f2a5b219e00183ae94b,001,2020-12-14_01h51.54.830,lextale_sp,2020.2.3,Win32,60,,,,,,,,,65,bizcocho,1,,,1,1,0.68428,0,64,64,64,1,REAL,FALSA
,,,,,,,5d924f2a5b219e00183ae94b,001,2020-12-14_01h51.54.830,lextale_sp,2020.2.3,Win32,60,,,,,,,,,62,flaco,1,,,1,1,0.79638,0,65,65,61,1,REAL,FALSA
,,,,,,,5d924f2a5b219e00183ae94b,001,2020-12-14_01h51.54.830,lextale_sp,2020.2.3,Win32,60,,,,,,,,,82,empirador,0,,,1,0,1.022635,0,66,66,81,1,REAL,FALSA
,,,,,,,5d924f2a5b219e00183ae94b,001,2020-12-14_01h51.54.830,lextale_sp,2020.2.3,Win32,60,,,,,,,,,15,regar,1,,,0,0,0.907965,0,67,67,14,1,REAL,FALSA
,,,,,,,5d924f2a5b219e00183ae94b,001,2020-12-14_01h51.54.830,lextale_sp,2020.2.3,Win32,60,,,,,,,,,16,abracer,0,,,1,0,0.77838,0,68,68,15,1,REAL,FALSA
,,,,,,,5d924f2a5b219e00183ae94b,001,2020-12-14_01h51.54.830,lextale_sp,2020.2.3,Win32,60,,,,,,,,,78,frondoso,1,,,1,1,1.06547,0,69,69,77,1,REAL,FALSA
,,,,,,,5d924f2a5b219e00183ae94b,001,2020-12-14_01h51.54.830,lextale_sp,2020.2.3,Win32,60,,,,,,,,,51,candado,1,,,1,1,1.047905,0,70,70,50,1,REAL,FALSA
,,,,,,,5d924f2a5b219e00183ae94b,001,2020-12-14_01h51.54.830,lextale_sp,2020.2.3,Win32,60,,,,,,,,,49,ganar,1,,,0,0,1.05172,0,71,71,48,1,REAL,FALSA
,,,,,,,5d924f2a5b219e00183ae94b,001,2020-12-14_01h51.54.830,lextale_sp,2020.2.3,Win32,60,,,,,,,,,67,cabello,1,,,1,1,0.769685,0,72,72,66,1,REAL,FALSA
,,,,,,,5d924f2a5b219e00183ae94b,001,2020-12-14_01h51.54.830,lextale_sp,2020.2.3,Win32,60,,,,,,,,,68,alegre,1,,,0,0,0.79909,0,73,73,67,1,REAL,FALSA
,,,,,,,5d924f2a5b219e00183ae94b,001,2020-12-14_01h51.54.830,lextale_sp,2020.2.3,Win32,60,,,,,,,,,43,canela,1,,,1,1,1.006135,0,74,74,42,1,REAL,FALSA
,,,,,,,5d924f2a5b219e00183ae94b,001,2020-12-14_01h51.54.830,lextale_sp,2020.2.3,Win32,60,,,,,,,,,35,rompido,0,,,1,0,0.655945,0,75,75,34,1,REAL,FALSA
,,,,,,,5d924f2a5b219e00183ae94b,001,2020-12-14_01h51.54.830,lextale_sp,2020.2.3,Win32,60,,,,,,,,,38,estornudar,1,,,0,0,1.037065,0,76,76,37,1,REAL,FALSA
,,,,,,,5d924f2a5b219e00183ae94b,001,2020-12-14_01h51.54.830,lextale_sp,2020.2.3,Win32,60,,,,,,,,,10,antar,0,,,0,1,0.952295,0,77,77,9,1,REAL,FALSA
,,,,,,,5d924f2a5b219e00183ae94b,001,2020-12-14_01h51.54.830,lextale_sp,2020.2.3,Win32,60,,,,,,,,,59,besar,1,,,0,0,1.500425,0,78,78,58,1,REAL,FALSA
,,,,,,,5d924f2a5b219e00183ae94b,001,2020-12-14_01h51.54.830,lextale_sp,2020.2.3,Win32,60,,,,,,,,,55,nevar,1,,,0,0,1.335685,0,79,79,54,1,REAL,FALSA
,,,,,,,5d924f2a5b219e00183ae94b,001,2020-12-14_01h51.54.830,lextale_sp,2020.2.3,Win32,60,,,,,,,,,71,polvoriento,1,,,1,1,0.832485,0,80,80,70,1,REAL,FALSA
,,,,,,,5d924f2a5b219e00183ae94b,001,2020-12-14_01h51.54.830,lextale_sp,2020.2.3,Win32,60,,,,,,,,,32,fatacidad,0,,,1,0,0.898755,0,81,81,31,1,REAL,FALSA
,,,,,,,5d924f2a5b219e00183ae94b,001,2020-12-14_01h51.54.830,lextale_sp,2020.2.3,Win32,60,,,,,,,,,42,cadallo,0,,,1,0,1.026435,0,82,82,41,1,REAL,FALSA
,,,,,,,5d924f2a5b219e00183ae94b,001,2020-12-14_01h51.54.830,lextale_sp,2020.2.3,Win32,60,,,,,,,,,52,camisa,1,,,0,0,0.890925,0,83,83,51,1,REAL,FALSA
,,,,,,,5d924f2a5b219e00183ae94b,001,2020-12-14_01h51.54.830,lextale_sp,2020.2.3,Win32,60,,,,,,,,,21,capillo,0,,,1,0,0.53973,0,84,84,20,1,REAL,FALSA
,,,,,,,5d924f2a5b219e00183ae94b,001,2020-12-14_01h51.54.830,lextale_sp,2020.2.3,Win32,60,,,,,,,,,87,grodo,0,,,1,0,0.55344,0,85,85,86,1,REAL,FALSA
,,,,,,,5d924f2a5b219e00183ae94b,001,2020-12-14_01h51.54.830,lextale_sp,2020.2.3,Win32,60,,,,,,,,,1,terzo,0,,,1,0,0.57257,0,86,86,0,1,REAL,FALSA
,,,,,,,5d924f2a5b219e00183ae94b,001,2020-12-14_01h51.54.830,lextale_sp,2020.2.3,Win32,60,,,,,,,,,33,pauca,0,,,1,0,0.83473,0,87,87,32,1,REAL,FALSA
,,,,,,,5d924f2a5b219e00183ae94b,001,2020-12-14_01h51.54.830,lextale_sp,2020.2.3,Win32,60,,,,,,,,,58,plaudir,0,,,0,1,0.859815,0,88,88,57,1,REAL,FALSA
,,,,,,,5d924f2a5b219e00183ae94b,001,2020-12-14_01h51.54.830,lextale_sp,2020.2.3,Win32,60,,,,,,,,,45,jilguero,1,,,1,1,0.661625,0,89,89,44,1,REAL,FALSA
