lextale_instructions_loop.thisRepN,lextale_instructions_loop.thisTrialN,lextale_instructions_loop.thisN,lextale_instructions_loop.thisIndex,lextale_instructions_loop.ran,instructions_text,continue_text,participant,session,date,expName,psychopyVersion,OS,frameRate,key_resp_lextale_practice.keys,key_resp_lextale_practice.corr,key_resp_lextale_practice.rt,lextale_practice_trials.thisRepN,lextale_practice_trials.thisTrialN,lextale_practice_trials.thisN,lextale_practice_trials.thisIndex,lextale_practice_trials.ran,stim,word,correct_response,prac_button_real,prac_button_false,key_resp_lextale_trial.keys,key_resp_lextale_trial.corr,key_resp_lextale_trial.rt,lextail_trials.thisRepN,lextail_trials.thisTrialN,lextail_trials.thisN,lextail_trials.thisIndex,lextail_trials.ran,button_real,button_false
0,0,0,0,1,"Este es un test de vocabulario en español. 
  
  A continuación vas a ver 90 secuencias de letras que parecen 'españolas'.
  
  Solo algunas de ellas son palabras de verdad.",(presiona la barra espaciadora para continuar),5e27868c5cbbcc0b3599574b,001,2020-12-14_00h05.49.965,lextale_sp,2020.2.3,Win32,60,,,,,,,,,,,,,,,,,,,,,,,
0,1,1,1,1,"Por favor, señala las palabras que tú conoces (aquellas que estás convencido que son palabras españolas, incluso aunque no seas capaz de dar el significado preciso).",(presiona la barra espaciadora para continuar),5e27868c5cbbcc0b3599574b,001,2020-12-14_00h05.49.965,lextale_sp,2020.2.3,Win32,60,,,,,,,,,,,,,,,,,,,,,,,
0,2,2,2,1,Pero cuidado: los errores se penalizan. Por eso no tiene sentido tratar de incrementar tu puntuación marcando como reales palabras que nunca has visto.,(presiona la barra espaciadora para continuar),5e27868c5cbbcc0b3599574b,001,2020-12-14_00h05.49.965,lextale_sp,2020.2.3,Win32,60,,,,,,,,,,,,,,,,,,,,,,,
0,3,3,3,1,"Presiona la tecla 1 si piensas que es una palabra real y la tecla 
  0 si piensas que es una palabra falsa. 
  
  Vamos a practicar un poco...",(presiona la barra espaciadora para continuar),5e27868c5cbbcc0b3599574b,001,2020-12-14_00h05.49.965,lextale_sp,2020.2.3,Win32,60,,,,,,,,,,,,,,,,,,,,,,,
,,,,,,,5e27868c5cbbcc0b3599574b,001,2020-12-14_00h05.49.965,lextale_sp,2020.2.3,Win32,60,1,0,1.124705,0,0,0,0,1,0,depiste,0,REAL,FALSA,,,,,,,,,,
,,,,,,,5e27868c5cbbcc0b3599574b,001,2020-12-14_00h05.49.965,lextale_sp,2020.2.3,Win32,60,1,1,0.792385,0,1,1,1,1,0,sí,1,REAL,FALSA,,,,,,,,,,
,,,,,,,5e27868c5cbbcc0b3599574b,001,2020-12-14_00h05.49.965,lextale_sp,2020.2.3,Win32,60,0,1,0.70042,0,2,2,2,1,0,coné,0,REAL,FALSA,,,,,,,,,,
,,,,,,,5e27868c5cbbcc0b3599574b,001,2020-12-14_00h05.49.965,lextale_sp,2020.2.3,Win32,60,0,1,0.597165,0,3,3,3,1,0,calpar,0,REAL,FALSA,,,,,,,,,,
,,,,,,,5e27868c5cbbcc0b3599574b,001,2020-12-14_00h05.49.965,lextale_sp,2020.2.3,Win32,60,0,1,0.601305,0,4,4,4,1,0,joten,0,REAL,FALSA,,,,,,,,,,
,,,,,,,5e27868c5cbbcc0b3599574b,001,2020-12-14_00h05.49.965,lextale_sp,2020.2.3,Win32,60,1,1,1.08363,0,5,5,5,1,0,sacapuntas,1,REAL,FALSA,,,,,,,,,,
,,,,,,,5e27868c5cbbcc0b3599574b,001,2020-12-14_00h05.49.965,lextale_sp,2020.2.3,Win32,60,0,1,0.62408,0,6,6,6,1,0,priba,0,REAL,FALSA,,,,,,,,,,
,,,,,,,5e27868c5cbbcc0b3599574b,001,2020-12-14_00h05.49.965,lextale_sp,2020.2.3,Win32,60,0,1,0.966385,0,7,7,7,1,0,pelasula,0,REAL,FALSA,,,,,,,,,,
,,,,,,,5e27868c5cbbcc0b3599574b,001,2020-12-14_00h05.49.965,lextale_sp,2020.2.3,Win32,60,1,1,0.54143,0,8,8,8,1,0,bien,1,REAL,FALSA,,,,,,,,,,
,,,,,,,5e27868c5cbbcc0b3599574b,001,2020-12-14_00h05.49.965,lextale_sp,2020.2.3,Win32,60,1,1,0.60355,0,9,9,9,1,0,casa,1,REAL,FALSA,,,,,,,,,,
,,,,,,,5e27868c5cbbcc0b3599574b,001,2020-12-14_00h05.49.965,lextale_sp,2020.2.3,Win32,60,0,1,1.15134,0,10,10,10,1,0,lejo,0,REAL,FALSA,,,,,,,,,,
,,,,,,,5e27868c5cbbcc0b3599574b,001,2020-12-14_00h05.49.965,lextale_sp,2020.2.3,Win32,60,0,1,0.703675,0,11,11,11,1,0,pretantas,0,REAL,FALSA,,,,,,,,,,
,,,,,,,5e27868c5cbbcc0b3599574b,001,2020-12-14_00h05.49.965,lextale_sp,2020.2.3,Win32,60,,,,,,,,,60,matar,1,,,1,1,0.828245,0,0,0,59,1,REAL,FALSA
,,,,,,,5e27868c5cbbcc0b3599574b,001,2020-12-14_00h05.49.965,lextale_sp,2020.2.3,Win32,60,,,,,,,,,22,lacayo,1,,,0,0,0.65417,0,1,1,21,1,REAL,FALSA
,,,,,,,5e27868c5cbbcc0b3599574b,001,2020-12-14_00h05.49.965,lextale_sp,2020.2.3,Win32,60,,,,,,,,,83,guante,1,,,0,0,0.725115,0,2,2,82,1,REAL,FALSA
,,,,,,,5e27868c5cbbcc0b3599574b,001,2020-12-14_00h05.49.965,lextale_sp,2020.2.3,Win32,60,,,,,,,,,71,polvoriento,1,,,0,0,0.78701,0,3,3,70,1,REAL,FALSA
,,,,,,,5e27868c5cbbcc0b3599574b,001,2020-12-14_00h05.49.965,lextale_sp,2020.2.3,Win32,60,,,,,,,,,34,aviso,1,,,1,1,0.67615,0,4,4,33,1,REAL,FALSA
,,,,,,,5e27868c5cbbcc0b3599574b,001,2020-12-14_00h05.49.965,lextale_sp,2020.2.3,Win32,60,,,,,,,,,8,cadeña,0,,,0,1,0.737175,0,5,5,7,1,REAL,FALSA
,,,,,,,5e27868c5cbbcc0b3599574b,001,2020-12-14_00h05.49.965,lextale_sp,2020.2.3,Win32,60,,,,,,,,,55,nevar,1,,,1,1,0.702085,0,6,6,54,1,REAL,FALSA
,,,,,,,5e27868c5cbbcc0b3599574b,001,2020-12-14_00h05.49.965,lextale_sp,2020.2.3,Win32,60,,,,,,,,,57,tacaño,1,,,0,0,1.30579,0,7,7,56,1,REAL,FALSA
,,,,,,,5e27868c5cbbcc0b3599574b,001,2020-12-14_00h05.49.965,lextale_sp,2020.2.3,Win32,60,,,,,,,,,43,canela,1,,,1,1,1.785105,0,8,8,42,1,REAL,FALSA
,,,,,,,5e27868c5cbbcc0b3599574b,001,2020-12-14_00h05.49.965,lextale_sp,2020.2.3,Win32,60,,,,,,,,,61,seda,1,,,0,0,0.77507,0,9,9,60,1,REAL,FALSA
,,,,,,,5e27868c5cbbcc0b3599574b,001,2020-12-14_00h05.49.965,lextale_sp,2020.2.3,Win32,60,,,,,,,,,79,tropaje,0,,,0,1,0.743705,0,10,10,78,1,REAL,FALSA
,,,,,,,5e27868c5cbbcc0b3599574b,001,2020-12-14_00h05.49.965,lextale_sp,2020.2.3,Win32,60,,,,,,,,,27,acutación,0,,,0,1,1.030135,0,11,11,26,1,REAL,FALSA
,,,,,,,5e27868c5cbbcc0b3599574b,001,2020-12-14_00h05.49.965,lextale_sp,2020.2.3,Win32,60,,,,,,,,,56,musgo,1,,,0,0,0.87797,0,12,12,55,1,REAL,FALSA
,,,,,,,5e27868c5cbbcc0b3599574b,001,2020-12-14_00h05.49.965,lextale_sp,2020.2.3,Win32,60,,,,,,,,,1,terzo,0,,,1,0,0.66974,0,13,13,0,1,REAL,FALSA
,,,,,,,5e27868c5cbbcc0b3599574b,001,2020-12-14_00h05.49.965,lextale_sp,2020.2.3,Win32,60,,,,,,,,,37,granuja,1,,,0,0,0.71228,0,14,14,36,1,REAL,FALSA
,,,,,,,5e27868c5cbbcc0b3599574b,001,2020-12-14_00h05.49.965,lextale_sp,2020.2.3,Win32,60,,,,,,,,,15,regar,1,,,0,0,0.64173,0,15,15,14,1,REAL,FALSA
,,,,,,,5e27868c5cbbcc0b3599574b,001,2020-12-14_00h05.49.965,lextale_sp,2020.2.3,Win32,60,,,,,,,,,80,hormiga,1,,,1,1,0.790045,0,16,16,79,1,REAL,FALSA
,,,,,,,5e27868c5cbbcc0b3599574b,001,2020-12-14_00h05.49.965,lextale_sp,2020.2.3,Win32,60,,,,,,,,,90,clavel,1,,,0,0,0.732535,0,17,17,89,1,REAL,FALSA
,,,,,,,5e27868c5cbbcc0b3599574b,001,2020-12-14_00h05.49.965,lextale_sp,2020.2.3,Win32,60,,,,,,,,,41,rebuscar,1,,,1,1,0.81897,0,18,18,40,1,REAL,FALSA
,,,,,,,5e27868c5cbbcc0b3599574b,001,2020-12-14_00h05.49.965,lextale_sp,2020.2.3,Win32,60,,,,,,,,,12,asesinato,1,,,1,1,1.461345,0,19,19,11,1,REAL,FALSA
,,,,,,,5e27868c5cbbcc0b3599574b,001,2020-12-14_00h05.49.965,lextale_sp,2020.2.3,Win32,60,,,,,,,,,42,cadallo,0,,,0,1,0.70464,0,20,20,41,1,REAL,FALSA
,,,,,,,5e27868c5cbbcc0b3599574b,001,2020-12-14_00h05.49.965,lextale_sp,2020.2.3,Win32,60,,,,,,,,,19,brecedad,0,,,0,1,0.854985,0,21,21,18,1,REAL,FALSA
,,,,,,,5e27868c5cbbcc0b3599574b,001,2020-12-14_00h05.49.965,lextale_sp,2020.2.3,Win32,60,,,,,,,,,52,camisa,1,,,1,1,0.694375,0,22,22,51,1,REAL,FALSA
,,,,,,,5e27868c5cbbcc0b3599574b,001,2020-12-14_00h05.49.965,lextale_sp,2020.2.3,Win32,60,,,,,,,,,4,batillón,0,,,0,1,0.63017,0,23,23,3,1,REAL,FALSA
,,,,,,,5e27868c5cbbcc0b3599574b,001,2020-12-14_00h05.49.965,lextale_sp,2020.2.3,Win32,60,,,,,,,,,6,tergiversar,1,,,0,0,1.11951,0,24,24,5,1,REAL,FALSA
,,,,,,,5e27868c5cbbcc0b3599574b,001,2020-12-14_00h05.49.965,lextale_sp,2020.2.3,Win32,60,,,,,,,,,30,alardio,0,,,0,1,1.270185,0,25,25,29,1,REAL,FALSA
,,,,,,,5e27868c5cbbcc0b3599574b,001,2020-12-14_00h05.49.965,lextale_sp,2020.2.3,Win32,60,,,,,,,,,40,alfombra,1,,,0,0,2.445905,0,26,26,39,1,REAL,FALSA
,,,,,,,5e27868c5cbbcc0b3599574b,001,2020-12-14_00h05.49.965,lextale_sp,2020.2.3,Win32,60,,,,,,,,,48,ladrón,1,,,1,1,0.97413,0,27,27,47,1,REAL,FALSA
,,,,,,,5e27868c5cbbcc0b3599574b,001,2020-12-14_00h05.49.965,lextale_sp,2020.2.3,Win32,60,,,,,,,,,74,cintro,0,,,1,0,1.14151,0,28,28,73,1,REAL,FALSA
,,,,,,,5e27868c5cbbcc0b3599574b,001,2020-12-14_00h05.49.965,lextale_sp,2020.2.3,Win32,60,,,,,,,,,16,abracer,0,,,1,0,1.172265,0,29,29,15,1,REAL,FALSA
,,,,,,,5e27868c5cbbcc0b3599574b,001,2020-12-14_00h05.49.965,lextale_sp,2020.2.3,Win32,60,,,,,,,,,58,plaudir,0,,,0,1,0.72425,0,30,30,57,1,REAL,FALSA
,,,,,,,5e27868c5cbbcc0b3599574b,001,2020-12-14_00h05.49.965,lextale_sp,2020.2.3,Win32,60,,,,,,,,,59,besar,1,,,1,1,0.997435,0,31,31,58,1,REAL,FALSA
,,,,,,,5e27868c5cbbcc0b3599574b,001,2020-12-14_00h05.49.965,lextale_sp,2020.2.3,Win32,60,,,,,,,,,84,escuto,0,,,0,1,0.74859,0,32,32,83,1,REAL,FALSA
,,,,,,,5e27868c5cbbcc0b3599574b,001,2020-12-14_00h05.49.965,lextale_sp,2020.2.3,Win32,60,,,,,,,,,88,acantilado,1,,,0,0,0.81094,0,33,33,87,1,REAL,FALSA
,,,,,,,5e27868c5cbbcc0b3599574b,001,2020-12-14_00h05.49.965,lextale_sp,2020.2.3,Win32,60,,,,,,,,,75,yacer,1,,,0,0,0.71789,0,34,34,74,1,REAL,FALSA
,,,,,,,5e27868c5cbbcc0b3599574b,001,2020-12-14_00h05.49.965,lextale_sp,2020.2.3,Win32,60,,,,,,,,,46,martillo,1,,,0,0,0.67951,0,35,35,45,1,REAL,FALSA
,,,,,,,5e27868c5cbbcc0b3599574b,001,2020-12-14_00h05.49.965,lextale_sp,2020.2.3,Win32,60,,,,,,,,,45,jilguero,1,,,0,0,0.637715,0,36,36,44,1,REAL,FALSA
,,,,,,,5e27868c5cbbcc0b3599574b,001,2020-12-14_00h05.49.965,lextale_sp,2020.2.3,Win32,60,,,,,,,,,36,loro,1,,,0,0,0.735295,0,37,37,35,1,REAL,FALSA
,,,,,,,5e27868c5cbbcc0b3599574b,001,2020-12-14_00h05.49.965,lextale_sp,2020.2.3,Win32,60,,,,,,,,,23,lampera,0,,,1,0,0.619135,0,38,38,22,1,REAL,FALSA
,,,,,,,5e27868c5cbbcc0b3599574b,001,2020-12-14_00h05.49.965,lextale_sp,2020.2.3,Win32,60,,,,,,,,,70,temblo,0,,,1,0,0.854425,0,39,39,69,1,REAL,FALSA
,,,,,,,5e27868c5cbbcc0b3599574b,001,2020-12-14_00h05.49.965,lextale_sp,2020.2.3,Win32,60,,,,,,,,,64,orgulloso,1,,,1,1,0.734175,0,40,40,63,1,REAL,FALSA
,,,,,,,5e27868c5cbbcc0b3599574b,001,2020-12-14_00h05.49.965,lextale_sp,2020.2.3,Win32,60,,,,,,,,,89,prisa,1,,,0,0,1.145285,0,41,41,88,1,REAL,FALSA
,,,,,,,5e27868c5cbbcc0b3599574b,001,2020-12-14_00h05.49.965,lextale_sp,2020.2.3,Win32,60,,,,,,,,,32,fatacidad,0,,,0,1,0.606695,0,42,42,31,1,REAL,FALSA
,,,,,,,5e27868c5cbbcc0b3599574b,001,2020-12-14_00h05.49.965,lextale_sp,2020.2.3,Win32,60,,,,,,,,,50,flamida,0,,,0,1,0.85719,0,43,43,49,1,REAL,FALSA
,,,,,,,5e27868c5cbbcc0b3599574b,001,2020-12-14_00h05.49.965,lextale_sp,2020.2.3,Win32,60,,,,,,,,,62,flaco,1,,,1,1,1.304195,0,44,44,61,1,REAL,FALSA
,,,,,,,5e27868c5cbbcc0b3599574b,001,2020-12-14_00h05.49.965,lextale_sp,2020.2.3,Win32,60,,,,,,,,,5,zapato,1,,,1,1,0.595605,0,45,45,4,1,REAL,FALSA
,,,,,,,5e27868c5cbbcc0b3599574b,001,2020-12-14_00h05.49.965,lextale_sp,2020.2.3,Win32,60,,,,,,,,,20,ávido,1,,,0,0,1.047085,0,46,46,19,1,REAL,FALSA
,,,,,,,5e27868c5cbbcc0b3599574b,001,2020-12-14_00h05.49.965,lextale_sp,2020.2.3,Win32,60,,,,,,,,,67,cabello,1,,,1,1,0.679935,0,47,47,66,1,REAL,FALSA
,,,,,,,5e27868c5cbbcc0b3599574b,001,2020-12-14_00h05.49.965,lextale_sp,2020.2.3,Win32,60,,,,,,,,,2,pellizcar,1,,,0,0,0.849415,0,48,48,1,1,REAL,FALSA
,,,,,,,5e27868c5cbbcc0b3599574b,001,2020-12-14_00h05.49.965,lextale_sp,2020.2.3,Win32,60,,,,,,,,,66,hacido,0,,,0,1,0.882075,0,49,49,65,1,REAL,FALSA
,,,,,,,5e27868c5cbbcc0b3599574b,001,2020-12-14_00h05.49.965,lextale_sp,2020.2.3,Win32,60,,,,,,,,,13,helar,1,,,1,1,0.799345,0,50,50,12,1,REAL,FALSA
,,,,,,,5e27868c5cbbcc0b3599574b,001,2020-12-14_00h05.49.965,lextale_sp,2020.2.3,Win32,60,,,,,,,,,44,cuchara,1,,,0,0,0.662325,0,51,51,43,1,REAL,FALSA
,,,,,,,5e27868c5cbbcc0b3599574b,001,2020-12-14_00h05.49.965,lextale_sp,2020.2.3,Win32,60,,,,,,,,,53,vegada,0,,,0,1,0.94096,0,52,52,52,1,REAL,FALSA
,,,,,,,5e27868c5cbbcc0b3599574b,001,2020-12-14_00h05.49.965,lextale_sp,2020.2.3,Win32,60,,,,,,,,,54,fomentar,1,,,1,1,0.85197,0,53,53,53,1,REAL,FALSA
,,,,,,,5e27868c5cbbcc0b3599574b,001,2020-12-14_00h05.49.965,lextale_sp,2020.2.3,Win32,60,,,,,,,,,17,floroso,0,,,0,1,1.174935,0,54,54,16,1,REAL,FALSA
,,,,,,,5e27868c5cbbcc0b3599574b,001,2020-12-14_00h05.49.965,lextale_sp,2020.2.3,Win32,60,,,,,,,,,81,pozo,1,,,0,0,1.117925,0,55,55,80,1,REAL,FALSA
,,,,,,,5e27868c5cbbcc0b3599574b,001,2020-12-14_00h05.49.965,lextale_sp,2020.2.3,Win32,60,,,,,,,,,85,laúd,1,,,0,0,0.992545,0,56,56,84,1,REAL,FALSA
,,,,,,,5e27868c5cbbcc0b3599574b,001,2020-12-14_00h05.49.965,lextale_sp,2020.2.3,Win32,60,,,,,,,,,82,empirador,0,,,0,1,1.404175,0,57,57,81,1,REAL,FALSA
,,,,,,,5e27868c5cbbcc0b3599574b,001,2020-12-14_00h05.49.965,lextale_sp,2020.2.3,Win32,60,,,,,,,,,3,pulmones,1,,,0,0,1.084085,0,58,58,2,1,REAL,FALSA
,,,,,,,5e27868c5cbbcc0b3599574b,001,2020-12-14_00h05.49.965,lextale_sp,2020.2.3,Win32,60,,,,,,,,,21,capillo,0,,,0,1,1.16246,0,59,59,20,1,REAL,FALSA
,,,,,,,5e27868c5cbbcc0b3599574b,001,2020-12-14_00h05.49.965,lextale_sp,2020.2.3,Win32,60,,,,,,,,,72,pemición,0,,,0,1,0.96367,0,60,60,71,1,REAL,FALSA
,,,,,,,5e27868c5cbbcc0b3599574b,001,2020-12-14_00h05.49.965,lextale_sp,2020.2.3,Win32,60,,,,,,,,,11,cenefa,1,,,0,0,1.282725,0,61,61,10,1,REAL,FALSA
,,,,,,,5e27868c5cbbcc0b3599574b,001,2020-12-14_00h05.49.965,lextale_sp,2020.2.3,Win32,60,,,,,,,,,38,estornudar,1,,,0,0,0.936155,0,62,62,37,1,REAL,FALSA
,,,,,,,5e27868c5cbbcc0b3599574b,001,2020-12-14_00h05.49.965,lextale_sp,2020.2.3,Win32,60,,,,,,,,,77,tiburón,1,,,1,1,1.02133,0,63,63,76,1,REAL,FALSA
,,,,,,,5e27868c5cbbcc0b3599574b,001,2020-12-14_00h05.49.965,lextale_sp,2020.2.3,Win32,60,,,,,,,,,14,yunque,1,,,0,0,1.01914,0,64,64,13,1,REAL,FALSA
,,,,,,,5e27868c5cbbcc0b3599574b,001,2020-12-14_00h05.49.965,lextale_sp,2020.2.3,Win32,60,,,,,,,,,9,hacha,1,,,0,0,0.877735,0,65,65,8,1,REAL,FALSA
,,,,,,,5e27868c5cbbcc0b3599574b,001,2020-12-14_00h05.49.965,lextale_sp,2020.2.3,Win32,60,,,,,,,,,28,merodear,1,,,0,0,0.88531,0,66,66,27,1,REAL,FALSA
,,,,,,,5e27868c5cbbcc0b3599574b,001,2020-12-14_00h05.49.965,lextale_sp,2020.2.3,Win32,60,,,,,,,,,87,grodo,0,,,0,1,0.91716,0,67,67,86,1,REAL,FALSA
,,,,,,,5e27868c5cbbcc0b3599574b,001,2020-12-14_00h05.49.965,lextale_sp,2020.2.3,Win32,60,,,,,,,,,29,decar,0,,,0,1,1.29607,0,68,68,28,1,REAL,FALSA
,,,,,,,5e27868c5cbbcc0b3599574b,001,2020-12-14_00h05.49.965,lextale_sp,2020.2.3,Win32,60,,,,,,,,,7,pésimo,1,,,0,0,1.095015,0,69,69,6,1,REAL,FALSA
,,,,,,,5e27868c5cbbcc0b3599574b,001,2020-12-14_00h05.49.965,lextale_sp,2020.2.3,Win32,60,,,,,,,,,39,torpe,1,,,0,0,0.835225,0,70,70,38,1,REAL,FALSA
,,,,,,,5e27868c5cbbcc0b3599574b,001,2020-12-14_00h05.49.965,lextale_sp,2020.2.3,Win32,60,,,,,,,,,25,bisagra,1,,,0,0,0.93874,0,71,71,24,1,REAL,FALSA
,,,,,,,5e27868c5cbbcc0b3599574b,001,2020-12-14_00h05.49.965,lextale_sp,2020.2.3,Win32,60,,,,,,,,,69,engatusar,1,,,0,0,1.239045,0,72,72,68,1,REAL,FALSA
,,,,,,,5e27868c5cbbcc0b3599574b,001,2020-12-14_00h05.49.965,lextale_sp,2020.2.3,Win32,60,,,,,,,,,26,secuestro,1,,,0,0,1.89293,0,73,73,25,1,REAL,FALSA
,,,,,,,5e27868c5cbbcc0b3599574b,001,2020-12-14_00h05.49.965,lextale_sp,2020.2.3,Win32,60,,,,,,,,,47,cartinar,0,,,0,1,0.72713,0,74,74,46,1,REAL,FALSA
,,,,,,,5e27868c5cbbcc0b3599574b,001,2020-12-14_00h05.49.965,lextale_sp,2020.2.3,Win32,60,,,,,,,,,18,arsa,0,,,0,1,0.86235,0,75,75,17,1,REAL,FALSA
,,,,,,,5e27868c5cbbcc0b3599574b,001,2020-12-14_00h05.49.965,lextale_sp,2020.2.3,Win32,60,,,,,,,,,68,alegre,1,,,1,1,1.06309,0,76,76,67,1,REAL,FALSA
,,,,,,,5e27868c5cbbcc0b3599574b,001,2020-12-14_00h05.49.965,lextale_sp,2020.2.3,Win32,60,,,,,,,,,49,ganar,1,,,1,1,1.990185,0,77,77,48,1,REAL,FALSA
,,,,,,,5e27868c5cbbcc0b3599574b,001,2020-12-14_00h05.49.965,lextale_sp,2020.2.3,Win32,60,,,,,,,,,31,pandilla,1,,,0,0,0.748195,0,78,78,30,1,REAL,FALSA
,,,,,,,5e27868c5cbbcc0b3599574b,001,2020-12-14_00h05.49.965,lextale_sp,2020.2.3,Win32,60,,,,,,,,,78,frondoso,1,,,0,0,0.763875,0,79,79,77,1,REAL,FALSA
,,,,,,,5e27868c5cbbcc0b3599574b,001,2020-12-14_00h05.49.965,lextale_sp,2020.2.3,Win32,60,,,,,,,,,51,candado,1,,,0,0,0.84575,0,80,80,50,1,REAL,FALSA
,,,,,,,5e27868c5cbbcc0b3599574b,001,2020-12-14_00h05.49.965,lextale_sp,2020.2.3,Win32,60,,,,,,,,,35,rompido,0,,,0,1,0.623955,0,81,81,34,1,REAL,FALSA
,,,,,,,5e27868c5cbbcc0b3599574b,001,2020-12-14_00h05.49.965,lextale_sp,2020.2.3,Win32,60,,,,,,,,,63,esposante,0,,,0,1,0.701215,0,82,82,62,1,REAL,FALSA
,,,,,,,5e27868c5cbbcc0b3599574b,001,2020-12-14_00h05.49.965,lextale_sp,2020.2.3,Win32,60,,,,,,,,,86,barato,1,,,1,1,0.83932,0,83,83,85,1,REAL,FALSA
,,,,,,,5e27868c5cbbcc0b3599574b,001,2020-12-14_00h05.49.965,lextale_sp,2020.2.3,Win32,60,,,,,,,,,73,hervidor,1,,,0,0,0.664285,0,84,84,72,1,REAL,FALSA
,,,,,,,5e27868c5cbbcc0b3599574b,001,2020-12-14_00h05.49.965,lextale_sp,2020.2.3,Win32,60,,,,,,,,,10,antar,0,,,0,1,0.768045,0,85,85,9,1,REAL,FALSA
,,,,,,,5e27868c5cbbcc0b3599574b,001,2020-12-14_00h05.49.965,lextale_sp,2020.2.3,Win32,60,,,,,,,,,33,pauca,0,,,0,1,0.68618,0,86,86,32,1,REAL,FALSA
,,,,,,,5e27868c5cbbcc0b3599574b,001,2020-12-14_00h05.49.965,lextale_sp,2020.2.3,Win32,60,,,,,,,,,24,látigo,1,,,0,0,0.67132,0,87,87,23,1,REAL,FALSA
,,,,,,,5e27868c5cbbcc0b3599574b,001,2020-12-14_00h05.49.965,lextale_sp,2020.2.3,Win32,60,,,,,,,,,65,bizcocho,1,,,0,0,0.558565,0,88,88,64,1,REAL,FALSA
,,,,,,,5e27868c5cbbcc0b3599574b,001,2020-12-14_00h05.49.965,lextale_sp,2020.2.3,Win32,60,,,,,,,,,76,atar,1,,,0,0,1.087305,0,89,89,75,1,REAL,FALSA
