lextale_instructions_loop.thisRepN,lextale_instructions_loop.thisTrialN,lextale_instructions_loop.thisN,lextale_instructions_loop.thisIndex,lextale_instructions_loop.ran,instructions_text,continue_text,participant,session,date,expName,psychopyVersion,OS,frameRate,key_resp_lextale_practice.keys,key_resp_lextale_practice.corr,key_resp_lextale_practice.rt,lextale_practice_trials.thisRepN,lextale_practice_trials.thisTrialN,lextale_practice_trials.thisN,lextale_practice_trials.thisIndex,lextale_practice_trials.ran,stim,word,correct_response,prac_button_real,prac_button_false,key_resp_lextale_trial.keys,key_resp_lextale_trial.corr,key_resp_lextale_trial.rt,lextail_trials.thisRepN,lextail_trials.thisTrialN,lextail_trials.thisN,lextail_trials.thisIndex,lextail_trials.ran,button_real,button_false
0,0,0,0,1,"Este es un test de vocabulario en español. 
  
  A continuación vas a ver 90 secuencias de letras que parecen 'españolas'.
  
  Solo algunas de ellas son palabras de verdad.",(presiona la barra espaciadora para continuar),5e875ba361eddf08c463a2c3,001,2020-12-22_12h57.13.924,lextale_sp,2020.2.3,Win32,60,,,,,,,,,,,,,,,,,,,,,,,
0,1,1,1,1,"Por favor, señala las palabras que tú conoces (aquellas que estás convencido que son palabras españolas, incluso aunque no seas capaz de dar el significado preciso).",(presiona la barra espaciadora para continuar),5e875ba361eddf08c463a2c3,001,2020-12-22_12h57.13.924,lextale_sp,2020.2.3,Win32,60,,,,,,,,,,,,,,,,,,,,,,,
0,2,2,2,1,Pero cuidado: los errores se penalizan. Por eso no tiene sentido tratar de incrementar tu puntuación marcando como reales palabras que nunca has visto.,(presiona la barra espaciadora para continuar),5e875ba361eddf08c463a2c3,001,2020-12-22_12h57.13.924,lextale_sp,2020.2.3,Win32,60,,,,,,,,,,,,,,,,,,,,,,,
0,3,3,3,1,"Presiona la tecla 1 si piensas que es una palabra real y la tecla 
  0 si piensas que es una palabra falsa. 
  
  Vamos a practicar un poco...",(presiona la barra espaciadora para continuar),5e875ba361eddf08c463a2c3,001,2020-12-22_12h57.13.924,lextale_sp,2020.2.3,Win32,60,,,,,,,,,,,,,,,,,,,,,,,
,,,,,,,5e875ba361eddf08c463a2c3,001,2020-12-22_12h57.13.924,lextale_sp,2020.2.3,Win32,60,1,0,3.54616,0,0,0,0,1,0,depiste,0,REAL,FALSA,,,,,,,,,,
,,,,,,,5e875ba361eddf08c463a2c3,001,2020-12-22_12h57.13.924,lextale_sp,2020.2.3,Win32,60,1,1,1.4383,0,1,1,1,1,0,sí,1,REAL,FALSA,,,,,,,,,,
,,,,,,,5e875ba361eddf08c463a2c3,001,2020-12-22_12h57.13.924,lextale_sp,2020.2.3,Win32,60,1,0,1.818405,0,2,2,2,1,0,coné,0,REAL,FALSA,,,,,,,,,,
,,,,,,,5e875ba361eddf08c463a2c3,001,2020-12-22_12h57.13.924,lextale_sp,2020.2.3,Win32,60,1,0,2.04985,0,3,3,3,1,0,calpar,0,REAL,FALSA,,,,,,,,,,
,,,,,,,5e875ba361eddf08c463a2c3,001,2020-12-22_12h57.13.924,lextale_sp,2020.2.3,Win32,60,0,1,1.71075,0,4,4,4,1,0,joten,0,REAL,FALSA,,,,,,,,,,
,,,,,,,5e875ba361eddf08c463a2c3,001,2020-12-22_12h57.13.924,lextale_sp,2020.2.3,Win32,60,1,1,1.57432,0,5,5,5,1,0,sacapuntas,1,REAL,FALSA,,,,,,,,,,
,,,,,,,5e875ba361eddf08c463a2c3,001,2020-12-22_12h57.13.924,lextale_sp,2020.2.3,Win32,60,1,0,1.083425,0,6,6,6,1,0,priba,0,REAL,FALSA,,,,,,,,,,
,,,,,,,5e875ba361eddf08c463a2c3,001,2020-12-22_12h57.13.924,lextale_sp,2020.2.3,Win32,60,0,1,2.365945,0,7,7,7,1,0,pelasula,0,REAL,FALSA,,,,,,,,,,
,,,,,,,5e875ba361eddf08c463a2c3,001,2020-12-22_12h57.13.924,lextale_sp,2020.2.3,Win32,60,1,1,1.11296,0,8,8,8,1,0,bien,1,REAL,FALSA,,,,,,,,,,
,,,,,,,5e875ba361eddf08c463a2c3,001,2020-12-22_12h57.13.924,lextale_sp,2020.2.3,Win32,60,1,1,1.0157,0,9,9,9,1,0,casa,1,REAL,FALSA,,,,,,,,,,
,,,,,,,5e875ba361eddf08c463a2c3,001,2020-12-22_12h57.13.924,lextale_sp,2020.2.3,Win32,60,1,0,1.68921,0,10,10,10,1,0,lejo,0,REAL,FALSA,,,,,,,,,,
,,,,,,,5e875ba361eddf08c463a2c3,001,2020-12-22_12h57.13.924,lextale_sp,2020.2.3,Win32,60,0,1,1.696985,0,11,11,11,1,0,pretantas,0,REAL,FALSA,,,,,,,,,,
,,,,,,,5e875ba361eddf08c463a2c3,001,2020-12-22_12h57.13.924,lextale_sp,2020.2.3,Win32,60,,,,,,,,,59,besar,1,,,1,1,1.507005,0,0,0,58,1,REAL,FALSA
,,,,,,,5e875ba361eddf08c463a2c3,001,2020-12-22_12h57.13.924,lextale_sp,2020.2.3,Win32,60,,,,,,,,,29,decar,0,,,1,0,2.029745,0,1,1,28,1,REAL,FALSA
,,,,,,,5e875ba361eddf08c463a2c3,001,2020-12-22_12h57.13.924,lextale_sp,2020.2.3,Win32,60,,,,,,,,,49,ganar,1,,,1,1,0.8989,0,2,2,48,1,REAL,FALSA
,,,,,,,5e875ba361eddf08c463a2c3,001,2020-12-22_12h57.13.924,lextale_sp,2020.2.3,Win32,60,,,,,,,,,53,vegada,0,,,0,1,2.801795,0,3,3,52,1,REAL,FALSA
,,,,,,,5e875ba361eddf08c463a2c3,001,2020-12-22_12h57.13.924,lextale_sp,2020.2.3,Win32,60,,,,,,,,,67,cabello,1,,,1,1,0.78802,0,4,4,66,1,REAL,FALSA
,,,,,,,5e875ba361eddf08c463a2c3,001,2020-12-22_12h57.13.924,lextale_sp,2020.2.3,Win32,60,,,,,,,,,4,batillón,0,,,1,0,1.099715,0,5,5,3,1,REAL,FALSA
,,,,,,,5e875ba361eddf08c463a2c3,001,2020-12-22_12h57.13.924,lextale_sp,2020.2.3,Win32,60,,,,,,,,,22,lacayo,1,,,0,0,1.38791,0,6,6,21,1,REAL,FALSA
,,,,,,,5e875ba361eddf08c463a2c3,001,2020-12-22_12h57.13.924,lextale_sp,2020.2.3,Win32,60,,,,,,,,,88,acantilado,1,,,0,0,2.843045,0,7,7,87,1,REAL,FALSA
,,,,,,,5e875ba361eddf08c463a2c3,001,2020-12-22_12h57.13.924,lextale_sp,2020.2.3,Win32,60,,,,,,,,,68,alegre,1,,,1,1,0.91129,0,8,8,67,1,REAL,FALSA
,,,,,,,5e875ba361eddf08c463a2c3,001,2020-12-22_12h57.13.924,lextale_sp,2020.2.3,Win32,60,,,,,,,,,75,yacer,1,,,0,0,1.829015,0,9,9,74,1,REAL,FALSA
,,,,,,,5e875ba361eddf08c463a2c3,001,2020-12-22_12h57.13.924,lextale_sp,2020.2.3,Win32,60,,,,,,,,,78,frondoso,1,,,0,0,1.423485,0,10,10,77,1,REAL,FALSA
,,,,,,,5e875ba361eddf08c463a2c3,001,2020-12-22_12h57.13.924,lextale_sp,2020.2.3,Win32,60,,,,,,,,,15,regar,1,,,1,1,0.892325,0,11,11,14,1,REAL,FALSA
,,,,,,,5e875ba361eddf08c463a2c3,001,2020-12-22_12h57.13.924,lextale_sp,2020.2.3,Win32,60,,,,,,,,,23,lampera,0,,,1,0,1.34212,0,12,12,22,1,REAL,FALSA
,,,,,,,5e875ba361eddf08c463a2c3,001,2020-12-22_12h57.13.924,lextale_sp,2020.2.3,Win32,60,,,,,,,,,56,musgo,1,,,0,0,1.308855,0,13,13,55,1,REAL,FALSA
,,,,,,,5e875ba361eddf08c463a2c3,001,2020-12-22_12h57.13.924,lextale_sp,2020.2.3,Win32,60,,,,,,,,,2,pellizcar,1,,,0,0,4.305905,0,14,14,1,1,REAL,FALSA
,,,,,,,5e875ba361eddf08c463a2c3,001,2020-12-22_12h57.13.924,lextale_sp,2020.2.3,Win32,60,,,,,,,,,10,antar,0,,,1,0,0.839195,0,15,15,9,1,REAL,FALSA
,,,,,,,5e875ba361eddf08c463a2c3,001,2020-12-22_12h57.13.924,lextale_sp,2020.2.3,Win32,60,,,,,,,,,51,candado,1,,,1,1,1.251965,0,16,16,50,1,REAL,FALSA
,,,,,,,5e875ba361eddf08c463a2c3,001,2020-12-22_12h57.13.924,lextale_sp,2020.2.3,Win32,60,,,,,,,,,9,hacha,1,,,0,0,1.489875,0,17,17,8,1,REAL,FALSA
,,,,,,,5e875ba361eddf08c463a2c3,001,2020-12-22_12h57.13.924,lextale_sp,2020.2.3,Win32,60,,,,,,,,,44,cuchara,1,,,1,1,1.37718,0,18,18,43,1,REAL,FALSA
,,,,,,,5e875ba361eddf08c463a2c3,001,2020-12-22_12h57.13.924,lextale_sp,2020.2.3,Win32,60,,,,,,,,,61,seda,1,,,1,1,2.912445,0,19,19,60,1,REAL,FALSA
,,,,,,,5e875ba361eddf08c463a2c3,001,2020-12-22_12h57.13.924,lextale_sp,2020.2.3,Win32,60,,,,,,,,,62,flaco,1,,,1,1,1.227585,0,20,20,61,1,REAL,FALSA
,,,,,,,5e875ba361eddf08c463a2c3,001,2020-12-22_12h57.13.924,lextale_sp,2020.2.3,Win32,60,,,,,,,,,35,rompido,0,,,0,1,1.95084,0,21,21,34,1,REAL,FALSA
,,,,,,,5e875ba361eddf08c463a2c3,001,2020-12-22_12h57.13.924,lextale_sp,2020.2.3,Win32,60,,,,,,,,,25,bisagra,1,,,0,0,1.91679,0,22,22,24,1,REAL,FALSA
,,,,,,,5e875ba361eddf08c463a2c3,001,2020-12-22_12h57.13.924,lextale_sp,2020.2.3,Win32,60,,,,,,,,,86,barato,1,,,1,1,1.90178,0,23,23,85,1,REAL,FALSA
,,,,,,,5e875ba361eddf08c463a2c3,001,2020-12-22_12h57.13.924,lextale_sp,2020.2.3,Win32,60,,,,,,,,,45,jilguero,1,,,0,0,1.25409,0,24,24,44,1,REAL,FALSA
,,,,,,,5e875ba361eddf08c463a2c3,001,2020-12-22_12h57.13.924,lextale_sp,2020.2.3,Win32,60,,,,,,,,,13,helar,1,,,1,1,0.959085,0,25,25,12,1,REAL,FALSA
,,,,,,,5e875ba361eddf08c463a2c3,001,2020-12-22_12h57.13.924,lextale_sp,2020.2.3,Win32,60,,,,,,,,,65,bizcocho,1,,,0,0,1.53593,0,26,26,64,1,REAL,FALSA
,,,,,,,5e875ba361eddf08c463a2c3,001,2020-12-22_12h57.13.924,lextale_sp,2020.2.3,Win32,60,,,,,,,,,76,atar,1,,,0,0,3.43242,0,27,27,75,1,REAL,FALSA
,,,,,,,5e875ba361eddf08c463a2c3,001,2020-12-22_12h57.13.924,lextale_sp,2020.2.3,Win32,60,,,,,,,,,57,tacaño,1,,,0,0,1.760335,0,28,28,56,1,REAL,FALSA
,,,,,,,5e875ba361eddf08c463a2c3,001,2020-12-22_12h57.13.924,lextale_sp,2020.2.3,Win32,60,,,,,,,,,18,arsa,0,,,0,1,2.132295,0,29,29,17,1,REAL,FALSA
,,,,,,,5e875ba361eddf08c463a2c3,001,2020-12-22_12h57.13.924,lextale_sp,2020.2.3,Win32,60,,,,,,,,,36,loro,1,,,0,0,0.8878,0,30,30,35,1,REAL,FALSA
,,,,,,,5e875ba361eddf08c463a2c3,001,2020-12-22_12h57.13.924,lextale_sp,2020.2.3,Win32,60,,,,,,,,,54,fomentar,1,,,1,1,2.0254,0,31,31,53,1,REAL,FALSA
,,,,,,,5e875ba361eddf08c463a2c3,001,2020-12-22_12h57.13.924,lextale_sp,2020.2.3,Win32,60,,,,,,,,,17,floroso,0,,,1,0,1.657725,0,32,32,16,1,REAL,FALSA
,,,,,,,5e875ba361eddf08c463a2c3,001,2020-12-22_12h57.13.924,lextale_sp,2020.2.3,Win32,60,,,,,,,,,83,guante,1,,,1,1,1.879315,0,33,33,82,1,REAL,FALSA
,,,,,,,5e875ba361eddf08c463a2c3,001,2020-12-22_12h57.13.924,lextale_sp,2020.2.3,Win32,60,,,,,,,,,82,empirador,0,,,1,0,1.75156,0,34,34,81,1,REAL,FALSA
,,,,,,,5e875ba361eddf08c463a2c3,001,2020-12-22_12h57.13.924,lextale_sp,2020.2.3,Win32,60,,,,,,,,,6,tergiversar,1,,,0,0,1.91264,0,35,35,5,1,REAL,FALSA
,,,,,,,5e875ba361eddf08c463a2c3,001,2020-12-22_12h57.13.924,lextale_sp,2020.2.3,Win32,60,,,,,,,,,7,pésimo,1,,,0,0,2.68562,0,36,36,6,1,REAL,FALSA
,,,,,,,5e875ba361eddf08c463a2c3,001,2020-12-22_12h57.13.924,lextale_sp,2020.2.3,Win32,60,,,,,,,,,64,orgulloso,1,,,1,1,1.17603,0,37,37,63,1,REAL,FALSA
,,,,,,,5e875ba361eddf08c463a2c3,001,2020-12-22_12h57.13.924,lextale_sp,2020.2.3,Win32,60,,,,,,,,,26,secuestro,1,,,1,1,1.53292,0,38,38,25,1,REAL,FALSA
,,,,,,,5e875ba361eddf08c463a2c3,001,2020-12-22_12h57.13.924,lextale_sp,2020.2.3,Win32,60,,,,,,,,,43,canela,1,,,1,1,1.9608,0,39,39,42,1,REAL,FALSA
,,,,,,,5e875ba361eddf08c463a2c3,001,2020-12-22_12h57.13.924,lextale_sp,2020.2.3,Win32,60,,,,,,,,,32,fatacidad,0,,,0,1,6.371065,0,40,40,31,1,REAL,FALSA
,,,,,,,5e875ba361eddf08c463a2c3,001,2020-12-22_12h57.13.924,lextale_sp,2020.2.3,Win32,60,,,,,,,,,33,pauca,0,,,0,1,0.887375,0,41,41,32,1,REAL,FALSA
,,,,,,,5e875ba361eddf08c463a2c3,001,2020-12-22_12h57.13.924,lextale_sp,2020.2.3,Win32,60,,,,,,,,,90,clavel,1,,,0,0,1.437285,0,42,42,89,1,REAL,FALSA
,,,,,,,5e875ba361eddf08c463a2c3,001,2020-12-22_12h57.13.924,lextale_sp,2020.2.3,Win32,60,,,,,,,,,30,alardio,0,,,0,1,1.255615,0,43,43,29,1,REAL,FALSA
,,,,,,,5e875ba361eddf08c463a2c3,001,2020-12-22_12h57.13.924,lextale_sp,2020.2.3,Win32,60,,,,,,,,,85,laúd,1,,,0,0,1.954505,0,44,44,84,1,REAL,FALSA
,,,,,,,5e875ba361eddf08c463a2c3,001,2020-12-22_12h57.13.924,lextale_sp,2020.2.3,Win32,60,,,,,,,,,58,plaudir,0,,,0,1,2.206125,0,45,45,57,1,REAL,FALSA
,,,,,,,5e875ba361eddf08c463a2c3,001,2020-12-22_12h57.13.924,lextale_sp,2020.2.3,Win32,60,,,,,,,,,89,prisa,1,,,1,1,0.99302,0,46,46,88,1,REAL,FALSA
,,,,,,,5e875ba361eddf08c463a2c3,001,2020-12-22_12h57.13.924,lextale_sp,2020.2.3,Win32,60,,,,,,,,,31,pandilla,1,,,1,1,1.24937,0,47,47,30,1,REAL,FALSA
,,,,,,,5e875ba361eddf08c463a2c3,001,2020-12-22_12h57.13.924,lextale_sp,2020.2.3,Win32,60,,,,,,,,,77,tiburón,1,,,1,1,1.723595,0,48,48,76,1,REAL,FALSA
,,,,,,,5e875ba361eddf08c463a2c3,001,2020-12-22_12h57.13.924,lextale_sp,2020.2.3,Win32,60,,,,,,,,,63,esposante,0,,,0,1,5.13202,0,49,49,62,1,REAL,FALSA
,,,,,,,5e875ba361eddf08c463a2c3,001,2020-12-22_12h57.13.924,lextale_sp,2020.2.3,Win32,60,,,,,,,,,40,alfombra,1,,,1,1,2.076545,0,50,50,39,1,REAL,FALSA
,,,,,,,5e875ba361eddf08c463a2c3,001,2020-12-22_12h57.13.924,lextale_sp,2020.2.3,Win32,60,,,,,,,,,38,estornudar,1,,,0,0,3.96034,0,51,51,37,1,REAL,FALSA
,,,,,,,5e875ba361eddf08c463a2c3,001,2020-12-22_12h57.13.924,lextale_sp,2020.2.3,Win32,60,,,,,,,,,19,brecedad,0,,,0,1,3.624925,0,52,52,18,1,REAL,FALSA
,,,,,,,5e875ba361eddf08c463a2c3,001,2020-12-22_12h57.13.924,lextale_sp,2020.2.3,Win32,60,,,,,,,,,70,temblo,0,,,0,1,2.283595,0,53,53,69,1,REAL,FALSA
,,,,,,,5e875ba361eddf08c463a2c3,001,2020-12-22_12h57.13.924,lextale_sp,2020.2.3,Win32,60,,,,,,,,,66,hacido,0,,,1,0,3.95195,0,54,54,65,1,REAL,FALSA
,,,,,,,5e875ba361eddf08c463a2c3,001,2020-12-22_12h57.13.924,lextale_sp,2020.2.3,Win32,60,,,,,,,,,41,rebuscar,1,,,1,1,5.209145,0,55,55,40,1,REAL,FALSA
,,,,,,,5e875ba361eddf08c463a2c3,001,2020-12-22_12h57.13.924,lextale_sp,2020.2.3,Win32,60,,,,,,,,,80,hormiga,1,,,1,1,1.856205,0,56,56,79,1,REAL,FALSA
,,,,,,,5e875ba361eddf08c463a2c3,001,2020-12-22_12h57.13.924,lextale_sp,2020.2.3,Win32,60,,,,,,,,,42,cadallo,0,,,0,1,1.839195,0,57,57,41,1,REAL,FALSA
,,,,,,,5e875ba361eddf08c463a2c3,001,2020-12-22_12h57.13.924,lextale_sp,2020.2.3,Win32,60,,,,,,,,,39,torpe,1,,,0,0,1.261655,0,58,58,38,1,REAL,FALSA
,,,,,,,5e875ba361eddf08c463a2c3,001,2020-12-22_12h57.13.924,lextale_sp,2020.2.3,Win32,60,,,,,,,,,46,martillo,1,,,0,0,0.88335,0,59,59,45,1,REAL,FALSA
,,,,,,,5e875ba361eddf08c463a2c3,001,2020-12-22_12h57.13.924,lextale_sp,2020.2.3,Win32,60,,,,,,,,,52,camisa,1,,,1,1,1.12542,0,60,60,51,1,REAL,FALSA
,,,,,,,5e875ba361eddf08c463a2c3,001,2020-12-22_12h57.13.924,lextale_sp,2020.2.3,Win32,60,,,,,,,,,21,capillo,0,,,1,0,0.96856,0,61,61,20,1,REAL,FALSA
,,,,,,,5e875ba361eddf08c463a2c3,001,2020-12-22_12h57.13.924,lextale_sp,2020.2.3,Win32,60,,,,,,,,,20,ávido,1,,,0,0,3.7952,0,62,62,19,1,REAL,FALSA
,,,,,,,5e875ba361eddf08c463a2c3,001,2020-12-22_12h57.13.924,lextale_sp,2020.2.3,Win32,60,,,,,,,,,34,aviso,1,,,1,1,0.982635,0,63,63,33,1,REAL,FALSA
,,,,,,,5e875ba361eddf08c463a2c3,001,2020-12-22_12h57.13.924,lextale_sp,2020.2.3,Win32,60,,,,,,,,,28,merodear,1,,,0,0,1.332535,0,64,64,27,1,REAL,FALSA
,,,,,,,5e875ba361eddf08c463a2c3,001,2020-12-22_12h57.13.924,lextale_sp,2020.2.3,Win32,60,,,,,,,,,14,yunque,1,,,1,1,1.19021,0,65,65,13,1,REAL,FALSA
,,,,,,,5e875ba361eddf08c463a2c3,001,2020-12-22_12h57.13.924,lextale_sp,2020.2.3,Win32,60,,,,,,,,,11,cenefa,1,,,0,0,3.084105,0,66,66,10,1,REAL,FALSA
,,,,,,,5e875ba361eddf08c463a2c3,001,2020-12-22_12h57.13.924,lextale_sp,2020.2.3,Win32,60,,,,,,,,,87,grodo,0,,,0,1,0.919215,0,67,67,86,1,REAL,FALSA
,,,,,,,5e875ba361eddf08c463a2c3,001,2020-12-22_12h57.13.924,lextale_sp,2020.2.3,Win32,60,,,,,,,,,8,cadeña,0,,,1,0,1.907775,0,68,68,7,1,REAL,FALSA
,,,,,,,5e875ba361eddf08c463a2c3,001,2020-12-22_12h57.13.924,lextale_sp,2020.2.3,Win32,60,,,,,,,,,48,ladrón,1,,,1,1,1.45193,0,69,69,47,1,REAL,FALSA
,,,,,,,5e875ba361eddf08c463a2c3,001,2020-12-22_12h57.13.924,lextale_sp,2020.2.3,Win32,60,,,,,,,,,16,abracer,0,,,0,1,2.81184,0,70,70,15,1,REAL,FALSA
,,,,,,,5e875ba361eddf08c463a2c3,001,2020-12-22_12h57.13.924,lextale_sp,2020.2.3,Win32,60,,,,,,,,,55,nevar,1,,,1,1,0.977995,0,71,71,54,1,REAL,FALSA
,,,,,,,5e875ba361eddf08c463a2c3,001,2020-12-22_12h57.13.924,lextale_sp,2020.2.3,Win32,60,,,,,,,,,79,tropaje,0,,,0,1,1.45353,0,72,72,78,1,REAL,FALSA
,,,,,,,5e875ba361eddf08c463a2c3,001,2020-12-22_12h57.13.924,lextale_sp,2020.2.3,Win32,60,,,,,,,,,73,hervidor,1,,,0,0,2.05313,0,73,73,72,1,REAL,FALSA
,,,,,,,5e875ba361eddf08c463a2c3,001,2020-12-22_12h57.13.924,lextale_sp,2020.2.3,Win32,60,,,,,,,,,12,asesinato,1,,,1,1,2.41251,0,74,74,11,1,REAL,FALSA
,,,,,,,5e875ba361eddf08c463a2c3,001,2020-12-22_12h57.13.924,lextale_sp,2020.2.3,Win32,60,,,,,,,,,3,pulmones,1,,,1,1,1.65846,0,75,75,2,1,REAL,FALSA
,,,,,,,5e875ba361eddf08c463a2c3,001,2020-12-22_12h57.13.924,lextale_sp,2020.2.3,Win32,60,,,,,,,,,72,pemición,0,,,0,1,6.965025,0,76,76,71,1,REAL,FALSA
,,,,,,,5e875ba361eddf08c463a2c3,001,2020-12-22_12h57.13.924,lextale_sp,2020.2.3,Win32,60,,,,,,,,,74,cintro,0,,,0,1,1.837875,0,77,77,73,1,REAL,FALSA
,,,,,,,5e875ba361eddf08c463a2c3,001,2020-12-22_12h57.13.924,lextale_sp,2020.2.3,Win32,60,,,,,,,,,81,pozo,1,,,0,0,0.917925,0,78,78,80,1,REAL,FALSA
,,,,,,,5e875ba361eddf08c463a2c3,001,2020-12-22_12h57.13.924,lextale_sp,2020.2.3,Win32,60,,,,,,,,,27,acutación,0,,,0,1,1.14022,0,79,79,26,1,REAL,FALSA
,,,,,,,5e875ba361eddf08c463a2c3,001,2020-12-22_12h57.13.924,lextale_sp,2020.2.3,Win32,60,,,,,,,,,69,engatusar,1,,,0,0,1.58885,0,80,80,68,1,REAL,FALSA
,,,,,,,5e875ba361eddf08c463a2c3,001,2020-12-22_12h57.13.924,lextale_sp,2020.2.3,Win32,60,,,,,,,,,24,látigo,1,,,0,0,0.858365,0,81,81,23,1,REAL,FALSA
,,,,,,,5e875ba361eddf08c463a2c3,001,2020-12-22_12h57.13.924,lextale_sp,2020.2.3,Win32,60,,,,,,,,,50,flamida,0,,,0,1,1.259165,0,82,82,49,1,REAL,FALSA
,,,,,,,5e875ba361eddf08c463a2c3,001,2020-12-22_12h57.13.924,lextale_sp,2020.2.3,Win32,60,,,,,,,,,37,granuja,1,,,0,0,1.179295,0,83,83,36,1,REAL,FALSA
,,,,,,,5e875ba361eddf08c463a2c3,001,2020-12-22_12h57.13.924,lextale_sp,2020.2.3,Win32,60,,,,,,,,,71,polvoriento,1,,,0,0,2.06681,0,84,84,70,1,REAL,FALSA
,,,,,,,5e875ba361eddf08c463a2c3,001,2020-12-22_12h57.13.924,lextale_sp,2020.2.3,Win32,60,,,,,,,,,1,terzo,0,,,1,0,1.46718,0,85,85,0,1,REAL,FALSA
,,,,,,,5e875ba361eddf08c463a2c3,001,2020-12-22_12h57.13.924,lextale_sp,2020.2.3,Win32,60,,,,,,,,,60,matar,1,,,1,1,1.02828,0,86,86,59,1,REAL,FALSA
,,,,,,,5e875ba361eddf08c463a2c3,001,2020-12-22_12h57.13.924,lextale_sp,2020.2.3,Win32,60,,,,,,,,,47,cartinar,0,,,0,1,1.536415,0,87,87,46,1,REAL,FALSA
,,,,,,,5e875ba361eddf08c463a2c3,001,2020-12-22_12h57.13.924,lextale_sp,2020.2.3,Win32,60,,,,,,,,,5,zapato,1,,,1,1,1.25342,0,88,88,4,1,REAL,FALSA
,,,,,,,5e875ba361eddf08c463a2c3,001,2020-12-22_12h57.13.924,lextale_sp,2020.2.3,Win32,60,,,,,,,,,84,escuto,0,,,0,1,1.65461,0,89,89,83,1,REAL,FALSA
