lextale_instructions_loop.thisRepN,lextale_instructions_loop.thisTrialN,lextale_instructions_loop.thisN,lextale_instructions_loop.thisIndex,lextale_instructions_loop.ran,instructions_text,continue_text,participant,session,date,expName,psychopyVersion,OS,frameRate,key_resp_lextale_practice.keys,key_resp_lextale_practice.corr,key_resp_lextale_practice.rt,lextale_practice_trials.thisRepN,lextale_practice_trials.thisTrialN,lextale_practice_trials.thisN,lextale_practice_trials.thisIndex,lextale_practice_trials.ran,stim,word,correct_response,prac_button_real,prac_button_false,key_resp_lextale_trial.keys,key_resp_lextale_trial.corr,key_resp_lextale_trial.rt,lextail_trials.thisRepN,lextail_trials.thisTrialN,lextail_trials.thisN,lextail_trials.thisIndex,lextail_trials.ran,button_real,button_false
0,0,0,0,1,"Este es un test de vocabulario en español. 
  
  A continuación vas a ver 90 secuencias de letras que parecen 'españolas'.
  
  Solo algunas de ellas son palabras de verdad.",(presiona la barra espaciadora para continuar),5ece7b97ba09f5253c4c0238,001,2020-12-14_08h25.53.228,lextale_sp,2020.2.3,Win32,60,,,,,,,,,,,,,,,,,,,,,,,
0,1,1,1,1,"Por favor, señala las palabras que tú conoces (aquellas que estás convencido que son palabras españolas, incluso aunque no seas capaz de dar el significado preciso).",(presiona la barra espaciadora para continuar),5ece7b97ba09f5253c4c0238,001,2020-12-14_08h25.53.228,lextale_sp,2020.2.3,Win32,60,,,,,,,,,,,,,,,,,,,,,,,
0,2,2,2,1,Pero cuidado: los errores se penalizan. Por eso no tiene sentido tratar de incrementar tu puntuación marcando como reales palabras que nunca has visto.,(presiona la barra espaciadora para continuar),5ece7b97ba09f5253c4c0238,001,2020-12-14_08h25.53.228,lextale_sp,2020.2.3,Win32,60,,,,,,,,,,,,,,,,,,,,,,,
0,3,3,3,1,"Presiona la tecla 1 si piensas que es una palabra real y la tecla 
  0 si piensas que es una palabra falsa. 
  
  Vamos a practicar un poco...",(presiona la barra espaciadora para continuar),5ece7b97ba09f5253c4c0238,001,2020-12-14_08h25.53.228,lextale_sp,2020.2.3,Win32,60,,,,,,,,,,,,,,,,,,,,,,,
,,,,,,,5ece7b97ba09f5253c4c0238,001,2020-12-14_08h25.53.228,lextale_sp,2020.2.3,Win32,60,0,1,2.237145,0,0,0,0,1,0,depiste,0,REAL,FALSA,,,,,,,,,,
,,,,,,,5ece7b97ba09f5253c4c0238,001,2020-12-14_08h25.53.228,lextale_sp,2020.2.3,Win32,60,1,1,1.278,0,1,1,1,1,0,sí,1,REAL,FALSA,,,,,,,,,,
,,,,,,,5ece7b97ba09f5253c4c0238,001,2020-12-14_08h25.53.228,lextale_sp,2020.2.3,Win32,60,0,1,1.87437,0,2,2,2,1,0,coné,0,REAL,FALSA,,,,,,,,,,
,,,,,,,5ece7b97ba09f5253c4c0238,001,2020-12-14_08h25.53.228,lextale_sp,2020.2.3,Win32,60,0,1,1.159065,0,3,3,3,1,0,calpar,0,REAL,FALSA,,,,,,,,,,
,,,,,,,5ece7b97ba09f5253c4c0238,001,2020-12-14_08h25.53.228,lextale_sp,2020.2.3,Win32,60,0,1,1.086905,0,4,4,4,1,0,joten,0,REAL,FALSA,,,,,,,,,,
,,,,,,,5ece7b97ba09f5253c4c0238,001,2020-12-14_08h25.53.228,lextale_sp,2020.2.3,Win32,60,1,1,1.075575,0,5,5,5,1,0,sacapuntas,1,REAL,FALSA,,,,,,,,,,
,,,,,,,5ece7b97ba09f5253c4c0238,001,2020-12-14_08h25.53.228,lextale_sp,2020.2.3,Win32,60,0,1,0.93711,0,6,6,6,1,0,priba,0,REAL,FALSA,,,,,,,,,,
,,,,,,,5ece7b97ba09f5253c4c0238,001,2020-12-14_08h25.53.228,lextale_sp,2020.2.3,Win32,60,0,1,1.6536,0,7,7,7,1,0,pelasula,0,REAL,FALSA,,,,,,,,,,
,,,,,,,5ece7b97ba09f5253c4c0238,001,2020-12-14_08h25.53.228,lextale_sp,2020.2.3,Win32,60,1,1,0.68745,0,8,8,8,1,0,bien,1,REAL,FALSA,,,,,,,,,,
,,,,,,,5ece7b97ba09f5253c4c0238,001,2020-12-14_08h25.53.228,lextale_sp,2020.2.3,Win32,60,1,1,0.93681,0,9,9,9,1,0,casa,1,REAL,FALSA,,,,,,,,,,
,,,,,,,5ece7b97ba09f5253c4c0238,001,2020-12-14_08h25.53.228,lextale_sp,2020.2.3,Win32,60,1,0,0.854225,0,10,10,10,1,0,lejo,0,REAL,FALSA,,,,,,,,,,
,,,,,,,5ece7b97ba09f5253c4c0238,001,2020-12-14_08h25.53.228,lextale_sp,2020.2.3,Win32,60,0,1,1.075785,0,11,11,11,1,0,pretantas,0,REAL,FALSA,,,,,,,,,,
,,,,,,,5ece7b97ba09f5253c4c0238,001,2020-12-14_08h25.53.228,lextale_sp,2020.2.3,Win32,60,,,,,,,,,74,cintro,0,,,0,1,2.15424,0,0,0,73,1,REAL,FALSA
,,,,,,,5ece7b97ba09f5253c4c0238,001,2020-12-14_08h25.53.228,lextale_sp,2020.2.3,Win32,60,,,,,,,,,49,ganar,1,,,1,1,0.78688,0,1,1,48,1,REAL,FALSA
,,,,,,,5ece7b97ba09f5253c4c0238,001,2020-12-14_08h25.53.228,lextale_sp,2020.2.3,Win32,60,,,,,,,,,50,flamida,0,,,0,1,1.707095,0,2,2,49,1,REAL,FALSA
,,,,,,,5ece7b97ba09f5253c4c0238,001,2020-12-14_08h25.53.228,lextale_sp,2020.2.3,Win32,60,,,,,,,,,6,tergiversar,1,,,0,0,1.119825,0,3,3,5,1,REAL,FALSA
,,,,,,,5ece7b97ba09f5253c4c0238,001,2020-12-14_08h25.53.228,lextale_sp,2020.2.3,Win32,60,,,,,,,,,84,escuto,0,,,0,1,0.969535,0,4,4,83,1,REAL,FALSA
,,,,,,,5ece7b97ba09f5253c4c0238,001,2020-12-14_08h25.53.228,lextale_sp,2020.2.3,Win32,60,,,,,,,,,47,cartinar,0,,,0,1,0.95297,0,5,5,46,1,REAL,FALSA
,,,,,,,5ece7b97ba09f5253c4c0238,001,2020-12-14_08h25.53.228,lextale_sp,2020.2.3,Win32,60,,,,,,,,,83,guante,1,,,0,0,3.15585,0,6,6,82,1,REAL,FALSA
,,,,,,,5ece7b97ba09f5253c4c0238,001,2020-12-14_08h25.53.228,lextale_sp,2020.2.3,Win32,60,,,,,,,,,68,alegre,1,,,1,1,0.839205,0,7,7,67,1,REAL,FALSA
,,,,,,,5ece7b97ba09f5253c4c0238,001,2020-12-14_08h25.53.228,lextale_sp,2020.2.3,Win32,60,,,,,,,,,39,torpe,1,,,1,1,0.569285,0,8,8,38,1,REAL,FALSA
,,,,,,,5ece7b97ba09f5253c4c0238,001,2020-12-14_08h25.53.228,lextale_sp,2020.2.3,Win32,60,,,,,,,,,60,matar,1,,,1,1,0.64069,0,9,9,59,1,REAL,FALSA
,,,,,,,5ece7b97ba09f5253c4c0238,001,2020-12-14_08h25.53.228,lextale_sp,2020.2.3,Win32,60,,,,,,,,,45,jilguero,1,,,0,0,1.52078,0,10,10,44,1,REAL,FALSA
,,,,,,,5ece7b97ba09f5253c4c0238,001,2020-12-14_08h25.53.228,lextale_sp,2020.2.3,Win32,60,,,,,,,,,63,esposante,0,,,0,1,2.891955,0,11,11,62,1,REAL,FALSA
,,,,,,,5ece7b97ba09f5253c4c0238,001,2020-12-14_08h25.53.228,lextale_sp,2020.2.3,Win32,60,,,,,,,,,35,rompido,0,,,1,0,1.342505,0,12,12,34,1,REAL,FALSA
,,,,,,,5ece7b97ba09f5253c4c0238,001,2020-12-14_08h25.53.228,lextale_sp,2020.2.3,Win32,60,,,,,,,,,81,pozo,1,,,1,1,1.554245,0,13,13,80,1,REAL,FALSA
,,,,,,,5ece7b97ba09f5253c4c0238,001,2020-12-14_08h25.53.228,lextale_sp,2020.2.3,Win32,60,,,,,,,,,25,bisagra,1,,,0,0,0.963295,0,14,14,24,1,REAL,FALSA
,,,,,,,5ece7b97ba09f5253c4c0238,001,2020-12-14_08h25.53.228,lextale_sp,2020.2.3,Win32,60,,,,,,,,,42,cadallo,0,,,0,1,1.22177,0,15,15,41,1,REAL,FALSA
,,,,,,,5ece7b97ba09f5253c4c0238,001,2020-12-14_08h25.53.228,lextale_sp,2020.2.3,Win32,60,,,,,,,,,17,floroso,0,,,0,1,1.0541,0,16,16,16,1,REAL,FALSA
,,,,,,,5ece7b97ba09f5253c4c0238,001,2020-12-14_08h25.53.228,lextale_sp,2020.2.3,Win32,60,,,,,,,,,90,clavel,1,,,1,1,0.75349,0,17,17,89,1,REAL,FALSA
,,,,,,,5ece7b97ba09f5253c4c0238,001,2020-12-14_08h25.53.228,lextale_sp,2020.2.3,Win32,60,,,,,,,,,38,estornudar,1,,,1,1,1.287435,0,18,18,37,1,REAL,FALSA
,,,,,,,5ece7b97ba09f5253c4c0238,001,2020-12-14_08h25.53.228,lextale_sp,2020.2.3,Win32,60,,,,,,,,,54,fomentar,1,,,1,1,2.61107,0,19,19,53,1,REAL,FALSA
,,,,,,,5ece7b97ba09f5253c4c0238,001,2020-12-14_08h25.53.228,lextale_sp,2020.2.3,Win32,60,,,,,,,,,3,pulmones,1,,,1,1,1.090295,0,20,20,2,1,REAL,FALSA
,,,,,,,5ece7b97ba09f5253c4c0238,001,2020-12-14_08h25.53.228,lextale_sp,2020.2.3,Win32,60,,,,,,,,,79,tropaje,0,,,0,1,1.175175,0,21,21,78,1,REAL,FALSA
,,,,,,,5ece7b97ba09f5253c4c0238,001,2020-12-14_08h25.53.228,lextale_sp,2020.2.3,Win32,60,,,,,,,,,52,camisa,1,,,1,1,0.792795,0,22,22,51,1,REAL,FALSA
,,,,,,,5ece7b97ba09f5253c4c0238,001,2020-12-14_08h25.53.228,lextale_sp,2020.2.3,Win32,60,,,,,,,,,16,abracer,0,,,1,0,0.669595,0,23,23,15,1,REAL,FALSA
,,,,,,,5ece7b97ba09f5253c4c0238,001,2020-12-14_08h25.53.228,lextale_sp,2020.2.3,Win32,60,,,,,,,,,76,atar,1,,,0,0,1.12829,0,24,24,75,1,REAL,FALSA
,,,,,,,5ece7b97ba09f5253c4c0238,001,2020-12-14_08h25.53.228,lextale_sp,2020.2.3,Win32,60,,,,,,,,,37,granuja,1,,,0,0,1.0534,0,25,25,36,1,REAL,FALSA
,,,,,,,5ece7b97ba09f5253c4c0238,001,2020-12-14_08h25.53.228,lextale_sp,2020.2.3,Win32,60,,,,,,,,,51,candado,1,,,0,0,1.538165,0,26,26,50,1,REAL,FALSA
,,,,,,,5ece7b97ba09f5253c4c0238,001,2020-12-14_08h25.53.228,lextale_sp,2020.2.3,Win32,60,,,,,,,,,43,canela,1,,,1,1,0.67687,0,27,27,42,1,REAL,FALSA
,,,,,,,5ece7b97ba09f5253c4c0238,001,2020-12-14_08h25.53.228,lextale_sp,2020.2.3,Win32,60,,,,,,,,,61,seda,1,,,1,1,1.491215,0,28,28,60,1,REAL,FALSA
,,,,,,,5ece7b97ba09f5253c4c0238,001,2020-12-14_08h25.53.228,lextale_sp,2020.2.3,Win32,60,,,,,,,,,40,alfombra,1,,,1,1,1.436125,0,29,29,39,1,REAL,FALSA
,,,,,,,5ece7b97ba09f5253c4c0238,001,2020-12-14_08h25.53.228,lextale_sp,2020.2.3,Win32,60,,,,,,,,,86,barato,1,,,1,1,0.831275,0,30,30,85,1,REAL,FALSA
,,,,,,,5ece7b97ba09f5253c4c0238,001,2020-12-14_08h25.53.228,lextale_sp,2020.2.3,Win32,60,,,,,,,,,67,cabello,1,,,1,1,1.11108,0,31,31,66,1,REAL,FALSA
,,,,,,,5ece7b97ba09f5253c4c0238,001,2020-12-14_08h25.53.228,lextale_sp,2020.2.3,Win32,60,,,,,,,,,46,martillo,1,,,1,1,0.932195,0,32,32,45,1,REAL,FALSA
,,,,,,,5ece7b97ba09f5253c4c0238,001,2020-12-14_08h25.53.228,lextale_sp,2020.2.3,Win32,60,,,,,,,,,87,grodo,0,,,0,1,0.85528,0,33,33,86,1,REAL,FALSA
,,,,,,,5ece7b97ba09f5253c4c0238,001,2020-12-14_08h25.53.228,lextale_sp,2020.2.3,Win32,60,,,,,,,,,48,ladrón,1,,,1,1,0.80571,0,34,34,47,1,REAL,FALSA
,,,,,,,5ece7b97ba09f5253c4c0238,001,2020-12-14_08h25.53.228,lextale_sp,2020.2.3,Win32,60,,,,,,,,,64,orgulloso,1,,,1,1,0.736285,0,35,35,63,1,REAL,FALSA
,,,,,,,5ece7b97ba09f5253c4c0238,001,2020-12-14_08h25.53.228,lextale_sp,2020.2.3,Win32,60,,,,,,,,,56,musgo,1,,,0,0,0.74578,0,36,36,55,1,REAL,FALSA
,,,,,,,5ece7b97ba09f5253c4c0238,001,2020-12-14_08h25.53.228,lextale_sp,2020.2.3,Win32,60,,,,,,,,,19,brecedad,0,,,1,0,2.652725,0,37,37,18,1,REAL,FALSA
,,,,,,,5ece7b97ba09f5253c4c0238,001,2020-12-14_08h25.53.228,lextale_sp,2020.2.3,Win32,60,,,,,,,,,70,temblo,0,,,1,0,1.219945,0,38,38,69,1,REAL,FALSA
,,,,,,,5ece7b97ba09f5253c4c0238,001,2020-12-14_08h25.53.228,lextale_sp,2020.2.3,Win32,60,,,,,,,,,78,frondoso,1,,,0,0,1.33779,0,39,39,77,1,REAL,FALSA
,,,,,,,5ece7b97ba09f5253c4c0238,001,2020-12-14_08h25.53.228,lextale_sp,2020.2.3,Win32,60,,,,,,,,,41,rebuscar,1,,,1,1,1.036875,0,40,40,40,1,REAL,FALSA
,,,,,,,5ece7b97ba09f5253c4c0238,001,2020-12-14_08h25.53.228,lextale_sp,2020.2.3,Win32,60,,,,,,,,,29,decar,0,,,0,1,1.53941,0,41,41,28,1,REAL,FALSA
,,,,,,,5ece7b97ba09f5253c4c0238,001,2020-12-14_08h25.53.228,lextale_sp,2020.2.3,Win32,60,,,,,,,,,32,fatacidad,0,,,1,0,2.054705,0,42,42,31,1,REAL,FALSA
,,,,,,,5ece7b97ba09f5253c4c0238,001,2020-12-14_08h25.53.228,lextale_sp,2020.2.3,Win32,60,,,,,,,,,27,acutación,0,,,0,1,1.36397,0,43,43,26,1,REAL,FALSA
,,,,,,,5ece7b97ba09f5253c4c0238,001,2020-12-14_08h25.53.228,lextale_sp,2020.2.3,Win32,60,,,,,,,,,88,acantilado,1,,,0,0,1.077395,0,44,44,87,1,REAL,FALSA
,,,,,,,5ece7b97ba09f5253c4c0238,001,2020-12-14_08h25.53.228,lextale_sp,2020.2.3,Win32,60,,,,,,,,,15,regar,1,,,0,0,0.820065,0,45,45,14,1,REAL,FALSA
,,,,,,,5ece7b97ba09f5253c4c0238,001,2020-12-14_08h25.53.228,lextale_sp,2020.2.3,Win32,60,,,,,,,,,77,tiburón,1,,,1,1,0.72339,0,46,46,76,1,REAL,FALSA
,,,,,,,5ece7b97ba09f5253c4c0238,001,2020-12-14_08h25.53.228,lextale_sp,2020.2.3,Win32,60,,,,,,,,,5,zapato,1,,,1,1,0.77531,0,47,47,4,1,REAL,FALSA
,,,,,,,5ece7b97ba09f5253c4c0238,001,2020-12-14_08h25.53.228,lextale_sp,2020.2.3,Win32,60,,,,,,,,,85,laúd,1,,,0,0,1.003205,0,48,48,84,1,REAL,FALSA
,,,,,,,5ece7b97ba09f5253c4c0238,001,2020-12-14_08h25.53.228,lextale_sp,2020.2.3,Win32,60,,,,,,,,,23,lampera,0,,,1,0,1.003475,0,49,49,22,1,REAL,FALSA
,,,,,,,5ece7b97ba09f5253c4c0238,001,2020-12-14_08h25.53.228,lextale_sp,2020.2.3,Win32,60,,,,,,,,,34,aviso,1,,,1,1,0.94691,0,50,50,33,1,REAL,FALSA
,,,,,,,5ece7b97ba09f5253c4c0238,001,2020-12-14_08h25.53.228,lextale_sp,2020.2.3,Win32,60,,,,,,,,,55,nevar,1,,,1,1,0.69345,0,51,51,54,1,REAL,FALSA
,,,,,,,5ece7b97ba09f5253c4c0238,001,2020-12-14_08h25.53.228,lextale_sp,2020.2.3,Win32,60,,,,,,,,,26,secuestro,1,,,1,1,1.116125,0,52,52,25,1,REAL,FALSA
,,,,,,,5ece7b97ba09f5253c4c0238,001,2020-12-14_08h25.53.228,lextale_sp,2020.2.3,Win32,60,,,,,,,,,53,vegada,0,,,0,1,0.791175,0,53,53,52,1,REAL,FALSA
,,,,,,,5ece7b97ba09f5253c4c0238,001,2020-12-14_08h25.53.228,lextale_sp,2020.2.3,Win32,60,,,,,,,,,30,alardio,0,,,0,1,1.220355,0,54,54,29,1,REAL,FALSA
,,,,,,,5ece7b97ba09f5253c4c0238,001,2020-12-14_08h25.53.228,lextale_sp,2020.2.3,Win32,60,,,,,,,,,75,yacer,1,,,1,1,0.68813,0,55,55,74,1,REAL,FALSA
,,,,,,,5ece7b97ba09f5253c4c0238,001,2020-12-14_08h25.53.228,lextale_sp,2020.2.3,Win32,60,,,,,,,,,80,hormiga,1,,,1,1,0.837585,0,56,56,79,1,REAL,FALSA
,,,,,,,5ece7b97ba09f5253c4c0238,001,2020-12-14_08h25.53.228,lextale_sp,2020.2.3,Win32,60,,,,,,,,,31,pandilla,1,,,0,0,0.796725,0,57,57,30,1,REAL,FALSA
,,,,,,,5ece7b97ba09f5253c4c0238,001,2020-12-14_08h25.53.228,lextale_sp,2020.2.3,Win32,60,,,,,,,,,4,batillón,0,,,1,0,1.630825,0,58,58,3,1,REAL,FALSA
,,,,,,,5ece7b97ba09f5253c4c0238,001,2020-12-14_08h25.53.228,lextale_sp,2020.2.3,Win32,60,,,,,,,,,62,flaco,1,,,1,1,1.220845,0,59,59,61,1,REAL,FALSA
,,,,,,,5ece7b97ba09f5253c4c0238,001,2020-12-14_08h25.53.228,lextale_sp,2020.2.3,Win32,60,,,,,,,,,28,merodear,1,,,0,0,3.237645,0,60,60,27,1,REAL,FALSA
,,,,,,,5ece7b97ba09f5253c4c0238,001,2020-12-14_08h25.53.228,lextale_sp,2020.2.3,Win32,60,,,,,,,,,22,lacayo,1,,,0,0,0.714955,0,61,61,21,1,REAL,FALSA
,,,,,,,5ece7b97ba09f5253c4c0238,001,2020-12-14_08h25.53.228,lextale_sp,2020.2.3,Win32,60,,,,,,,,,12,asesinato,1,,,1,1,1.29448,0,62,62,11,1,REAL,FALSA
,,,,,,,5ece7b97ba09f5253c4c0238,001,2020-12-14_08h25.53.228,lextale_sp,2020.2.3,Win32,60,,,,,,,,,44,cuchara,1,,,1,1,0.95269,0,63,63,43,1,REAL,FALSA
,,,,,,,5ece7b97ba09f5253c4c0238,001,2020-12-14_08h25.53.228,lextale_sp,2020.2.3,Win32,60,,,,,,,,,82,empirador,0,,,0,1,1.375015,0,64,64,81,1,REAL,FALSA
,,,,,,,5ece7b97ba09f5253c4c0238,001,2020-12-14_08h25.53.228,lextale_sp,2020.2.3,Win32,60,,,,,,,,,20,ávido,1,,,1,1,1.24067,0,65,65,19,1,REAL,FALSA
,,,,,,,5ece7b97ba09f5253c4c0238,001,2020-12-14_08h25.53.228,lextale_sp,2020.2.3,Win32,60,,,,,,,,,71,polvoriento,1,,,0,0,1.15941,0,66,66,70,1,REAL,FALSA
,,,,,,,5ece7b97ba09f5253c4c0238,001,2020-12-14_08h25.53.228,lextale_sp,2020.2.3,Win32,60,,,,,,,,,73,hervidor,1,,,1,1,1.809795,0,67,67,72,1,REAL,FALSA
,,,,,,,5ece7b97ba09f5253c4c0238,001,2020-12-14_08h25.53.228,lextale_sp,2020.2.3,Win32,60,,,,,,,,,59,besar,1,,,1,1,0.619655,0,68,68,58,1,REAL,FALSA
,,,,,,,5ece7b97ba09f5253c4c0238,001,2020-12-14_08h25.53.228,lextale_sp,2020.2.3,Win32,60,,,,,,,,,21,capillo,0,,,1,0,0.93009,0,69,69,20,1,REAL,FALSA
,,,,,,,5ece7b97ba09f5253c4c0238,001,2020-12-14_08h25.53.228,lextale_sp,2020.2.3,Win32,60,,,,,,,,,14,yunque,1,,,0,0,0.789415,0,70,70,13,1,REAL,FALSA
,,,,,,,5ece7b97ba09f5253c4c0238,001,2020-12-14_08h25.53.228,lextale_sp,2020.2.3,Win32,60,,,,,,,,,33,pauca,0,,,0,1,2.34269,0,71,71,32,1,REAL,FALSA
,,,,,,,5ece7b97ba09f5253c4c0238,001,2020-12-14_08h25.53.228,lextale_sp,2020.2.3,Win32,60,,,,,,,,,8,cadeña,0,,,0,1,1.37659,0,72,72,7,1,REAL,FALSA
,,,,,,,5ece7b97ba09f5253c4c0238,001,2020-12-14_08h25.53.228,lextale_sp,2020.2.3,Win32,60,,,,,,,,,65,bizcocho,1,,,1,1,0.737905,0,73,73,64,1,REAL,FALSA
,,,,,,,5ece7b97ba09f5253c4c0238,001,2020-12-14_08h25.53.228,lextale_sp,2020.2.3,Win32,60,,,,,,,,,24,látigo,1,,,0,0,1.6706,0,74,74,23,1,REAL,FALSA
,,,,,,,5ece7b97ba09f5253c4c0238,001,2020-12-14_08h25.53.228,lextale_sp,2020.2.3,Win32,60,,,,,,,,,1,terzo,0,,,1,0,1.13899,0,75,75,0,1,REAL,FALSA
,,,,,,,5ece7b97ba09f5253c4c0238,001,2020-12-14_08h25.53.228,lextale_sp,2020.2.3,Win32,60,,,,,,,,,66,hacido,0,,,1,0,0.96888,0,76,76,65,1,REAL,FALSA
,,,,,,,5ece7b97ba09f5253c4c0238,001,2020-12-14_08h25.53.228,lextale_sp,2020.2.3,Win32,60,,,,,,,,,2,pellizcar,1,,,0,0,0.87987,0,77,77,1,1,REAL,FALSA
,,,,,,,5ece7b97ba09f5253c4c0238,001,2020-12-14_08h25.53.228,lextale_sp,2020.2.3,Win32,60,,,,,,,,,9,hacha,1,,,0,0,0.805675,0,78,78,8,1,REAL,FALSA
,,,,,,,5ece7b97ba09f5253c4c0238,001,2020-12-14_08h25.53.228,lextale_sp,2020.2.3,Win32,60,,,,,,,,,72,pemición,0,,,0,1,0.82254,0,79,79,71,1,REAL,FALSA
,,,,,,,5ece7b97ba09f5253c4c0238,001,2020-12-14_08h25.53.228,lextale_sp,2020.2.3,Win32,60,,,,,,,,,69,engatusar,1,,,0,0,1.15374,0,80,80,68,1,REAL,FALSA
,,,,,,,5ece7b97ba09f5253c4c0238,001,2020-12-14_08h25.53.228,lextale_sp,2020.2.3,Win32,60,,,,,,,,,18,arsa,0,,,0,1,0.67284,0,81,81,17,1,REAL,FALSA
,,,,,,,5ece7b97ba09f5253c4c0238,001,2020-12-14_08h25.53.228,lextale_sp,2020.2.3,Win32,60,,,,,,,,,36,loro,1,,,1,1,1.175645,0,82,82,35,1,REAL,FALSA
,,,,,,,5ece7b97ba09f5253c4c0238,001,2020-12-14_08h25.53.228,lextale_sp,2020.2.3,Win32,60,,,,,,,,,13,helar,1,,,1,1,0.953135,0,83,83,12,1,REAL,FALSA
,,,,,,,5ece7b97ba09f5253c4c0238,001,2020-12-14_08h25.53.228,lextale_sp,2020.2.3,Win32,60,,,,,,,,,11,cenefa,1,,,0,0,0.659045,0,84,84,10,1,REAL,FALSA
,,,,,,,5ece7b97ba09f5253c4c0238,001,2020-12-14_08h25.53.228,lextale_sp,2020.2.3,Win32,60,,,,,,,,,57,tacaño,1,,,1,1,1.554275,0,85,85,56,1,REAL,FALSA
,,,,,,,5ece7b97ba09f5253c4c0238,001,2020-12-14_08h25.53.228,lextale_sp,2020.2.3,Win32,60,,,,,,,,,58,plaudir,0,,,1,0,1.67058,0,86,86,57,1,REAL,FALSA
,,,,,,,5ece7b97ba09f5253c4c0238,001,2020-12-14_08h25.53.228,lextale_sp,2020.2.3,Win32,60,,,,,,,,,7,pésimo,1,,,1,1,0.920815,0,87,87,6,1,REAL,FALSA
,,,,,,,5ece7b97ba09f5253c4c0238,001,2020-12-14_08h25.53.228,lextale_sp,2020.2.3,Win32,60,,,,,,,,,10,antar,0,,,0,1,1.45412,0,88,88,9,1,REAL,FALSA
,,,,,,,5ece7b97ba09f5253c4c0238,001,2020-12-14_08h25.53.228,lextale_sp,2020.2.3,Win32,60,,,,,,,,,89,prisa,1,,,1,1,0.731415,0,89,89,88,1,REAL,FALSA
