lextale_instructions_loop.thisRepN,lextale_instructions_loop.thisTrialN,lextale_instructions_loop.thisN,lextale_instructions_loop.thisIndex,lextale_instructions_loop.ran,instructions_text,continue_text,participant,session,date,expName,psychopyVersion,OS,frameRate,key_resp_lextale_practice.keys,key_resp_lextale_practice.corr,key_resp_lextale_practice.rt,lextale_practice_trials.thisRepN,lextale_practice_trials.thisTrialN,lextale_practice_trials.thisN,lextale_practice_trials.thisIndex,lextale_practice_trials.ran,stim,word,correct_response,prac_button_real,prac_button_false,key_resp_lextale_trial.keys,key_resp_lextale_trial.corr,key_resp_lextale_trial.rt,lextail_trials.thisRepN,lextail_trials.thisTrialN,lextail_trials.thisN,lextail_trials.thisIndex,lextail_trials.ran,button_real,button_false
0,0,0,0,1,"Este es un test de vocabulario en español. 
  
  A continuación vas a ver 90 secuencias de letras que parecen 'españolas'.
  
  Solo algunas de ellas son palabras de verdad.",(presiona la barra espaciadora para continuar),5f022d91a43ac63b4a27c050,001,2020-10-27_17h47.09.053,lextale_sp,2020.2.3,Win32,60,,,,,,,,,,,,,,,,,,,,,,,
0,1,1,1,1,"Por favor, señala las palabras que tú conoces (aquellas que estás convencido que son palabras españolas, incluso aunque no seas capaz de dar el significado preciso).",(presiona la barra espaciadora para continuar),5f022d91a43ac63b4a27c050,001,2020-10-27_17h47.09.053,lextale_sp,2020.2.3,Win32,60,,,,,,,,,,,,,,,,,,,,,,,
0,2,2,2,1,Pero cuidado: los errores se penalizan. Por eso no tiene sentido tratar de incrementar tu puntuación marcando como reales palabras que nunca has visto.,(presiona la barra espaciadora para continuar),5f022d91a43ac63b4a27c050,001,2020-10-27_17h47.09.053,lextale_sp,2020.2.3,Win32,60,,,,,,,,,,,,,,,,,,,,,,,
0,3,3,3,1,"Presiona la tecla 1 si piensas que es una palabra real y la tecla 
  0 si piensas que es una palabra falsa. 
  
  Vamos a practicar un poco...",(presiona la barra espaciadora para continuar),5f022d91a43ac63b4a27c050,001,2020-10-27_17h47.09.053,lextale_sp,2020.2.3,Win32,60,,,,,,,,,,,,,,,,,,,,,,,
,,,,,,,5f022d91a43ac63b4a27c050,001,2020-10-27_17h47.09.053,lextale_sp,2020.2.3,Win32,60,0,1,3.21914,0,0,0,0,1,0,depiste,0,REAL,FALSA,,,,,,,,,,
,,,,,,,5f022d91a43ac63b4a27c050,001,2020-10-27_17h47.09.053,lextale_sp,2020.2.3,Win32,60,1,1,1.41847,0,1,1,1,1,0,sí,1,REAL,FALSA,,,,,,,,,,
,,,,,,,5f022d91a43ac63b4a27c050,001,2020-10-27_17h47.09.053,lextale_sp,2020.2.3,Win32,60,0,1,1.80112,0,2,2,2,1,0,coné,0,REAL,FALSA,,,,,,,,,,
,,,,,,,5f022d91a43ac63b4a27c050,001,2020-10-27_17h47.09.053,lextale_sp,2020.2.3,Win32,60,0,1,2.251935,0,3,3,3,1,0,calpar,0,REAL,FALSA,,,,,,,,,,
,,,,,,,5f022d91a43ac63b4a27c050,001,2020-10-27_17h47.09.053,lextale_sp,2020.2.3,Win32,60,1,0,2.56803,0,4,4,4,1,0,joten,0,REAL,FALSA,,,,,,,,,,
,,,,,,,5f022d91a43ac63b4a27c050,001,2020-10-27_17h47.09.053,lextale_sp,2020.2.3,Win32,60,0,0,3.1673,0,5,5,5,1,0,sacapuntas,1,REAL,FALSA,,,,,,,,,,
,,,,,,,5f022d91a43ac63b4a27c050,001,2020-10-27_17h47.09.053,lextale_sp,2020.2.3,Win32,60,0,1,1.501895,0,6,6,6,1,0,priba,0,REAL,FALSA,,,,,,,,,,
,,,,,,,5f022d91a43ac63b4a27c050,001,2020-10-27_17h47.09.053,lextale_sp,2020.2.3,Win32,60,0,1,1.46984,0,7,7,7,1,0,pelasula,0,REAL,FALSA,,,,,,,,,,
,,,,,,,5f022d91a43ac63b4a27c050,001,2020-10-27_17h47.09.053,lextale_sp,2020.2.3,Win32,60,1,1,1.701835,0,8,8,8,1,0,bien,1,REAL,FALSA,,,,,,,,,,
,,,,,,,5f022d91a43ac63b4a27c050,001,2020-10-27_17h47.09.053,lextale_sp,2020.2.3,Win32,60,1,1,1.08749,0,9,9,9,1,0,casa,1,REAL,FALSA,,,,,,,,,,
,,,,,,,5f022d91a43ac63b4a27c050,001,2020-10-27_17h47.09.053,lextale_sp,2020.2.3,Win32,60,1,0,0.98518,0,10,10,10,1,0,lejo,0,REAL,FALSA,,,,,,,,,,
,,,,,,,5f022d91a43ac63b4a27c050,001,2020-10-27_17h47.09.053,lextale_sp,2020.2.3,Win32,60,0,1,1.168165,0,11,11,11,1,0,pretantas,0,REAL,FALSA,,,,,,,,,,
,,,,,,,5f022d91a43ac63b4a27c050,001,2020-10-27_17h47.09.053,lextale_sp,2020.2.3,Win32,60,,,,,,,,,12,asesinato,1,,,1,1,3.93503,0,0,0,11,1,REAL,FALSA
,,,,,,,5f022d91a43ac63b4a27c050,001,2020-10-27_17h47.09.053,lextale_sp,2020.2.3,Win32,60,,,,,,,,,53,vegada,0,,,0,1,1.38465,0,1,1,52,1,REAL,FALSA
,,,,,,,5f022d91a43ac63b4a27c050,001,2020-10-27_17h47.09.053,lextale_sp,2020.2.3,Win32,60,,,,,,,,,26,secuestro,1,,,1,1,1.91836,0,2,2,25,1,REAL,FALSA
,,,,,,,5f022d91a43ac63b4a27c050,001,2020-10-27_17h47.09.053,lextale_sp,2020.2.3,Win32,60,,,,,,,,,76,atar,1,,,1,1,1.393385,0,3,3,75,1,REAL,FALSA
,,,,,,,5f022d91a43ac63b4a27c050,001,2020-10-27_17h47.09.053,lextale_sp,2020.2.3,Win32,60,,,,,,,,,43,canela,1,,,1,1,1.63376,0,4,4,42,1,REAL,FALSA
,,,,,,,5f022d91a43ac63b4a27c050,001,2020-10-27_17h47.09.053,lextale_sp,2020.2.3,Win32,60,,,,,,,,,60,matar,1,,,1,1,1.262905,0,5,5,59,1,REAL,FALSA
,,,,,,,5f022d91a43ac63b4a27c050,001,2020-10-27_17h47.09.053,lextale_sp,2020.2.3,Win32,60,,,,,,,,,9,hacha,1,,,0,0,1.64412,0,6,6,8,1,REAL,FALSA
,,,,,,,5f022d91a43ac63b4a27c050,001,2020-10-27_17h47.09.053,lextale_sp,2020.2.3,Win32,60,,,,,,,,,70,temblo,0,,,0,1,3.71202,0,7,7,69,1,REAL,FALSA
,,,,,,,5f022d91a43ac63b4a27c050,001,2020-10-27_17h47.09.053,lextale_sp,2020.2.3,Win32,60,,,,,,,,,18,arsa,0,,,0,1,0.961505,0,8,8,17,1,REAL,FALSA
,,,,,,,5f022d91a43ac63b4a27c050,001,2020-10-27_17h47.09.053,lextale_sp,2020.2.3,Win32,60,,,,,,,,,22,lacayo,1,,,0,0,0.84833,0,9,9,21,1,REAL,FALSA
,,,,,,,5f022d91a43ac63b4a27c050,001,2020-10-27_17h47.09.053,lextale_sp,2020.2.3,Win32,60,,,,,,,,,14,yunque,1,,,0,0,2.83202,0,10,10,13,1,REAL,FALSA
,,,,,,,5f022d91a43ac63b4a27c050,001,2020-10-27_17h47.09.053,lextale_sp,2020.2.3,Win32,60,,,,,,,,,5,zapato,1,,,1,1,1.624565,0,11,11,4,1,REAL,FALSA
,,,,,,,5f022d91a43ac63b4a27c050,001,2020-10-27_17h47.09.053,lextale_sp,2020.2.3,Win32,60,,,,,,,,,4,batillón,0,,,1,0,2.686225,0,12,12,3,1,REAL,FALSA
,,,,,,,5f022d91a43ac63b4a27c050,001,2020-10-27_17h47.09.053,lextale_sp,2020.2.3,Win32,60,,,,,,,,,78,frondoso,1,,,0,0,0.84362,0,13,13,77,1,REAL,FALSA
,,,,,,,5f022d91a43ac63b4a27c050,001,2020-10-27_17h47.09.053,lextale_sp,2020.2.3,Win32,60,,,,,,,,,44,cuchara,1,,,1,1,0.951515,0,14,14,43,1,REAL,FALSA
,,,,,,,5f022d91a43ac63b4a27c050,001,2020-10-27_17h47.09.053,lextale_sp,2020.2.3,Win32,60,,,,,,,,,17,floroso,0,,,1,0,1.434105,0,15,15,16,1,REAL,FALSA
,,,,,,,5f022d91a43ac63b4a27c050,001,2020-10-27_17h47.09.053,lextale_sp,2020.2.3,Win32,60,,,,,,,,,63,esposante,0,,,0,1,1.758455,0,16,16,62,1,REAL,FALSA
,,,,,,,5f022d91a43ac63b4a27c050,001,2020-10-27_17h47.09.053,lextale_sp,2020.2.3,Win32,60,,,,,,,,,1,terzo,0,,,0,1,2.970485,0,17,17,0,1,REAL,FALSA
,,,,,,,5f022d91a43ac63b4a27c050,001,2020-10-27_17h47.09.053,lextale_sp,2020.2.3,Win32,60,,,,,,,,,80,hormiga,1,,,0,0,0.89877,0,18,18,79,1,REAL,FALSA
,,,,,,,5f022d91a43ac63b4a27c050,001,2020-10-27_17h47.09.053,lextale_sp,2020.2.3,Win32,60,,,,,,,,,24,látigo,1,,,0,0,1.185265,0,19,19,23,1,REAL,FALSA
,,,,,,,5f022d91a43ac63b4a27c050,001,2020-10-27_17h47.09.053,lextale_sp,2020.2.3,Win32,60,,,,,,,,,37,granuja,1,,,1,1,1.52283,0,20,20,36,1,REAL,FALSA
,,,,,,,5f022d91a43ac63b4a27c050,001,2020-10-27_17h47.09.053,lextale_sp,2020.2.3,Win32,60,,,,,,,,,50,flamida,0,,,0,1,1.25694,0,21,21,49,1,REAL,FALSA
,,,,,,,5f022d91a43ac63b4a27c050,001,2020-10-27_17h47.09.053,lextale_sp,2020.2.3,Win32,60,,,,,,,,,34,aviso,1,,,1,1,0.82217,0,22,22,33,1,REAL,FALSA
,,,,,,,5f022d91a43ac63b4a27c050,001,2020-10-27_17h47.09.053,lextale_sp,2020.2.3,Win32,60,,,,,,,,,59,besar,1,,,1,1,0.703105,0,23,23,58,1,REAL,FALSA
,,,,,,,5f022d91a43ac63b4a27c050,001,2020-10-27_17h47.09.053,lextale_sp,2020.2.3,Win32,60,,,,,,,,,27,acutación,0,,,0,1,2.065,0,24,24,26,1,REAL,FALSA
,,,,,,,5f022d91a43ac63b4a27c050,001,2020-10-27_17h47.09.053,lextale_sp,2020.2.3,Win32,60,,,,,,,,,35,rompido,0,,,1,0,1.90084,0,25,25,34,1,REAL,FALSA
,,,,,,,5f022d91a43ac63b4a27c050,001,2020-10-27_17h47.09.053,lextale_sp,2020.2.3,Win32,60,,,,,,,,,31,pandilla,1,,,0,0,1.26622,0,26,26,30,1,REAL,FALSA
,,,,,,,5f022d91a43ac63b4a27c050,001,2020-10-27_17h47.09.053,lextale_sp,2020.2.3,Win32,60,,,,,,,,,88,acantilado,1,,,0,0,1.207205,0,27,27,87,1,REAL,FALSA
,,,,,,,5f022d91a43ac63b4a27c050,001,2020-10-27_17h47.09.053,lextale_sp,2020.2.3,Win32,60,,,,,,,,,58,plaudir,0,,,1,0,1.7292,0,28,28,57,1,REAL,FALSA
,,,,,,,5f022d91a43ac63b4a27c050,001,2020-10-27_17h47.09.053,lextale_sp,2020.2.3,Win32,60,,,,,,,,,89,prisa,1,,,1,1,0.86749,0,29,29,88,1,REAL,FALSA
,,,,,,,5f022d91a43ac63b4a27c050,001,2020-10-27_17h47.09.053,lextale_sp,2020.2.3,Win32,60,,,,,,,,,83,guante,1,,,1,1,0.851365,0,30,30,82,1,REAL,FALSA
,,,,,,,5f022d91a43ac63b4a27c050,001,2020-10-27_17h47.09.053,lextale_sp,2020.2.3,Win32,60,,,,,,,,,41,rebuscar,1,,,1,1,2.250525,0,31,31,40,1,REAL,FALSA
,,,,,,,5f022d91a43ac63b4a27c050,001,2020-10-27_17h47.09.053,lextale_sp,2020.2.3,Win32,60,,,,,,,,,42,cadallo,0,,,0,1,1.07406,0,32,32,41,1,REAL,FALSA
,,,,,,,5f022d91a43ac63b4a27c050,001,2020-10-27_17h47.09.053,lextale_sp,2020.2.3,Win32,60,,,,,,,,,11,cenefa,1,,,0,0,0.90562,0,33,33,10,1,REAL,FALSA
,,,,,,,5f022d91a43ac63b4a27c050,001,2020-10-27_17h47.09.053,lextale_sp,2020.2.3,Win32,60,,,,,,,,,25,bisagra,1,,,0,0,0.77289,0,34,34,24,1,REAL,FALSA
,,,,,,,5f022d91a43ac63b4a27c050,001,2020-10-27_17h47.09.053,lextale_sp,2020.2.3,Win32,60,,,,,,,,,47,cartinar,0,,,0,1,1.30103,0,35,35,46,1,REAL,FALSA
,,,,,,,5f022d91a43ac63b4a27c050,001,2020-10-27_17h47.09.053,lextale_sp,2020.2.3,Win32,60,,,,,,,,,15,regar,1,,,1,1,3.47067,0,36,36,14,1,REAL,FALSA
,,,,,,,5f022d91a43ac63b4a27c050,001,2020-10-27_17h47.09.053,lextale_sp,2020.2.3,Win32,60,,,,,,,,,87,grodo,0,,,0,1,0.75903,0,37,37,86,1,REAL,FALSA
,,,,,,,5f022d91a43ac63b4a27c050,001,2020-10-27_17h47.09.053,lextale_sp,2020.2.3,Win32,60,,,,,,,,,10,antar,0,,,1,0,0.95877,0,38,38,9,1,REAL,FALSA
,,,,,,,5f022d91a43ac63b4a27c050,001,2020-10-27_17h47.09.053,lextale_sp,2020.2.3,Win32,60,,,,,,,,,61,seda,1,,,1,1,0.764925,0,39,39,60,1,REAL,FALSA
,,,,,,,5f022d91a43ac63b4a27c050,001,2020-10-27_17h47.09.053,lextale_sp,2020.2.3,Win32,60,,,,,,,,,66,hacido,0,,,0,1,2.93478,0,40,40,65,1,REAL,FALSA
,,,,,,,5f022d91a43ac63b4a27c050,001,2020-10-27_17h47.09.053,lextale_sp,2020.2.3,Win32,60,,,,,,,,,82,empirador,0,,,1,0,1.42924,0,41,41,81,1,REAL,FALSA
,,,,,,,5f022d91a43ac63b4a27c050,001,2020-10-27_17h47.09.053,lextale_sp,2020.2.3,Win32,60,,,,,,,,,71,polvoriento,1,,,1,1,1.94758,0,42,42,70,1,REAL,FALSA
,,,,,,,5f022d91a43ac63b4a27c050,001,2020-10-27_17h47.09.053,lextale_sp,2020.2.3,Win32,60,,,,,,,,,33,pauca,0,,,0,1,0.800185,0,43,43,32,1,REAL,FALSA
,,,,,,,5f022d91a43ac63b4a27c050,001,2020-10-27_17h47.09.053,lextale_sp,2020.2.3,Win32,60,,,,,,,,,2,pellizcar,1,,,0,0,1.333505,0,44,44,1,1,REAL,FALSA
,,,,,,,5f022d91a43ac63b4a27c050,001,2020-10-27_17h47.09.053,lextale_sp,2020.2.3,Win32,60,,,,,,,,,65,bizcocho,1,,,0,0,0.990195,0,45,45,64,1,REAL,FALSA
,,,,,,,5f022d91a43ac63b4a27c050,001,2020-10-27_17h47.09.053,lextale_sp,2020.2.3,Win32,60,,,,,,,,,49,ganar,1,,,1,1,0.654775,0,46,46,48,1,REAL,FALSA
,,,,,,,5f022d91a43ac63b4a27c050,001,2020-10-27_17h47.09.053,lextale_sp,2020.2.3,Win32,60,,,,,,,,,51,candado,1,,,0,0,3.25434,0,47,47,50,1,REAL,FALSA
,,,,,,,5f022d91a43ac63b4a27c050,001,2020-10-27_17h47.09.053,lextale_sp,2020.2.3,Win32,60,,,,,,,,,75,yacer,1,,,0,0,0.817735,0,48,48,74,1,REAL,FALSA
,,,,,,,5f022d91a43ac63b4a27c050,001,2020-10-27_17h47.09.053,lextale_sp,2020.2.3,Win32,60,,,,,,,,,57,tacaño,1,,,0,0,1.69122,0,49,49,56,1,REAL,FALSA
,,,,,,,5f022d91a43ac63b4a27c050,001,2020-10-27_17h47.09.053,lextale_sp,2020.2.3,Win32,60,,,,,,,,,13,helar,1,,,0,0,2.021695,0,50,50,12,1,REAL,FALSA
,,,,,,,5f022d91a43ac63b4a27c050,001,2020-10-27_17h47.09.053,lextale_sp,2020.2.3,Win32,60,,,,,,,,,74,cintro,0,,,1,0,1.25436,0,51,51,73,1,REAL,FALSA
,,,,,,,5f022d91a43ac63b4a27c050,001,2020-10-27_17h47.09.053,lextale_sp,2020.2.3,Win32,60,,,,,,,,,85,laúd,1,,,0,0,1.574175,0,52,52,84,1,REAL,FALSA
,,,,,,,5f022d91a43ac63b4a27c050,001,2020-10-27_17h47.09.053,lextale_sp,2020.2.3,Win32,60,,,,,,,,,69,engatusar,1,,,0,0,1.148215,0,53,53,68,1,REAL,FALSA
,,,,,,,5f022d91a43ac63b4a27c050,001,2020-10-27_17h47.09.053,lextale_sp,2020.2.3,Win32,60,,,,,,,,,64,orgulloso,1,,,1,1,0.90759,0,54,54,63,1,REAL,FALSA
,,,,,,,5f022d91a43ac63b4a27c050,001,2020-10-27_17h47.09.053,lextale_sp,2020.2.3,Win32,60,,,,,,,,,54,fomentar,1,,,1,1,1.251295,0,55,55,53,1,REAL,FALSA
,,,,,,,5f022d91a43ac63b4a27c050,001,2020-10-27_17h47.09.053,lextale_sp,2020.2.3,Win32,60,,,,,,,,,90,clavel,1,,,0,0,0.866115,0,56,56,89,1,REAL,FALSA
,,,,,,,5f022d91a43ac63b4a27c050,001,2020-10-27_17h47.09.053,lextale_sp,2020.2.3,Win32,60,,,,,,,,,73,hervidor,1,,,1,1,1.94114,0,57,57,72,1,REAL,FALSA
,,,,,,,5f022d91a43ac63b4a27c050,001,2020-10-27_17h47.09.053,lextale_sp,2020.2.3,Win32,60,,,,,,,,,55,nevar,1,,,1,1,4.09482,0,58,58,54,1,REAL,FALSA
,,,,,,,5f022d91a43ac63b4a27c050,001,2020-10-27_17h47.09.053,lextale_sp,2020.2.3,Win32,60,,,,,,,,,28,merodear,1,,,0,0,0.955375,0,59,59,27,1,REAL,FALSA
,,,,,,,5f022d91a43ac63b4a27c050,001,2020-10-27_17h47.09.053,lextale_sp,2020.2.3,Win32,60,,,,,,,,,62,flaco,1,,,1,1,1.624505,0,60,60,61,1,REAL,FALSA
,,,,,,,5f022d91a43ac63b4a27c050,001,2020-10-27_17h47.09.053,lextale_sp,2020.2.3,Win32,60,,,,,,,,,16,abracer,0,,,1,0,1.45619,0,61,61,15,1,REAL,FALSA
,,,,,,,5f022d91a43ac63b4a27c050,001,2020-10-27_17h47.09.053,lextale_sp,2020.2.3,Win32,60,,,,,,,,,81,pozo,1,,,1,1,1.099535,0,62,62,80,1,REAL,FALSA
,,,,,,,5f022d91a43ac63b4a27c050,001,2020-10-27_17h47.09.053,lextale_sp,2020.2.3,Win32,60,,,,,,,,,3,pulmones,1,,,1,1,0.937855,0,63,63,2,1,REAL,FALSA
,,,,,,,5f022d91a43ac63b4a27c050,001,2020-10-27_17h47.09.053,lextale_sp,2020.2.3,Win32,60,,,,,,,,,77,tiburón,1,,,1,1,0.85345,0,64,64,76,1,REAL,FALSA
,,,,,,,5f022d91a43ac63b4a27c050,001,2020-10-27_17h47.09.053,lextale_sp,2020.2.3,Win32,60,,,,,,,,,29,decar,0,,,0,1,1.2991,0,65,65,28,1,REAL,FALSA
,,,,,,,5f022d91a43ac63b4a27c050,001,2020-10-27_17h47.09.053,lextale_sp,2020.2.3,Win32,60,,,,,,,,,40,alfombra,1,,,1,1,0.800605,0,66,66,39,1,REAL,FALSA
,,,,,,,5f022d91a43ac63b4a27c050,001,2020-10-27_17h47.09.053,lextale_sp,2020.2.3,Win32,60,,,,,,,,,20,ávido,1,,,1,1,0.94089,0,67,67,19,1,REAL,FALSA
,,,,,,,5f022d91a43ac63b4a27c050,001,2020-10-27_17h47.09.053,lextale_sp,2020.2.3,Win32,60,,,,,,,,,39,torpe,1,,,1,1,0.93688,0,68,68,38,1,REAL,FALSA
,,,,,,,5f022d91a43ac63b4a27c050,001,2020-10-27_17h47.09.053,lextale_sp,2020.2.3,Win32,60,,,,,,,,,79,tropaje,0,,,0,1,1.197995,0,69,69,78,1,REAL,FALSA
,,,,,,,5f022d91a43ac63b4a27c050,001,2020-10-27_17h47.09.053,lextale_sp,2020.2.3,Win32,60,,,,,,,,,48,ladrón,1,,,1,1,0.86615,0,70,70,47,1,REAL,FALSA
,,,,,,,5f022d91a43ac63b4a27c050,001,2020-10-27_17h47.09.053,lextale_sp,2020.2.3,Win32,60,,,,,,,,,7,pésimo,1,,,1,1,2.466235,0,71,71,6,1,REAL,FALSA
,,,,,,,5f022d91a43ac63b4a27c050,001,2020-10-27_17h47.09.053,lextale_sp,2020.2.3,Win32,60,,,,,,,,,8,cadeña,0,,,1,0,0.834545,0,72,72,7,1,REAL,FALSA
,,,,,,,5f022d91a43ac63b4a27c050,001,2020-10-27_17h47.09.053,lextale_sp,2020.2.3,Win32,60,,,,,,,,,6,tergiversar,1,,,0,0,1.29078,0,73,73,5,1,REAL,FALSA
,,,,,,,5f022d91a43ac63b4a27c050,001,2020-10-27_17h47.09.053,lextale_sp,2020.2.3,Win32,60,,,,,,,,,21,capillo,0,,,1,0,0.898935,0,74,74,20,1,REAL,FALSA
,,,,,,,5f022d91a43ac63b4a27c050,001,2020-10-27_17h47.09.053,lextale_sp,2020.2.3,Win32,60,,,,,,,,,36,loro,1,,,0,0,2.288375,0,75,75,35,1,REAL,FALSA
,,,,,,,5f022d91a43ac63b4a27c050,001,2020-10-27_17h47.09.053,lextale_sp,2020.2.3,Win32,60,,,,,,,,,52,camisa,1,,,1,1,0.71667,0,76,76,51,1,REAL,FALSA
,,,,,,,5f022d91a43ac63b4a27c050,001,2020-10-27_17h47.09.053,lextale_sp,2020.2.3,Win32,60,,,,,,,,,68,alegre,1,,,1,1,0.81106,0,77,77,67,1,REAL,FALSA
,,,,,,,5f022d91a43ac63b4a27c050,001,2020-10-27_17h47.09.053,lextale_sp,2020.2.3,Win32,60,,,,,,,,,67,cabello,1,,,1,1,0.899095,0,78,78,66,1,REAL,FALSA
,,,,,,,5f022d91a43ac63b4a27c050,001,2020-10-27_17h47.09.053,lextale_sp,2020.2.3,Win32,60,,,,,,,,,32,fatacidad,0,,,0,1,0.936485,0,79,79,31,1,REAL,FALSA
,,,,,,,5f022d91a43ac63b4a27c050,001,2020-10-27_17h47.09.053,lextale_sp,2020.2.3,Win32,60,,,,,,,,,45,jilguero,1,,,0,0,0.84685,0,80,80,44,1,REAL,FALSA
,,,,,,,5f022d91a43ac63b4a27c050,001,2020-10-27_17h47.09.053,lextale_sp,2020.2.3,Win32,60,,,,,,,,,23,lampera,0,,,0,1,2.779685,0,81,81,22,1,REAL,FALSA
,,,,,,,5f022d91a43ac63b4a27c050,001,2020-10-27_17h47.09.053,lextale_sp,2020.2.3,Win32,60,,,,,,,,,38,estornudar,1,,,0,0,1.266125,0,82,82,37,1,REAL,FALSA
,,,,,,,5f022d91a43ac63b4a27c050,001,2020-10-27_17h47.09.053,lextale_sp,2020.2.3,Win32,60,,,,,,,,,84,escuto,0,,,0,1,3.21921,0,83,83,83,1,REAL,FALSA
,,,,,,,5f022d91a43ac63b4a27c050,001,2020-10-27_17h47.09.053,lextale_sp,2020.2.3,Win32,60,,,,,,,,,72,pemición,0,,,1,0,2.12391,0,84,84,71,1,REAL,FALSA
,,,,,,,5f022d91a43ac63b4a27c050,001,2020-10-27_17h47.09.053,lextale_sp,2020.2.3,Win32,60,,,,,,,,,30,alardio,0,,,0,1,1.093365,0,85,85,29,1,REAL,FALSA
,,,,,,,5f022d91a43ac63b4a27c050,001,2020-10-27_17h47.09.053,lextale_sp,2020.2.3,Win32,60,,,,,,,,,56,musgo,1,,,1,1,2.95618,0,86,86,55,1,REAL,FALSA
,,,,,,,5f022d91a43ac63b4a27c050,001,2020-10-27_17h47.09.053,lextale_sp,2020.2.3,Win32,60,,,,,,,,,86,barato,1,,,1,1,0.887195,0,87,87,85,1,REAL,FALSA
,,,,,,,5f022d91a43ac63b4a27c050,001,2020-10-27_17h47.09.053,lextale_sp,2020.2.3,Win32,60,,,,,,,,,19,brecedad,0,,,0,1,0.73844,0,88,88,18,1,REAL,FALSA
,,,,,,,5f022d91a43ac63b4a27c050,001,2020-10-27_17h47.09.053,lextale_sp,2020.2.3,Win32,60,,,,,,,,,46,martillo,1,,,0,0,0.85632,0,89,89,45,1,REAL,FALSA
