lextale_instructions_loop.thisRepN,lextale_instructions_loop.thisTrialN,lextale_instructions_loop.thisN,lextale_instructions_loop.thisIndex,lextale_instructions_loop.ran,instructions_text,continue_text,participant,session,date,expName,psychopyVersion,OS,frameRate,key_resp_lextale_practice.keys,key_resp_lextale_practice.corr,key_resp_lextale_practice.rt,lextale_practice_trials.thisRepN,lextale_practice_trials.thisTrialN,lextale_practice_trials.thisN,lextale_practice_trials.thisIndex,lextale_practice_trials.ran,stim,word,correct_response,prac_button_real,prac_button_false,key_resp_lextale_trial.keys,key_resp_lextale_trial.corr,key_resp_lextale_trial.rt,lextail_trials.thisRepN,lextail_trials.thisTrialN,lextail_trials.thisN,lextail_trials.thisIndex,lextail_trials.ran,button_real,button_false
0,0,0,0,1,"Este es un test de vocabulario en español. 
  
  A continuación vas a ver 90 secuencias de letras que parecen 'españolas'.
  
  Solo algunas de ellas son palabras de verdad.",(presiona la barra espaciadora para continuar),5f14cce2a936e90e353d6618,001,2020-12-30_15h10.32.666,lextale_sp,2020.2.3,MacIntel,60,,,,,,,,,,,,,,,,,,,,,,,
0,1,1,1,1,"Por favor, señala las palabras que tú conoces (aquellas que estás convencido que son palabras españolas, incluso aunque no seas capaz de dar el significado preciso).",(presiona la barra espaciadora para continuar),5f14cce2a936e90e353d6618,001,2020-12-30_15h10.32.666,lextale_sp,2020.2.3,MacIntel,60,,,,,,,,,,,,,,,,,,,,,,,
0,2,2,2,1,Pero cuidado: los errores se penalizan. Por eso no tiene sentido tratar de incrementar tu puntuación marcando como reales palabras que nunca has visto.,(presiona la barra espaciadora para continuar),5f14cce2a936e90e353d6618,001,2020-12-30_15h10.32.666,lextale_sp,2020.2.3,MacIntel,60,,,,,,,,,,,,,,,,,,,,,,,
0,3,3,3,1,"Presiona la tecla 1 si piensas que es una palabra real y la tecla 
  0 si piensas que es una palabra falsa. 
  
  Vamos a practicar un poco...",(presiona la barra espaciadora para continuar),5f14cce2a936e90e353d6618,001,2020-12-30_15h10.32.666,lextale_sp,2020.2.3,MacIntel,60,,,,,,,,,,,,,,,,,,,,,,,
,,,,,,,5f14cce2a936e90e353d6618,001,2020-12-30_15h10.32.666,lextale_sp,2020.2.3,MacIntel,60,0,1,1.79239,0,0,0,0,1,0,depiste,0,REAL,FALSA,,,,,,,,,,
,,,,,,,5f14cce2a936e90e353d6618,001,2020-12-30_15h10.32.666,lextale_sp,2020.2.3,MacIntel,60,1,1,0.71972,0,1,1,1,1,0,sí,1,REAL,FALSA,,,,,,,,,,
,,,,,,,5f14cce2a936e90e353d6618,001,2020-12-30_15h10.32.666,lextale_sp,2020.2.3,MacIntel,60,0,1,0.70258,0,2,2,2,1,0,coné,0,REAL,FALSA,,,,,,,,,,
,,,,,,,5f14cce2a936e90e353d6618,001,2020-12-30_15h10.32.666,lextale_sp,2020.2.3,MacIntel,60,0,1,0.81892,0,3,3,3,1,0,calpar,0,REAL,FALSA,,,,,,,,,,
,,,,,,,5f14cce2a936e90e353d6618,001,2020-12-30_15h10.32.666,lextale_sp,2020.2.3,MacIntel,60,0,1,0.685695,0,4,4,4,1,0,joten,0,REAL,FALSA,,,,,,,,,,
,,,,,,,5f14cce2a936e90e353d6618,001,2020-12-30_15h10.32.666,lextale_sp,2020.2.3,MacIntel,60,1,1,0.684875,0,5,5,5,1,0,sacapuntas,1,REAL,FALSA,,,,,,,,,,
,,,,,,,5f14cce2a936e90e353d6618,001,2020-12-30_15h10.32.666,lextale_sp,2020.2.3,MacIntel,60,0,1,1.01972,0,6,6,6,1,0,priba,0,REAL,FALSA,,,,,,,,,,
,,,,,,,5f14cce2a936e90e353d6618,001,2020-12-30_15h10.32.666,lextale_sp,2020.2.3,MacIntel,60,0,1,0.8191,0,7,7,7,1,0,pelasula,0,REAL,FALSA,,,,,,,,,,
,,,,,,,5f14cce2a936e90e353d6618,001,2020-12-30_15h10.32.666,lextale_sp,2020.2.3,MacIntel,60,1,1,0.71955,0,8,8,8,1,0,bien,1,REAL,FALSA,,,,,,,,,,
,,,,,,,5f14cce2a936e90e353d6618,001,2020-12-30_15h10.32.666,lextale_sp,2020.2.3,MacIntel,60,1,1,0.5694,0,9,9,9,1,0,casa,1,REAL,FALSA,,,,,,,,,,
,,,,,,,5f14cce2a936e90e353d6618,001,2020-12-30_15h10.32.666,lextale_sp,2020.2.3,MacIntel,60,1,0,1.151625,0,10,10,10,1,0,lejo,0,REAL,FALSA,,,,,,,,,,
,,,,,,,5f14cce2a936e90e353d6618,001,2020-12-30_15h10.32.666,lextale_sp,2020.2.3,MacIntel,60,0,1,0.685755,0,11,11,11,1,0,pretantas,0,REAL,FALSA,,,,,,,,,,
,,,,,,,5f14cce2a936e90e353d6618,001,2020-12-30_15h10.32.666,lextale_sp,2020.2.3,MacIntel,60,,,,,,,,,37,granuja,1,,,1,1,0.68446,0,0,0,36,1,REAL,FALSA
,,,,,,,5f14cce2a936e90e353d6618,001,2020-12-30_15h10.32.666,lextale_sp,2020.2.3,MacIntel,60,,,,,,,,,32,fatacidad,0,,,0,1,1.387215,0,1,1,31,1,REAL,FALSA
,,,,,,,5f14cce2a936e90e353d6618,001,2020-12-30_15h10.32.666,lextale_sp,2020.2.3,MacIntel,60,,,,,,,,,30,alardio,0,,,1,0,1.23781,0,2,2,29,1,REAL,FALSA
,,,,,,,5f14cce2a936e90e353d6618,001,2020-12-30_15h10.32.666,lextale_sp,2020.2.3,MacIntel,60,,,,,,,,,48,ladrón,1,,,1,1,0.73471,0,3,3,47,1,REAL,FALSA
,,,,,,,5f14cce2a936e90e353d6618,001,2020-12-30_15h10.32.666,lextale_sp,2020.2.3,MacIntel,60,,,,,,,,,4,batillón,0,,,1,0,0.63687,0,4,4,3,1,REAL,FALSA
,,,,,,,5f14cce2a936e90e353d6618,001,2020-12-30_15h10.32.666,lextale_sp,2020.2.3,MacIntel,60,,,,,,,,,76,atar,1,,,0,0,0.71879,0,5,5,75,1,REAL,FALSA
,,,,,,,5f14cce2a936e90e353d6618,001,2020-12-30_15h10.32.666,lextale_sp,2020.2.3,MacIntel,60,,,,,,,,,36,loro,1,,,0,0,0.702765,0,6,6,35,1,REAL,FALSA
,,,,,,,5f14cce2a936e90e353d6618,001,2020-12-30_15h10.32.666,lextale_sp,2020.2.3,MacIntel,60,,,,,,,,,73,hervidor,1,,,1,1,1.020035,0,7,7,72,1,REAL,FALSA
,,,,,,,5f14cce2a936e90e353d6618,001,2020-12-30_15h10.32.666,lextale_sp,2020.2.3,MacIntel,60,,,,,,,,,21,capillo,0,,,1,0,0.63624,0,8,8,20,1,REAL,FALSA
,,,,,,,5f14cce2a936e90e353d6618,001,2020-12-30_15h10.32.666,lextale_sp,2020.2.3,MacIntel,60,,,,,,,,,63,esposante,0,,,1,0,0.901085,0,9,9,62,1,REAL,FALSA
,,,,,,,5f14cce2a936e90e353d6618,001,2020-12-30_15h10.32.666,lextale_sp,2020.2.3,MacIntel,60,,,,,,,,,75,yacer,1,,,0,0,0.702225,0,10,10,74,1,REAL,FALSA
,,,,,,,5f14cce2a936e90e353d6618,001,2020-12-30_15h10.32.666,lextale_sp,2020.2.3,MacIntel,60,,,,,,,,,70,temblo,0,,,0,1,0.65271,0,11,11,69,1,REAL,FALSA
,,,,,,,5f14cce2a936e90e353d6618,001,2020-12-30_15h10.32.666,lextale_sp,2020.2.3,MacIntel,60,,,,,,,,,74,cintro,0,,,0,1,0.935515,0,12,12,73,1,REAL,FALSA
,,,,,,,5f14cce2a936e90e353d6618,001,2020-12-30_15h10.32.666,lextale_sp,2020.2.3,MacIntel,60,,,,,,,,,28,merodear,1,,,0,0,0.73593,0,13,13,27,1,REAL,FALSA
,,,,,,,5f14cce2a936e90e353d6618,001,2020-12-30_15h10.32.666,lextale_sp,2020.2.3,MacIntel,60,,,,,,,,,10,antar,0,,,0,1,0.768745,0,14,14,9,1,REAL,FALSA
,,,,,,,5f14cce2a936e90e353d6618,001,2020-12-30_15h10.32.666,lextale_sp,2020.2.3,MacIntel,60,,,,,,,,,43,canela,1,,,1,1,0.58559,0,15,15,42,1,REAL,FALSA
,,,,,,,5f14cce2a936e90e353d6618,001,2020-12-30_15h10.32.666,lextale_sp,2020.2.3,MacIntel,60,,,,,,,,,6,tergiversar,1,,,0,0,1.088505,0,16,16,5,1,REAL,FALSA
,,,,,,,5f14cce2a936e90e353d6618,001,2020-12-30_15h10.32.666,lextale_sp,2020.2.3,MacIntel,60,,,,,,,,,90,clavel,1,,,1,1,0.785395,0,17,17,89,1,REAL,FALSA
,,,,,,,5f14cce2a936e90e353d6618,001,2020-12-30_15h10.32.666,lextale_sp,2020.2.3,MacIntel,60,,,,,,,,,58,plaudir,0,,,0,1,1.136485,0,18,18,57,1,REAL,FALSA
,,,,,,,5f14cce2a936e90e353d6618,001,2020-12-30_15h10.32.666,lextale_sp,2020.2.3,MacIntel,60,,,,,,,,,49,ganar,1,,,1,1,0.602115,0,19,19,48,1,REAL,FALSA
,,,,,,,5f14cce2a936e90e353d6618,001,2020-12-30_15h10.32.666,lextale_sp,2020.2.3,MacIntel,60,,,,,,,,,78,frondoso,1,,,1,1,1.585985,0,20,20,77,1,REAL,FALSA
,,,,,,,5f14cce2a936e90e353d6618,001,2020-12-30_15h10.32.666,lextale_sp,2020.2.3,MacIntel,60,,,,,,,,,25,bisagra,1,,,0,0,0.798285,0,21,21,24,1,REAL,FALSA
,,,,,,,5f14cce2a936e90e353d6618,001,2020-12-30_15h10.32.666,lextale_sp,2020.2.3,MacIntel,60,,,,,,,,,26,secuestro,1,,,1,1,0.82065,0,22,22,25,1,REAL,FALSA
,,,,,,,5f14cce2a936e90e353d6618,001,2020-12-30_15h10.32.666,lextale_sp,2020.2.3,MacIntel,60,,,,,,,,,11,cenefa,1,,,0,0,0.902205,0,23,23,10,1,REAL,FALSA
,,,,,,,5f14cce2a936e90e353d6618,001,2020-12-30_15h10.32.666,lextale_sp,2020.2.3,MacIntel,60,,,,,,,,,15,regar,1,,,1,1,0.90443,0,24,24,14,1,REAL,FALSA
,,,,,,,5f14cce2a936e90e353d6618,001,2020-12-30_15h10.32.666,lextale_sp,2020.2.3,MacIntel,60,,,,,,,,,77,tiburón,1,,,1,1,0.718115,0,25,25,76,1,REAL,FALSA
,,,,,,,5f14cce2a936e90e353d6618,001,2020-12-30_15h10.32.666,lextale_sp,2020.2.3,MacIntel,60,,,,,,,,,40,alfombra,1,,,1,1,0.75266,0,26,26,39,1,REAL,FALSA
,,,,,,,5f14cce2a936e90e353d6618,001,2020-12-30_15h10.32.666,lextale_sp,2020.2.3,MacIntel,60,,,,,,,,,31,pandilla,1,,,1,1,0.802515,0,27,27,30,1,REAL,FALSA
,,,,,,,5f14cce2a936e90e353d6618,001,2020-12-30_15h10.32.666,lextale_sp,2020.2.3,MacIntel,60,,,,,,,,,56,musgo,1,,,0,0,0.569055,0,28,28,55,1,REAL,FALSA
,,,,,,,5f14cce2a936e90e353d6618,001,2020-12-30_15h10.32.666,lextale_sp,2020.2.3,MacIntel,60,,,,,,,,,8,cadeña,0,,,1,0,0.5848,0,29,29,7,1,REAL,FALSA
,,,,,,,5f14cce2a936e90e353d6618,001,2020-12-30_15h10.32.666,lextale_sp,2020.2.3,MacIntel,60,,,,,,,,,84,escuto,0,,,0,1,0.6856,0,30,30,83,1,REAL,FALSA
,,,,,,,5f14cce2a936e90e353d6618,001,2020-12-30_15h10.32.666,lextale_sp,2020.2.3,MacIntel,60,,,,,,,,,19,brecedad,0,,,1,0,1.37324,0,31,31,18,1,REAL,FALSA
,,,,,,,5f14cce2a936e90e353d6618,001,2020-12-30_15h10.32.666,lextale_sp,2020.2.3,MacIntel,60,,,,,,,,,35,rompido,0,,,0,1,1.05294,0,32,32,34,1,REAL,FALSA
,,,,,,,5f14cce2a936e90e353d6618,001,2020-12-30_15h10.32.666,lextale_sp,2020.2.3,MacIntel,60,,,,,,,,,62,flaco,1,,,0,0,0.752615,0,33,33,61,1,REAL,FALSA
,,,,,,,5f14cce2a936e90e353d6618,001,2020-12-30_15h10.32.666,lextale_sp,2020.2.3,MacIntel,60,,,,,,,,,24,látigo,1,,,1,1,0.635935,0,34,34,23,1,REAL,FALSA
,,,,,,,5f14cce2a936e90e353d6618,001,2020-12-30_15h10.32.666,lextale_sp,2020.2.3,MacIntel,60,,,,,,,,,59,besar,1,,,1,1,0.63591,0,35,35,58,1,REAL,FALSA
,,,,,,,5f14cce2a936e90e353d6618,001,2020-12-30_15h10.32.666,lextale_sp,2020.2.3,MacIntel,60,,,,,,,,,82,empirador,0,,,1,0,0.6523,0,36,36,81,1,REAL,FALSA
,,,,,,,5f14cce2a936e90e353d6618,001,2020-12-30_15h10.32.666,lextale_sp,2020.2.3,MacIntel,60,,,,,,,,,50,flamida,0,,,0,1,0.935705,0,37,37,49,1,REAL,FALSA
,,,,,,,5f14cce2a936e90e353d6618,001,2020-12-30_15h10.32.666,lextale_sp,2020.2.3,MacIntel,60,,,,,,,,,54,fomentar,1,,,1,1,0.90195,0,38,38,53,1,REAL,FALSA
,,,,,,,5f14cce2a936e90e353d6618,001,2020-12-30_15h10.32.666,lextale_sp,2020.2.3,MacIntel,60,,,,,,,,,3,pulmones,1,,,1,1,0.868735,0,39,39,2,1,REAL,FALSA
,,,,,,,5f14cce2a936e90e353d6618,001,2020-12-30_15h10.32.666,lextale_sp,2020.2.3,MacIntel,60,,,,,,,,,45,jilguero,1,,,0,0,0.63765,0,40,40,44,1,REAL,FALSA
,,,,,,,5f14cce2a936e90e353d6618,001,2020-12-30_15h10.32.666,lextale_sp,2020.2.3,MacIntel,60,,,,,,,,,17,floroso,0,,,1,0,0.619915,0,41,41,16,1,REAL,FALSA
,,,,,,,5f14cce2a936e90e353d6618,001,2020-12-30_15h10.32.666,lextale_sp,2020.2.3,MacIntel,60,,,,,,,,,83,guante,1,,,1,1,0.702665,0,42,42,82,1,REAL,FALSA
,,,,,,,5f14cce2a936e90e353d6618,001,2020-12-30_15h10.32.666,lextale_sp,2020.2.3,MacIntel,60,,,,,,,,,13,helar,1,,,0,0,0.586835,0,43,43,12,1,REAL,FALSA
,,,,,,,5f14cce2a936e90e353d6618,001,2020-12-30_15h10.32.666,lextale_sp,2020.2.3,MacIntel,60,,,,,,,,,34,aviso,1,,,1,1,0.703665,0,44,44,33,1,REAL,FALSA
,,,,,,,5f14cce2a936e90e353d6618,001,2020-12-30_15h10.32.666,lextale_sp,2020.2.3,MacIntel,60,,,,,,,,,64,orgulloso,1,,,1,1,0.751925,0,45,45,63,1,REAL,FALSA
,,,,,,,5f14cce2a936e90e353d6618,001,2020-12-30_15h10.32.666,lextale_sp,2020.2.3,MacIntel,60,,,,,,,,,71,polvoriento,1,,,1,1,1.020295,0,46,46,70,1,REAL,FALSA
,,,,,,,5f14cce2a936e90e353d6618,001,2020-12-30_15h10.32.666,lextale_sp,2020.2.3,MacIntel,60,,,,,,,,,68,alegre,1,,,1,1,1.019135,0,47,47,67,1,REAL,FALSA
,,,,,,,5f14cce2a936e90e353d6618,001,2020-12-30_15h10.32.666,lextale_sp,2020.2.3,MacIntel,60,,,,,,,,,51,candado,1,,,0,0,1.41937,0,48,48,50,1,REAL,FALSA
,,,,,,,5f14cce2a936e90e353d6618,001,2020-12-30_15h10.32.666,lextale_sp,2020.2.3,MacIntel,60,,,,,,,,,2,pellizcar,1,,,0,0,1.43411,0,49,49,1,1,REAL,FALSA
,,,,,,,5f14cce2a936e90e353d6618,001,2020-12-30_15h10.32.666,lextale_sp,2020.2.3,MacIntel,60,,,,,,,,,88,acantilado,1,,,1,1,1.370555,0,50,50,87,1,REAL,FALSA
,,,,,,,5f14cce2a936e90e353d6618,001,2020-12-30_15h10.32.666,lextale_sp,2020.2.3,MacIntel,60,,,,,,,,,14,yunque,1,,,0,0,0.635875,0,51,51,13,1,REAL,FALSA
,,,,,,,5f14cce2a936e90e353d6618,001,2020-12-30_15h10.32.666,lextale_sp,2020.2.3,MacIntel,60,,,,,,,,,69,engatusar,1,,,1,1,1.268985,0,52,52,68,1,REAL,FALSA
,,,,,,,5f14cce2a936e90e353d6618,001,2020-12-30_15h10.32.666,lextale_sp,2020.2.3,MacIntel,60,,,,,,,,,1,terzo,0,,,0,1,0.655125,0,53,53,0,1,REAL,FALSA
,,,,,,,5f14cce2a936e90e353d6618,001,2020-12-30_15h10.32.666,lextale_sp,2020.2.3,MacIntel,60,,,,,,,,,89,prisa,1,,,1,1,0.902915,0,54,54,88,1,REAL,FALSA
,,,,,,,5f14cce2a936e90e353d6618,001,2020-12-30_15h10.32.666,lextale_sp,2020.2.3,MacIntel,60,,,,,,,,,9,hacha,1,,,0,0,0.7697,0,55,55,8,1,REAL,FALSA
,,,,,,,5f14cce2a936e90e353d6618,001,2020-12-30_15h10.32.666,lextale_sp,2020.2.3,MacIntel,60,,,,,,,,,29,decar,0,,,0,1,1.20201,0,56,56,28,1,REAL,FALSA
,,,,,,,5f14cce2a936e90e353d6618,001,2020-12-30_15h10.32.666,lextale_sp,2020.2.3,MacIntel,60,,,,,,,,,55,nevar,1,,,1,1,0.66957,0,57,57,54,1,REAL,FALSA
,,,,,,,5f14cce2a936e90e353d6618,001,2020-12-30_15h10.32.666,lextale_sp,2020.2.3,MacIntel,60,,,,,,,,,42,cadallo,0,,,0,1,0.885565,0,58,58,41,1,REAL,FALSA
,,,,,,,5f14cce2a936e90e353d6618,001,2020-12-30_15h10.32.666,lextale_sp,2020.2.3,MacIntel,60,,,,,,,,,52,camisa,1,,,1,1,1.620645,0,59,59,51,1,REAL,FALSA
,,,,,,,5f14cce2a936e90e353d6618,001,2020-12-30_15h10.32.666,lextale_sp,2020.2.3,MacIntel,60,,,,,,,,,72,pemición,0,,,1,0,1.152235,0,60,60,71,1,REAL,FALSA
,,,,,,,5f14cce2a936e90e353d6618,001,2020-12-30_15h10.32.666,lextale_sp,2020.2.3,MacIntel,60,,,,,,,,,46,martillo,1,,,0,0,0.68602,0,61,61,45,1,REAL,FALSA
,,,,,,,5f14cce2a936e90e353d6618,001,2020-12-30_15h10.32.666,lextale_sp,2020.2.3,MacIntel,60,,,,,,,,,57,tacaño,1,,,1,1,0.518625,0,62,62,56,1,REAL,FALSA
,,,,,,,5f14cce2a936e90e353d6618,001,2020-12-30_15h10.32.666,lextale_sp,2020.2.3,MacIntel,60,,,,,,,,,61,seda,1,,,1,1,0.85213,0,63,63,60,1,REAL,FALSA
,,,,,,,5f14cce2a936e90e353d6618,001,2020-12-30_15h10.32.666,lextale_sp,2020.2.3,MacIntel,60,,,,,,,,,23,lampera,0,,,0,1,2.10221,0,64,64,22,1,REAL,FALSA
,,,,,,,5f14cce2a936e90e353d6618,001,2020-12-30_15h10.32.666,lextale_sp,2020.2.3,MacIntel,60,,,,,,,,,38,estornudar,1,,,1,1,0.81751,0,65,65,37,1,REAL,FALSA
,,,,,,,5f14cce2a936e90e353d6618,001,2020-12-30_15h10.32.666,lextale_sp,2020.2.3,MacIntel,60,,,,,,,,,22,lacayo,1,,,0,0,0.621465,0,66,66,21,1,REAL,FALSA
,,,,,,,5f14cce2a936e90e353d6618,001,2020-12-30_15h10.32.666,lextale_sp,2020.2.3,MacIntel,60,,,,,,,,,33,pauca,0,,,0,1,0.67023,0,67,67,32,1,REAL,FALSA
,,,,,,,5f14cce2a936e90e353d6618,001,2020-12-30_15h10.32.666,lextale_sp,2020.2.3,MacIntel,60,,,,,,,,,86,barato,1,,,1,1,0.548465,0,68,68,85,1,REAL,FALSA
,,,,,,,5f14cce2a936e90e353d6618,001,2020-12-30_15h10.32.666,lextale_sp,2020.2.3,MacIntel,60,,,,,,,,,5,zapato,1,,,1,1,0.58492,0,69,69,4,1,REAL,FALSA
,,,,,,,5f14cce2a936e90e353d6618,001,2020-12-30_15h10.32.666,lextale_sp,2020.2.3,MacIntel,60,,,,,,,,,80,hormiga,1,,,1,1,0.603045,0,70,70,79,1,REAL,FALSA
,,,,,,,5f14cce2a936e90e353d6618,001,2020-12-30_15h10.32.666,lextale_sp,2020.2.3,MacIntel,60,,,,,,,,,79,tropaje,0,,,1,0,0.55314,0,71,71,78,1,REAL,FALSA
,,,,,,,5f14cce2a936e90e353d6618,001,2020-12-30_15h10.32.666,lextale_sp,2020.2.3,MacIntel,60,,,,,,,,,53,vegada,0,,,0,1,0.55171,0,72,72,52,1,REAL,FALSA
,,,,,,,5f14cce2a936e90e353d6618,001,2020-12-30_15h10.32.666,lextale_sp,2020.2.3,MacIntel,60,,,,,,,,,44,cuchara,1,,,1,1,0.599335,0,73,73,43,1,REAL,FALSA
,,,,,,,5f14cce2a936e90e353d6618,001,2020-12-30_15h10.32.666,lextale_sp,2020.2.3,MacIntel,60,,,,,,,,,27,acutación,0,,,0,1,0.75328,0,74,74,26,1,REAL,FALSA
,,,,,,,5f14cce2a936e90e353d6618,001,2020-12-30_15h10.32.666,lextale_sp,2020.2.3,MacIntel,60,,,,,,,,,47,cartinar,0,,,0,1,0.736345,0,75,75,46,1,REAL,FALSA
,,,,,,,5f14cce2a936e90e353d6618,001,2020-12-30_15h10.32.666,lextale_sp,2020.2.3,MacIntel,60,,,,,,,,,87,grodo,0,,,0,1,0.618975,0,76,76,86,1,REAL,FALSA
,,,,,,,5f14cce2a936e90e353d6618,001,2020-12-30_15h10.32.666,lextale_sp,2020.2.3,MacIntel,60,,,,,,,,,16,abracer,0,,,1,0,0.599805,0,77,77,15,1,REAL,FALSA
,,,,,,,5f14cce2a936e90e353d6618,001,2020-12-30_15h10.32.666,lextale_sp,2020.2.3,MacIntel,60,,,,,,,,,18,arsa,0,,,0,1,0.68259,0,78,78,17,1,REAL,FALSA
,,,,,,,5f14cce2a936e90e353d6618,001,2020-12-30_15h10.32.666,lextale_sp,2020.2.3,MacIntel,60,,,,,,,,,81,pozo,1,,,0,0,0.619485,0,79,79,80,1,REAL,FALSA
,,,,,,,5f14cce2a936e90e353d6618,001,2020-12-30_15h10.32.666,lextale_sp,2020.2.3,MacIntel,60,,,,,,,,,60,matar,1,,,1,1,0.53639,0,80,80,59,1,REAL,FALSA
,,,,,,,5f14cce2a936e90e353d6618,001,2020-12-30_15h10.32.666,lextale_sp,2020.2.3,MacIntel,60,,,,,,,,,65,bizcocho,1,,,0,0,0.703145,0,81,81,64,1,REAL,FALSA
,,,,,,,5f14cce2a936e90e353d6618,001,2020-12-30_15h10.32.666,lextale_sp,2020.2.3,MacIntel,60,,,,,,,,,85,laúd,1,,,0,0,0.70177,0,82,82,84,1,REAL,FALSA
,,,,,,,5f14cce2a936e90e353d6618,001,2020-12-30_15h10.32.666,lextale_sp,2020.2.3,MacIntel,60,,,,,,,,,41,rebuscar,1,,,1,1,0.817625,0,83,83,40,1,REAL,FALSA
,,,,,,,5f14cce2a936e90e353d6618,001,2020-12-30_15h10.32.666,lextale_sp,2020.2.3,MacIntel,60,,,,,,,,,7,pésimo,1,,,1,1,0.836925,0,84,84,6,1,REAL,FALSA
,,,,,,,5f14cce2a936e90e353d6618,001,2020-12-30_15h10.32.666,lextale_sp,2020.2.3,MacIntel,60,,,,,,,,,12,asesinato,1,,,1,1,0.619195,0,85,85,11,1,REAL,FALSA
,,,,,,,5f14cce2a936e90e353d6618,001,2020-12-30_15h10.32.666,lextale_sp,2020.2.3,MacIntel,60,,,,,,,,,39,torpe,1,,,0,0,0.81876,0,86,86,38,1,REAL,FALSA
,,,,,,,5f14cce2a936e90e353d6618,001,2020-12-30_15h10.32.666,lextale_sp,2020.2.3,MacIntel,60,,,,,,,,,66,hacido,0,,,0,1,0.80112,0,87,87,65,1,REAL,FALSA
,,,,,,,5f14cce2a936e90e353d6618,001,2020-12-30_15h10.32.666,lextale_sp,2020.2.3,MacIntel,60,,,,,,,,,67,cabello,1,,,1,1,0.619425,0,88,88,66,1,REAL,FALSA
,,,,,,,5f14cce2a936e90e353d6618,001,2020-12-30_15h10.32.666,lextale_sp,2020.2.3,MacIntel,60,,,,,,,,,20,ávido,1,,,1,1,0.603365,0,89,89,19,1,REAL,FALSA
