lextale_instructions_loop.thisRepN,lextale_instructions_loop.thisTrialN,lextale_instructions_loop.thisN,lextale_instructions_loop.thisIndex,lextale_instructions_loop.ran,instructions_text,continue_text,participant,session,date,expName,psychopyVersion,OS,frameRate,key_resp_lextale_practice.keys,key_resp_lextale_practice.corr,key_resp_lextale_practice.rt,lextale_practice_trials.thisRepN,lextale_practice_trials.thisTrialN,lextale_practice_trials.thisN,lextale_practice_trials.thisIndex,lextale_practice_trials.ran,stim,word,correct_response,prac_button_real,prac_button_false,key_resp_lextale_trial.keys,key_resp_lextale_trial.corr,key_resp_lextale_trial.rt,lextail_trials.thisRepN,lextail_trials.thisTrialN,lextail_trials.thisN,lextail_trials.thisIndex,lextail_trials.ran,button_real,button_false
0,0,0,0,1,"Este es un test de vocabulario en español. 
  
  A continuación vas a ver 90 secuencias de letras que parecen 'españolas'.
  
  Solo algunas de ellas son palabras de verdad.",(presiona la barra espaciadora para continuar),5f4000a47ed89c0e7f2e3760,001,2020-12-14_04h24.11.492,lextale_sp,2020.2.3,Win32,60,,,,,,,,,,,,,,,,,,,,,,,
0,1,1,1,1,"Por favor, señala las palabras que tú conoces (aquellas que estás convencido que son palabras españolas, incluso aunque no seas capaz de dar el significado preciso).",(presiona la barra espaciadora para continuar),5f4000a47ed89c0e7f2e3760,001,2020-12-14_04h24.11.492,lextale_sp,2020.2.3,Win32,60,,,,,,,,,,,,,,,,,,,,,,,
0,2,2,2,1,Pero cuidado: los errores se penalizan. Por eso no tiene sentido tratar de incrementar tu puntuación marcando como reales palabras que nunca has visto.,(presiona la barra espaciadora para continuar),5f4000a47ed89c0e7f2e3760,001,2020-12-14_04h24.11.492,lextale_sp,2020.2.3,Win32,60,,,,,,,,,,,,,,,,,,,,,,,
0,3,3,3,1,"Presiona la tecla 1 si piensas que es una palabra real y la tecla 
  0 si piensas que es una palabra falsa. 
  
  Vamos a practicar un poco...",(presiona la barra espaciadora para continuar),5f4000a47ed89c0e7f2e3760,001,2020-12-14_04h24.11.492,lextale_sp,2020.2.3,Win32,60,,,,,,,,,,,,,,,,,,,,,,,
,,,,,,,5f4000a47ed89c0e7f2e3760,001,2020-12-14_04h24.11.492,lextale_sp,2020.2.3,Win32,60,0,1,15.76685,0,0,0,0,1,0,depiste,0,REAL,FALSA,,,,,,,,,,
,,,,,,,5f4000a47ed89c0e7f2e3760,001,2020-12-14_04h24.11.492,lextale_sp,2020.2.3,Win32,60,1,1,2.121355,0,1,1,1,1,0,sí,1,REAL,FALSA,,,,,,,,,,
,,,,,,,5f4000a47ed89c0e7f2e3760,001,2020-12-14_04h24.11.492,lextale_sp,2020.2.3,Win32,60,1,0,4.540695,0,2,2,2,1,0,coné,0,REAL,FALSA,,,,,,,,,,
,,,,,,,5f4000a47ed89c0e7f2e3760,001,2020-12-14_04h24.11.492,lextale_sp,2020.2.3,Win32,60,0,1,3.48626,0,3,3,3,1,0,calpar,0,REAL,FALSA,,,,,,,,,,
,,,,,,,5f4000a47ed89c0e7f2e3760,001,2020-12-14_04h24.11.492,lextale_sp,2020.2.3,Win32,60,0,1,2.76367,0,4,4,4,1,0,joten,0,REAL,FALSA,,,,,,,,,,
,,,,,,,5f4000a47ed89c0e7f2e3760,001,2020-12-14_04h24.11.492,lextale_sp,2020.2.3,Win32,60,0,0,2.997205,0,5,5,5,1,0,sacapuntas,1,REAL,FALSA,,,,,,,,,,
,,,,,,,5f4000a47ed89c0e7f2e3760,001,2020-12-14_04h24.11.492,lextale_sp,2020.2.3,Win32,60,0,1,5.404005,0,6,6,6,1,0,priba,0,REAL,FALSA,,,,,,,,,,
,,,,,,,5f4000a47ed89c0e7f2e3760,001,2020-12-14_04h24.11.492,lextale_sp,2020.2.3,Win32,60,0,1,5.309615,0,7,7,7,1,0,pelasula,0,REAL,FALSA,,,,,,,,,,
,,,,,,,5f4000a47ed89c0e7f2e3760,001,2020-12-14_04h24.11.492,lextale_sp,2020.2.3,Win32,60,1,1,1.70123,0,8,8,8,1,0,bien,1,REAL,FALSA,,,,,,,,,,
,,,,,,,5f4000a47ed89c0e7f2e3760,001,2020-12-14_04h24.11.492,lextale_sp,2020.2.3,Win32,60,1,1,2.48336,0,9,9,9,1,0,casa,1,REAL,FALSA,,,,,,,,,,
,,,,,,,5f4000a47ed89c0e7f2e3760,001,2020-12-14_04h24.11.492,lextale_sp,2020.2.3,Win32,60,1,0,2.38697,0,10,10,10,1,0,lejo,0,REAL,FALSA,,,,,,,,,,
,,,,,,,5f4000a47ed89c0e7f2e3760,001,2020-12-14_04h24.11.492,lextale_sp,2020.2.3,Win32,60,0,1,4.534285,0,11,11,11,1,0,pretantas,0,REAL,FALSA,,,,,,,,,,
,,,,,,,5f4000a47ed89c0e7f2e3760,001,2020-12-14_04h24.11.492,lextale_sp,2020.2.3,Win32,60,,,,,,,,,49,ganar,1,,,1,1,2.6247,0,0,0,48,1,REAL,FALSA
,,,,,,,5f4000a47ed89c0e7f2e3760,001,2020-12-14_04h24.11.492,lextale_sp,2020.2.3,Win32,60,,,,,,,,,21,capillo,0,,,1,0,1.77022,0,1,1,20,1,REAL,FALSA
,,,,,,,5f4000a47ed89c0e7f2e3760,001,2020-12-14_04h24.11.492,lextale_sp,2020.2.3,Win32,60,,,,,,,,,8,cadeña,0,,,1,0,1.24614,0,2,2,7,1,REAL,FALSA
,,,,,,,5f4000a47ed89c0e7f2e3760,001,2020-12-14_04h24.11.492,lextale_sp,2020.2.3,Win32,60,,,,,,,,,79,tropaje,0,,,1,0,2.31235,0,3,3,78,1,REAL,FALSA
,,,,,,,5f4000a47ed89c0e7f2e3760,001,2020-12-14_04h24.11.492,lextale_sp,2020.2.3,Win32,60,,,,,,,,,70,temblo,0,,,1,0,2.56235,0,4,4,69,1,REAL,FALSA
,,,,,,,5f4000a47ed89c0e7f2e3760,001,2020-12-14_04h24.11.492,lextale_sp,2020.2.3,Win32,60,,,,,,,,,84,escuto,0,,,0,1,2.80671,0,5,5,83,1,REAL,FALSA
,,,,,,,5f4000a47ed89c0e7f2e3760,001,2020-12-14_04h24.11.492,lextale_sp,2020.2.3,Win32,60,,,,,,,,,85,laúd,1,,,1,1,3.886795,0,6,6,84,1,REAL,FALSA
,,,,,,,5f4000a47ed89c0e7f2e3760,001,2020-12-14_04h24.11.492,lextale_sp,2020.2.3,Win32,60,,,,,,,,,61,seda,1,,,1,1,1.22604,0,7,7,60,1,REAL,FALSA
,,,,,,,5f4000a47ed89c0e7f2e3760,001,2020-12-14_04h24.11.492,lextale_sp,2020.2.3,Win32,60,,,,,,,,,44,cuchara,1,,,1,1,1.58493,0,8,8,43,1,REAL,FALSA
,,,,,,,5f4000a47ed89c0e7f2e3760,001,2020-12-14_04h24.11.492,lextale_sp,2020.2.3,Win32,60,,,,,,,,,39,torpe,1,,,1,1,1.7009,0,9,9,38,1,REAL,FALSA
,,,,,,,5f4000a47ed89c0e7f2e3760,001,2020-12-14_04h24.11.492,lextale_sp,2020.2.3,Win32,60,,,,,,,,,69,engatusar,1,,,0,0,5.56734,0,10,10,68,1,REAL,FALSA
,,,,,,,5f4000a47ed89c0e7f2e3760,001,2020-12-14_04h24.11.492,lextale_sp,2020.2.3,Win32,60,,,,,,,,,51,candado,1,,,1,1,4.81156,0,11,11,50,1,REAL,FALSA
,,,,,,,5f4000a47ed89c0e7f2e3760,001,2020-12-14_04h24.11.492,lextale_sp,2020.2.3,Win32,60,,,,,,,,,40,alfombra,1,,,1,1,1.514015,0,12,12,39,1,REAL,FALSA
,,,,,,,5f4000a47ed89c0e7f2e3760,001,2020-12-14_04h24.11.492,lextale_sp,2020.2.3,Win32,60,,,,,,,,,45,jilguero,1,,,1,1,1.562135,0,13,13,44,1,REAL,FALSA
,,,,,,,5f4000a47ed89c0e7f2e3760,001,2020-12-14_04h24.11.492,lextale_sp,2020.2.3,Win32,60,,,,,,,,,83,guante,1,,,1,1,2.44405,0,14,14,82,1,REAL,FALSA
,,,,,,,5f4000a47ed89c0e7f2e3760,001,2020-12-14_04h24.11.492,lextale_sp,2020.2.3,Win32,60,,,,,,,,,34,aviso,1,,,1,1,1.67615,0,15,15,33,1,REAL,FALSA
,,,,,,,5f4000a47ed89c0e7f2e3760,001,2020-12-14_04h24.11.492,lextale_sp,2020.2.3,Win32,60,,,,,,,,,58,plaudir,0,,,1,0,2.651325,0,16,16,57,1,REAL,FALSA
,,,,,,,5f4000a47ed89c0e7f2e3760,001,2020-12-14_04h24.11.492,lextale_sp,2020.2.3,Win32,60,,,,,,,,,30,alardio,0,,,0,1,3.125555,0,17,17,29,1,REAL,FALSA
,,,,,,,5f4000a47ed89c0e7f2e3760,001,2020-12-14_04h24.11.492,lextale_sp,2020.2.3,Win32,60,,,,,,,,,46,martillo,1,,,1,1,2.65481,0,18,18,45,1,REAL,FALSA
,,,,,,,5f4000a47ed89c0e7f2e3760,001,2020-12-14_04h24.11.492,lextale_sp,2020.2.3,Win32,60,,,,,,,,,66,hacido,0,,,1,0,2.41314,0,19,19,65,1,REAL,FALSA
,,,,,,,5f4000a47ed89c0e7f2e3760,001,2020-12-14_04h24.11.492,lextale_sp,2020.2.3,Win32,60,,,,,,,,,71,polvoriento,1,,,1,1,1.713745,0,20,20,70,1,REAL,FALSA
,,,,,,,5f4000a47ed89c0e7f2e3760,001,2020-12-14_04h24.11.492,lextale_sp,2020.2.3,Win32,60,,,,,,,,,67,cabello,1,,,1,1,1.785205,0,21,21,66,1,REAL,FALSA
,,,,,,,5f4000a47ed89c0e7f2e3760,001,2020-12-14_04h24.11.492,lextale_sp,2020.2.3,Win32,60,,,,,,,,,35,rompido,0,,,1,0,1.91833,0,22,22,34,1,REAL,FALSA
,,,,,,,5f4000a47ed89c0e7f2e3760,001,2020-12-14_04h24.11.492,lextale_sp,2020.2.3,Win32,60,,,,,,,,,1,terzo,0,,,0,1,3.81673,0,23,23,0,1,REAL,FALSA
,,,,,,,5f4000a47ed89c0e7f2e3760,001,2020-12-14_04h24.11.492,lextale_sp,2020.2.3,Win32,60,,,,,,,,,29,decar,0,,,1,0,4.18452,0,24,24,28,1,REAL,FALSA
,,,,,,,5f4000a47ed89c0e7f2e3760,001,2020-12-14_04h24.11.492,lextale_sp,2020.2.3,Win32,60,,,,,,,,,47,cartinar,0,,,0,1,4.550595,0,25,25,46,1,REAL,FALSA
,,,,,,,5f4000a47ed89c0e7f2e3760,001,2020-12-14_04h24.11.492,lextale_sp,2020.2.3,Win32,60,,,,,,,,,90,clavel,1,,,1,1,2.460575,0,26,26,89,1,REAL,FALSA
,,,,,,,5f4000a47ed89c0e7f2e3760,001,2020-12-14_04h24.11.492,lextale_sp,2020.2.3,Win32,60,,,,,,,,,87,grodo,0,,,0,1,3.783735,0,27,27,86,1,REAL,FALSA
,,,,,,,5f4000a47ed89c0e7f2e3760,001,2020-12-14_04h24.11.492,lextale_sp,2020.2.3,Win32,60,,,,,,,,,38,estornudar,1,,,1,1,2.39065,0,28,28,37,1,REAL,FALSA
,,,,,,,5f4000a47ed89c0e7f2e3760,001,2020-12-14_04h24.11.492,lextale_sp,2020.2.3,Win32,60,,,,,,,,,32,fatacidad,0,,,1,0,1.71105,0,29,29,31,1,REAL,FALSA
,,,,,,,5f4000a47ed89c0e7f2e3760,001,2020-12-14_04h24.11.492,lextale_sp,2020.2.3,Win32,60,,,,,,,,,15,regar,1,,,1,1,1.696415,0,30,30,14,1,REAL,FALSA
,,,,,,,5f4000a47ed89c0e7f2e3760,001,2020-12-14_04h24.11.492,lextale_sp,2020.2.3,Win32,60,,,,,,,,,12,asesinato,1,,,1,1,1.63802,0,31,31,11,1,REAL,FALSA
,,,,,,,5f4000a47ed89c0e7f2e3760,001,2020-12-14_04h24.11.492,lextale_sp,2020.2.3,Win32,60,,,,,,,,,56,musgo,1,,,1,1,1.56827,0,32,32,55,1,REAL,FALSA
,,,,,,,5f4000a47ed89c0e7f2e3760,001,2020-12-14_04h24.11.492,lextale_sp,2020.2.3,Win32,60,,,,,,,,,42,cadallo,0,,,1,0,2.578505,0,33,33,41,1,REAL,FALSA
,,,,,,,5f4000a47ed89c0e7f2e3760,001,2020-12-14_04h24.11.492,lextale_sp,2020.2.3,Win32,60,,,,,,,,,14,yunque,1,,,1,1,3.88086,0,34,34,13,1,REAL,FALSA
,,,,,,,5f4000a47ed89c0e7f2e3760,001,2020-12-14_04h24.11.492,lextale_sp,2020.2.3,Win32,60,,,,,,,,,63,esposante,0,,,1,0,2.388115,0,35,35,62,1,REAL,FALSA
,,,,,,,5f4000a47ed89c0e7f2e3760,001,2020-12-14_04h24.11.492,lextale_sp,2020.2.3,Win32,60,,,,,,,,,36,loro,1,,,1,1,2.612605,0,36,36,35,1,REAL,FALSA
,,,,,,,5f4000a47ed89c0e7f2e3760,001,2020-12-14_04h24.11.492,lextale_sp,2020.2.3,Win32,60,,,,,,,,,2,pellizcar,1,,,1,1,3.672405,0,37,37,1,1,REAL,FALSA
,,,,,,,5f4000a47ed89c0e7f2e3760,001,2020-12-14_04h24.11.492,lextale_sp,2020.2.3,Win32,60,,,,,,,,,24,látigo,1,,,1,1,1.767575,0,38,38,23,1,REAL,FALSA
,,,,,,,5f4000a47ed89c0e7f2e3760,001,2020-12-14_04h24.11.492,lextale_sp,2020.2.3,Win32,60,,,,,,,,,23,lampera,0,,,0,1,3.65948,0,39,39,22,1,REAL,FALSA
,,,,,,,5f4000a47ed89c0e7f2e3760,001,2020-12-14_04h24.11.492,lextale_sp,2020.2.3,Win32,60,,,,,,,,,53,vegada,0,,,0,1,3.45039,0,40,40,52,1,REAL,FALSA
,,,,,,,5f4000a47ed89c0e7f2e3760,001,2020-12-14_04h24.11.492,lextale_sp,2020.2.3,Win32,60,,,,,,,,,82,empirador,0,,,0,1,6.018945,0,41,41,81,1,REAL,FALSA
,,,,,,,5f4000a47ed89c0e7f2e3760,001,2020-12-14_04h24.11.492,lextale_sp,2020.2.3,Win32,60,,,,,,,,,60,matar,1,,,1,1,2.707095,0,42,42,59,1,REAL,FALSA
,,,,,,,5f4000a47ed89c0e7f2e3760,001,2020-12-14_04h24.11.492,lextale_sp,2020.2.3,Win32,60,,,,,,,,,10,antar,0,,,0,1,5.17772,0,43,43,9,1,REAL,FALSA
,,,,,,,5f4000a47ed89c0e7f2e3760,001,2020-12-14_04h24.11.492,lextale_sp,2020.2.3,Win32,60,,,,,,,,,4,batillón,0,,,0,1,8.808305,0,44,44,3,1,REAL,FALSA
,,,,,,,5f4000a47ed89c0e7f2e3760,001,2020-12-14_04h24.11.492,lextale_sp,2020.2.3,Win32,60,,,,,,,,,77,tiburón,1,,,1,1,2.445265,0,45,45,76,1,REAL,FALSA
,,,,,,,5f4000a47ed89c0e7f2e3760,001,2020-12-14_04h24.11.492,lextale_sp,2020.2.3,Win32,60,,,,,,,,,62,flaco,1,,,1,1,1.47166,0,46,46,61,1,REAL,FALSA
,,,,,,,5f4000a47ed89c0e7f2e3760,001,2020-12-14_04h24.11.492,lextale_sp,2020.2.3,Win32,60,,,,,,,,,50,flamida,0,,,1,0,1.44274,0,47,47,49,1,REAL,FALSA
,,,,,,,5f4000a47ed89c0e7f2e3760,001,2020-12-14_04h24.11.492,lextale_sp,2020.2.3,Win32,60,,,,,,,,,88,acantilado,1,,,1,1,2.01733,0,48,48,87,1,REAL,FALSA
,,,,,,,5f4000a47ed89c0e7f2e3760,001,2020-12-14_04h24.11.492,lextale_sp,2020.2.3,Win32,60,,,,,,,,,54,fomentar,1,,,1,1,6.076165,0,49,49,53,1,REAL,FALSA
,,,,,,,5f4000a47ed89c0e7f2e3760,001,2020-12-14_04h24.11.492,lextale_sp,2020.2.3,Win32,60,,,,,,,,,25,bisagra,1,,,1,1,2.772295,0,50,50,24,1,REAL,FALSA
,,,,,,,5f4000a47ed89c0e7f2e3760,001,2020-12-14_04h24.11.492,lextale_sp,2020.2.3,Win32,60,,,,,,,,,17,floroso,0,,,1,0,1.7122,0,51,51,16,1,REAL,FALSA
,,,,,,,5f4000a47ed89c0e7f2e3760,001,2020-12-14_04h24.11.492,lextale_sp,2020.2.3,Win32,60,,,,,,,,,19,brecedad,0,,,1,0,2.676465,0,52,52,18,1,REAL,FALSA
,,,,,,,5f4000a47ed89c0e7f2e3760,001,2020-12-14_04h24.11.492,lextale_sp,2020.2.3,Win32,60,,,,,,,,,59,besar,1,,,1,1,1.67894,0,53,53,58,1,REAL,FALSA
,,,,,,,5f4000a47ed89c0e7f2e3760,001,2020-12-14_04h24.11.492,lextale_sp,2020.2.3,Win32,60,,,,,,,,,20,ávido,1,,,1,1,2.56139,0,54,54,19,1,REAL,FALSA
,,,,,,,5f4000a47ed89c0e7f2e3760,001,2020-12-14_04h24.11.492,lextale_sp,2020.2.3,Win32,60,,,,,,,,,76,atar,1,,,1,1,2.996555,0,55,55,75,1,REAL,FALSA
,,,,,,,5f4000a47ed89c0e7f2e3760,001,2020-12-14_04h24.11.492,lextale_sp,2020.2.3,Win32,60,,,,,,,,,31,pandilla,1,,,1,1,1.490265,0,56,56,30,1,REAL,FALSA
,,,,,,,5f4000a47ed89c0e7f2e3760,001,2020-12-14_04h24.11.492,lextale_sp,2020.2.3,Win32,60,,,,,,,,,13,helar,1,,,1,1,2.074115,0,57,57,12,1,REAL,FALSA
,,,,,,,5f4000a47ed89c0e7f2e3760,001,2020-12-14_04h24.11.492,lextale_sp,2020.2.3,Win32,60,,,,,,,,,48,ladrón,1,,,1,1,4.273735,0,58,58,47,1,REAL,FALSA
,,,,,,,5f4000a47ed89c0e7f2e3760,001,2020-12-14_04h24.11.492,lextale_sp,2020.2.3,Win32,60,,,,,,,,,18,arsa,0,,,1,0,2.891785,0,59,59,17,1,REAL,FALSA
,,,,,,,5f4000a47ed89c0e7f2e3760,001,2020-12-14_04h24.11.492,lextale_sp,2020.2.3,Win32,60,,,,,,,,,9,hacha,1,,,1,1,1.721745,0,60,60,8,1,REAL,FALSA
,,,,,,,5f4000a47ed89c0e7f2e3760,001,2020-12-14_04h24.11.492,lextale_sp,2020.2.3,Win32,60,,,,,,,,,64,orgulloso,1,,,1,1,3.484005,0,61,61,63,1,REAL,FALSA
,,,,,,,5f4000a47ed89c0e7f2e3760,001,2020-12-14_04h24.11.492,lextale_sp,2020.2.3,Win32,60,,,,,,,,,43,canela,1,,,1,1,1.317515,0,62,62,42,1,REAL,FALSA
,,,,,,,5f4000a47ed89c0e7f2e3760,001,2020-12-14_04h24.11.492,lextale_sp,2020.2.3,Win32,60,,,,,,,,,86,barato,1,,,1,1,1.29618,0,63,63,85,1,REAL,FALSA
,,,,,,,5f4000a47ed89c0e7f2e3760,001,2020-12-14_04h24.11.492,lextale_sp,2020.2.3,Win32,60,,,,,,,,,68,alegre,1,,,1,1,1.31736,0,64,64,67,1,REAL,FALSA
,,,,,,,5f4000a47ed89c0e7f2e3760,001,2020-12-14_04h24.11.492,lextale_sp,2020.2.3,Win32,60,,,,,,,,,22,lacayo,1,,,1,1,1.635425,0,65,65,21,1,REAL,FALSA
,,,,,,,5f4000a47ed89c0e7f2e3760,001,2020-12-14_04h24.11.492,lextale_sp,2020.2.3,Win32,60,,,,,,,,,81,pozo,1,,,1,1,5.207935,0,66,66,80,1,REAL,FALSA
,,,,,,,5f4000a47ed89c0e7f2e3760,001,2020-12-14_04h24.11.492,lextale_sp,2020.2.3,Win32,60,,,,,,,,,65,bizcocho,1,,,0,0,3.49752,0,67,67,64,1,REAL,FALSA
,,,,,,,5f4000a47ed89c0e7f2e3760,001,2020-12-14_04h24.11.492,lextale_sp,2020.2.3,Win32,60,,,,,,,,,5,zapato,1,,,1,1,1.170235,0,68,68,4,1,REAL,FALSA
,,,,,,,5f4000a47ed89c0e7f2e3760,001,2020-12-14_04h24.11.492,lextale_sp,2020.2.3,Win32,60,,,,,,,,,28,merodear,1,,,1,1,3.131095,0,69,69,27,1,REAL,FALSA
,,,,,,,5f4000a47ed89c0e7f2e3760,001,2020-12-14_04h24.11.492,lextale_sp,2020.2.3,Win32,60,,,,,,,,,11,cenefa,1,,,1,1,1.32946,0,70,70,10,1,REAL,FALSA
,,,,,,,5f4000a47ed89c0e7f2e3760,001,2020-12-14_04h24.11.492,lextale_sp,2020.2.3,Win32,60,,,,,,,,,78,frondoso,1,,,1,1,1.5097,0,71,71,77,1,REAL,FALSA
,,,,,,,5f4000a47ed89c0e7f2e3760,001,2020-12-14_04h24.11.492,lextale_sp,2020.2.3,Win32,60,,,,,,,,,37,granuja,1,,,1,1,2.023945,0,72,72,36,1,REAL,FALSA
,,,,,,,5f4000a47ed89c0e7f2e3760,001,2020-12-14_04h24.11.492,lextale_sp,2020.2.3,Win32,60,,,,,,,,,75,yacer,1,,,1,1,1.73519,0,73,73,74,1,REAL,FALSA
,,,,,,,5f4000a47ed89c0e7f2e3760,001,2020-12-14_04h24.11.492,lextale_sp,2020.2.3,Win32,60,,,,,,,,,89,prisa,1,,,1,1,2.0056,0,74,74,88,1,REAL,FALSA
,,,,,,,5f4000a47ed89c0e7f2e3760,001,2020-12-14_04h24.11.492,lextale_sp,2020.2.3,Win32,60,,,,,,,,,27,acutación,0,,,1,0,1.42212,0,75,75,26,1,REAL,FALSA
,,,,,,,5f4000a47ed89c0e7f2e3760,001,2020-12-14_04h24.11.492,lextale_sp,2020.2.3,Win32,60,,,,,,,,,74,cintro,0,,,0,1,4.906285,0,76,76,73,1,REAL,FALSA
,,,,,,,5f4000a47ed89c0e7f2e3760,001,2020-12-14_04h24.11.492,lextale_sp,2020.2.3,Win32,60,,,,,,,,,7,pésimo,1,,,1,1,2.02547,0,77,77,6,1,REAL,FALSA
,,,,,,,5f4000a47ed89c0e7f2e3760,001,2020-12-14_04h24.11.492,lextale_sp,2020.2.3,Win32,60,,,,,,,,,52,camisa,1,,,1,1,2.005025,0,78,78,51,1,REAL,FALSA
,,,,,,,5f4000a47ed89c0e7f2e3760,001,2020-12-14_04h24.11.492,lextale_sp,2020.2.3,Win32,60,,,,,,,,,80,hormiga,1,,,1,1,3.45063,0,79,79,79,1,REAL,FALSA
,,,,,,,5f4000a47ed89c0e7f2e3760,001,2020-12-14_04h24.11.492,lextale_sp,2020.2.3,Win32,60,,,,,,,,,26,secuestro,1,,,1,1,1.390525,0,80,80,25,1,REAL,FALSA
,,,,,,,5f4000a47ed89c0e7f2e3760,001,2020-12-14_04h24.11.492,lextale_sp,2020.2.3,Win32,60,,,,,,,,,3,pulmones,1,,,1,1,2.605885,0,81,81,2,1,REAL,FALSA
,,,,,,,5f4000a47ed89c0e7f2e3760,001,2020-12-14_04h24.11.492,lextale_sp,2020.2.3,Win32,60,,,,,,,,,73,hervidor,1,,,0,0,4.38457,0,82,82,72,1,REAL,FALSA
,,,,,,,5f4000a47ed89c0e7f2e3760,001,2020-12-14_04h24.11.492,lextale_sp,2020.2.3,Win32,60,,,,,,,,,41,rebuscar,1,,,1,1,2.32172,0,83,83,40,1,REAL,FALSA
,,,,,,,5f4000a47ed89c0e7f2e3760,001,2020-12-14_04h24.11.492,lextale_sp,2020.2.3,Win32,60,,,,,,,,,57,tacaño,1,,,1,1,3.406085,0,84,84,56,1,REAL,FALSA
,,,,,,,5f4000a47ed89c0e7f2e3760,001,2020-12-14_04h24.11.492,lextale_sp,2020.2.3,Win32,60,,,,,,,,,6,tergiversar,1,,,1,1,2.13902,0,85,85,5,1,REAL,FALSA
,,,,,,,5f4000a47ed89c0e7f2e3760,001,2020-12-14_04h24.11.492,lextale_sp,2020.2.3,Win32,60,,,,,,,,,16,abracer,0,,,1,0,1.25907,0,86,86,15,1,REAL,FALSA
,,,,,,,5f4000a47ed89c0e7f2e3760,001,2020-12-14_04h24.11.492,lextale_sp,2020.2.3,Win32,60,,,,,,,,,72,pemición,0,,,1,0,2.494275,0,87,87,71,1,REAL,FALSA
,,,,,,,5f4000a47ed89c0e7f2e3760,001,2020-12-14_04h24.11.492,lextale_sp,2020.2.3,Win32,60,,,,,,,,,33,pauca,0,,,0,1,3.44349,0,88,88,32,1,REAL,FALSA
,,,,,,,5f4000a47ed89c0e7f2e3760,001,2020-12-14_04h24.11.492,lextale_sp,2020.2.3,Win32,60,,,,,,,,,55,nevar,1,,,0,0,6.19312,0,89,89,54,1,REAL,FALSA
