lextale_instructions_loop.thisRepN,lextale_instructions_loop.thisTrialN,lextale_instructions_loop.thisN,lextale_instructions_loop.thisIndex,lextale_instructions_loop.ran,instructions_text,continue_text,participant,session,date,expName,psychopyVersion,OS,frameRate,key_resp_lextale_practice.keys,key_resp_lextale_practice.corr,key_resp_lextale_practice.rt,lextale_practice_trials.thisRepN,lextale_practice_trials.thisTrialN,lextale_practice_trials.thisN,lextale_practice_trials.thisIndex,lextale_practice_trials.ran,stim,word,correct_response,prac_button_real,prac_button_false,key_resp_lextale_trial.keys,key_resp_lextale_trial.corr,key_resp_lextale_trial.rt,lextail_trials.thisRepN,lextail_trials.thisTrialN,lextail_trials.thisN,lextail_trials.thisIndex,lextail_trials.ran,button_real,button_false
0,0,0,0,1,"Este es un test de vocabulario en español. 
  
  A continuación vas a ver 90 secuencias de letras que parecen 'españolas'.
  
  Solo algunas de ellas son palabras de verdad.",(presiona la barra espaciadora para continuar),5f4ccbb4c3368e7d1a66c89c,001,2020-10-29_17h21.50.644,lextale_sp,2020.2.3,Win32,60,,,,,,,,,,,,,,,,,,,,,,,
0,1,1,1,1,"Por favor, señala las palabras que tú conoces (aquellas que estás convencido que son palabras españolas, incluso aunque no seas capaz de dar el significado preciso).",(presiona la barra espaciadora para continuar),5f4ccbb4c3368e7d1a66c89c,001,2020-10-29_17h21.50.644,lextale_sp,2020.2.3,Win32,60,,,,,,,,,,,,,,,,,,,,,,,
0,2,2,2,1,Pero cuidado: los errores se penalizan. Por eso no tiene sentido tratar de incrementar tu puntuación marcando como reales palabras que nunca has visto.,(presiona la barra espaciadora para continuar),5f4ccbb4c3368e7d1a66c89c,001,2020-10-29_17h21.50.644,lextale_sp,2020.2.3,Win32,60,,,,,,,,,,,,,,,,,,,,,,,
0,3,3,3,1,"Presiona la tecla 1 si piensas que es una palabra real y la tecla 
  0 si piensas que es una palabra falsa. 
  
  Vamos a practicar un poco...",(presiona la barra espaciadora para continuar),5f4ccbb4c3368e7d1a66c89c,001,2020-10-29_17h21.50.644,lextale_sp,2020.2.3,Win32,60,,,,,,,,,,,,,,,,,,,,,,,
,,,,,,,5f4ccbb4c3368e7d1a66c89c,001,2020-10-29_17h21.50.644,lextale_sp,2020.2.3,Win32,60,0,1,15.403125,0,0,0,0,1,0,depiste,0,REAL,FALSA,,,,,,,,,,
,,,,,,,5f4ccbb4c3368e7d1a66c89c,001,2020-10-29_17h21.50.644,lextale_sp,2020.2.3,Win32,60,1,1,2.006645,0,1,1,1,1,0,sí,1,REAL,FALSA,,,,,,,,,,
,,,,,,,5f4ccbb4c3368e7d1a66c89c,001,2020-10-29_17h21.50.644,lextale_sp,2020.2.3,Win32,60,1,0,2.858585,0,2,2,2,1,0,coné,0,REAL,FALSA,,,,,,,,,,
,,,,,,,5f4ccbb4c3368e7d1a66c89c,001,2020-10-29_17h21.50.644,lextale_sp,2020.2.3,Win32,60,0,1,3.087035,0,3,3,3,1,0,calpar,0,REAL,FALSA,,,,,,,,,,
,,,,,,,5f4ccbb4c3368e7d1a66c89c,001,2020-10-29_17h21.50.644,lextale_sp,2020.2.3,Win32,60,0,1,3.115875,0,4,4,4,1,0,joten,0,REAL,FALSA,,,,,,,,,,
,,,,,,,5f4ccbb4c3368e7d1a66c89c,001,2020-10-29_17h21.50.644,lextale_sp,2020.2.3,Win32,60,1,1,1.573645,0,5,5,5,1,0,sacapuntas,1,REAL,FALSA,,,,,,,,,,
,,,,,,,5f4ccbb4c3368e7d1a66c89c,001,2020-10-29_17h21.50.644,lextale_sp,2020.2.3,Win32,60,0,1,3.472645,0,6,6,6,1,0,priba,0,REAL,FALSA,,,,,,,,,,
,,,,,,,5f4ccbb4c3368e7d1a66c89c,001,2020-10-29_17h21.50.644,lextale_sp,2020.2.3,Win32,60,1,0,2.255235,0,7,7,7,1,0,pelasula,0,REAL,FALSA,,,,,,,,,,
,,,,,,,5f4ccbb4c3368e7d1a66c89c,001,2020-10-29_17h21.50.644,lextale_sp,2020.2.3,Win32,60,1,1,0.672585,0,8,8,8,1,0,bien,1,REAL,FALSA,,,,,,,,,,
,,,,,,,5f4ccbb4c3368e7d1a66c89c,001,2020-10-29_17h21.50.644,lextale_sp,2020.2.3,Win32,60,1,1,0.7118,0,9,9,9,1,0,casa,1,REAL,FALSA,,,,,,,,,,
,,,,,,,5f4ccbb4c3368e7d1a66c89c,001,2020-10-29_17h21.50.644,lextale_sp,2020.2.3,Win32,60,0,1,1.824985,0,10,10,10,1,0,lejo,0,REAL,FALSA,,,,,,,,,,
,,,,,,,5f4ccbb4c3368e7d1a66c89c,001,2020-10-29_17h21.50.644,lextale_sp,2020.2.3,Win32,60,0,1,2.88645,0,11,11,11,1,0,pretantas,0,REAL,FALSA,,,,,,,,,,
,,,,,,,5f4ccbb4c3368e7d1a66c89c,001,2020-10-29_17h21.50.644,lextale_sp,2020.2.3,Win32,60,,,,,,,,,4,batillón,0,,,1,0,2.173645,0,0,0,3,1,REAL,FALSA
,,,,,,,5f4ccbb4c3368e7d1a66c89c,001,2020-10-29_17h21.50.644,lextale_sp,2020.2.3,Win32,60,,,,,,,,,38,estornudar,1,,,1,1,1.722135,0,1,1,37,1,REAL,FALSA
,,,,,,,5f4ccbb4c3368e7d1a66c89c,001,2020-10-29_17h21.50.644,lextale_sp,2020.2.3,Win32,60,,,,,,,,,85,laúd,1,,,1,1,6.656685,0,2,2,84,1,REAL,FALSA
,,,,,,,5f4ccbb4c3368e7d1a66c89c,001,2020-10-29_17h21.50.644,lextale_sp,2020.2.3,Win32,60,,,,,,,,,79,tropaje,0,,,0,1,5.337955,0,3,3,78,1,REAL,FALSA
,,,,,,,5f4ccbb4c3368e7d1a66c89c,001,2020-10-29_17h21.50.644,lextale_sp,2020.2.3,Win32,60,,,,,,,,,30,alardio,0,,,1,0,2.02731,0,4,4,29,1,REAL,FALSA
,,,,,,,5f4ccbb4c3368e7d1a66c89c,001,2020-10-29_17h21.50.644,lextale_sp,2020.2.3,Win32,60,,,,,,,,,40,alfombra,1,,,1,1,0.80336,0,5,5,39,1,REAL,FALSA
,,,,,,,5f4ccbb4c3368e7d1a66c89c,001,2020-10-29_17h21.50.644,lextale_sp,2020.2.3,Win32,60,,,,,,,,,64,orgulloso,1,,,1,1,0.97093,0,6,6,63,1,REAL,FALSA
,,,,,,,5f4ccbb4c3368e7d1a66c89c,001,2020-10-29_17h21.50.644,lextale_sp,2020.2.3,Win32,60,,,,,,,,,52,camisa,1,,,1,1,1.04719,0,7,7,51,1,REAL,FALSA
,,,,,,,5f4ccbb4c3368e7d1a66c89c,001,2020-10-29_17h21.50.644,lextale_sp,2020.2.3,Win32,60,,,,,,,,,82,empirador,0,,,0,1,9.091505,0,8,8,81,1,REAL,FALSA
,,,,,,,5f4ccbb4c3368e7d1a66c89c,001,2020-10-29_17h21.50.644,lextale_sp,2020.2.3,Win32,60,,,,,,,,,81,pozo,1,,,1,1,1.989325,0,9,9,80,1,REAL,FALSA
,,,,,,,5f4ccbb4c3368e7d1a66c89c,001,2020-10-29_17h21.50.644,lextale_sp,2020.2.3,Win32,60,,,,,,,,,25,bisagra,1,,,0,0,1.72852,0,10,10,24,1,REAL,FALSA
,,,,,,,5f4ccbb4c3368e7d1a66c89c,001,2020-10-29_17h21.50.644,lextale_sp,2020.2.3,Win32,60,,,,,,,,,66,hacido,0,,,1,0,3.368885,0,11,11,65,1,REAL,FALSA
,,,,,,,5f4ccbb4c3368e7d1a66c89c,001,2020-10-29_17h21.50.644,lextale_sp,2020.2.3,Win32,60,,,,,,,,,43,canela,1,,,1,1,0.98483,0,12,12,42,1,REAL,FALSA
,,,,,,,5f4ccbb4c3368e7d1a66c89c,001,2020-10-29_17h21.50.644,lextale_sp,2020.2.3,Win32,60,,,,,,,,,28,merodear,1,,,0,0,4.286415,0,13,13,27,1,REAL,FALSA
,,,,,,,5f4ccbb4c3368e7d1a66c89c,001,2020-10-29_17h21.50.644,lextale_sp,2020.2.3,Win32,60,,,,,,,,,46,martillo,1,,,1,1,1.158535,0,14,14,45,1,REAL,FALSA
,,,,,,,5f4ccbb4c3368e7d1a66c89c,001,2020-10-29_17h21.50.644,lextale_sp,2020.2.3,Win32,60,,,,,,,,,78,frondoso,1,,,0,0,1.328395,0,15,15,77,1,REAL,FALSA
,,,,,,,5f4ccbb4c3368e7d1a66c89c,001,2020-10-29_17h21.50.644,lextale_sp,2020.2.3,Win32,60,,,,,,,,,5,zapato,1,,,1,1,0.653025,0,16,16,4,1,REAL,FALSA
,,,,,,,5f4ccbb4c3368e7d1a66c89c,001,2020-10-29_17h21.50.644,lextale_sp,2020.2.3,Win32,60,,,,,,,,,42,cadallo,0,,,0,1,1.938975,0,17,17,41,1,REAL,FALSA
,,,,,,,5f4ccbb4c3368e7d1a66c89c,001,2020-10-29_17h21.50.644,lextale_sp,2020.2.3,Win32,60,,,,,,,,,87,grodo,0,,,0,1,1.712375,0,18,18,86,1,REAL,FALSA
,,,,,,,5f4ccbb4c3368e7d1a66c89c,001,2020-10-29_17h21.50.644,lextale_sp,2020.2.3,Win32,60,,,,,,,,,29,decar,0,,,0,1,4.17482,0,19,19,28,1,REAL,FALSA
,,,,,,,5f4ccbb4c3368e7d1a66c89c,001,2020-10-29_17h21.50.644,lextale_sp,2020.2.3,Win32,60,,,,,,,,,62,flaco,1,,,1,1,0.80754,0,20,20,61,1,REAL,FALSA
,,,,,,,5f4ccbb4c3368e7d1a66c89c,001,2020-10-29_17h21.50.644,lextale_sp,2020.2.3,Win32,60,,,,,,,,,56,musgo,1,,,0,0,1.339185,0,21,21,55,1,REAL,FALSA
,,,,,,,5f4ccbb4c3368e7d1a66c89c,001,2020-10-29_17h21.50.644,lextale_sp,2020.2.3,Win32,60,,,,,,,,,22,lacayo,1,,,0,0,1.16726,0,22,22,21,1,REAL,FALSA
,,,,,,,5f4ccbb4c3368e7d1a66c89c,001,2020-10-29_17h21.50.644,lextale_sp,2020.2.3,Win32,60,,,,,,,,,13,helar,1,,,0,0,1.15562,0,23,23,12,1,REAL,FALSA
,,,,,,,5f4ccbb4c3368e7d1a66c89c,001,2020-10-29_17h21.50.644,lextale_sp,2020.2.3,Win32,60,,,,,,,,,89,prisa,1,,,1,1,0.58645,0,24,24,88,1,REAL,FALSA
,,,,,,,5f4ccbb4c3368e7d1a66c89c,001,2020-10-29_17h21.50.644,lextale_sp,2020.2.3,Win32,60,,,,,,,,,75,yacer,1,,,0,0,3.677755,0,25,25,74,1,REAL,FALSA
,,,,,,,5f4ccbb4c3368e7d1a66c89c,001,2020-10-29_17h21.50.644,lextale_sp,2020.2.3,Win32,60,,,,,,,,,6,tergiversar,1,,,0,0,4.313145,0,26,26,5,1,REAL,FALSA
,,,,,,,5f4ccbb4c3368e7d1a66c89c,001,2020-10-29_17h21.50.644,lextale_sp,2020.2.3,Win32,60,,,,,,,,,27,acutación,0,,,1,0,1.491105,0,27,27,26,1,REAL,FALSA
,,,,,,,5f4ccbb4c3368e7d1a66c89c,001,2020-10-29_17h21.50.644,lextale_sp,2020.2.3,Win32,60,,,,,,,,,17,floroso,0,,,1,0,1.523825,0,28,28,16,1,REAL,FALSA
,,,,,,,5f4ccbb4c3368e7d1a66c89c,001,2020-10-29_17h21.50.644,lextale_sp,2020.2.3,Win32,60,,,,,,,,,53,vegada,0,,,1,0,1.241145,0,29,29,52,1,REAL,FALSA
,,,,,,,5f4ccbb4c3368e7d1a66c89c,001,2020-10-29_17h21.50.644,lextale_sp,2020.2.3,Win32,60,,,,,,,,,50,flamida,0,,,0,1,0.889815,0,30,30,49,1,REAL,FALSA
,,,,,,,5f4ccbb4c3368e7d1a66c89c,001,2020-10-29_17h21.50.644,lextale_sp,2020.2.3,Win32,60,,,,,,,,,20,ávido,1,,,1,1,1.32229,0,31,31,19,1,REAL,FALSA
,,,,,,,5f4ccbb4c3368e7d1a66c89c,001,2020-10-29_17h21.50.644,lextale_sp,2020.2.3,Win32,60,,,,,,,,,71,polvoriento,1,,,1,1,2.393225,0,32,32,70,1,REAL,FALSA
,,,,,,,5f4ccbb4c3368e7d1a66c89c,001,2020-10-29_17h21.50.644,lextale_sp,2020.2.3,Win32,60,,,,,,,,,9,hacha,1,,,1,1,0.87059,0,33,33,8,1,REAL,FALSA
,,,,,,,5f4ccbb4c3368e7d1a66c89c,001,2020-10-29_17h21.50.644,lextale_sp,2020.2.3,Win32,60,,,,,,,,,45,jilguero,1,,,0,0,1.17075,0,34,34,44,1,REAL,FALSA
,,,,,,,5f4ccbb4c3368e7d1a66c89c,001,2020-10-29_17h21.50.644,lextale_sp,2020.2.3,Win32,60,,,,,,,,,48,ladrón,1,,,1,1,0.830805,0,35,35,47,1,REAL,FALSA
,,,,,,,5f4ccbb4c3368e7d1a66c89c,001,2020-10-29_17h21.50.644,lextale_sp,2020.2.3,Win32,60,,,,,,,,,23,lampera,0,,,0,1,8.205395,0,36,36,22,1,REAL,FALSA
,,,,,,,5f4ccbb4c3368e7d1a66c89c,001,2020-10-29_17h21.50.644,lextale_sp,2020.2.3,Win32,60,,,,,,,,,76,atar,1,,,1,1,0.882595,0,37,37,75,1,REAL,FALSA
,,,,,,,5f4ccbb4c3368e7d1a66c89c,001,2020-10-29_17h21.50.644,lextale_sp,2020.2.3,Win32,60,,,,,,,,,55,nevar,1,,,1,1,0.888095,0,38,38,54,1,REAL,FALSA
,,,,,,,5f4ccbb4c3368e7d1a66c89c,001,2020-10-29_17h21.50.644,lextale_sp,2020.2.3,Win32,60,,,,,,,,,67,cabello,1,,,1,1,1.67399,0,39,39,66,1,REAL,FALSA
,,,,,,,5f4ccbb4c3368e7d1a66c89c,001,2020-10-29_17h21.50.644,lextale_sp,2020.2.3,Win32,60,,,,,,,,,44,cuchara,1,,,1,1,0.98696,0,40,40,43,1,REAL,FALSA
,,,,,,,5f4ccbb4c3368e7d1a66c89c,001,2020-10-29_17h21.50.644,lextale_sp,2020.2.3,Win32,60,,,,,,,,,86,barato,1,,,1,1,1.194945,0,41,41,85,1,REAL,FALSA
,,,,,,,5f4ccbb4c3368e7d1a66c89c,001,2020-10-29_17h21.50.644,lextale_sp,2020.2.3,Win32,60,,,,,,,,,2,pellizcar,1,,,0,0,3.858145,0,42,42,1,1,REAL,FALSA
,,,,,,,5f4ccbb4c3368e7d1a66c89c,001,2020-10-29_17h21.50.644,lextale_sp,2020.2.3,Win32,60,,,,,,,,,72,pemición,0,,,0,1,1.876805,0,43,43,71,1,REAL,FALSA
,,,,,,,5f4ccbb4c3368e7d1a66c89c,001,2020-10-29_17h21.50.644,lextale_sp,2020.2.3,Win32,60,,,,,,,,,74,cintro,0,,,1,0,4.19275,0,44,44,73,1,REAL,FALSA
,,,,,,,5f4ccbb4c3368e7d1a66c89c,001,2020-10-29_17h21.50.644,lextale_sp,2020.2.3,Win32,60,,,,,,,,,7,pésimo,1,,,1,1,0.990215,0,45,45,6,1,REAL,FALSA
,,,,,,,5f4ccbb4c3368e7d1a66c89c,001,2020-10-29_17h21.50.644,lextale_sp,2020.2.3,Win32,60,,,,,,,,,36,loro,1,,,1,1,1.00417,0,46,46,35,1,REAL,FALSA
,,,,,,,5f4ccbb4c3368e7d1a66c89c,001,2020-10-29_17h21.50.644,lextale_sp,2020.2.3,Win32,60,,,,,,,,,49,ganar,1,,,1,1,0.5297,0,47,47,48,1,REAL,FALSA
,,,,,,,5f4ccbb4c3368e7d1a66c89c,001,2020-10-29_17h21.50.644,lextale_sp,2020.2.3,Win32,60,,,,,,,,,15,regar,1,,,1,1,0.672055,0,48,48,14,1,REAL,FALSA
,,,,,,,5f4ccbb4c3368e7d1a66c89c,001,2020-10-29_17h21.50.644,lextale_sp,2020.2.3,Win32,60,,,,,,,,,24,látigo,1,,,1,1,0.897415,0,49,49,23,1,REAL,FALSA
,,,,,,,5f4ccbb4c3368e7d1a66c89c,001,2020-10-29_17h21.50.644,lextale_sp,2020.2.3,Win32,60,,,,,,,,,54,fomentar,1,,,1,1,1.405085,0,50,50,53,1,REAL,FALSA
,,,,,,,5f4ccbb4c3368e7d1a66c89c,001,2020-10-29_17h21.50.644,lextale_sp,2020.2.3,Win32,60,,,,,,,,,80,hormiga,1,,,1,1,0.698845,0,51,51,79,1,REAL,FALSA
,,,,,,,5f4ccbb4c3368e7d1a66c89c,001,2020-10-29_17h21.50.644,lextale_sp,2020.2.3,Win32,60,,,,,,,,,69,engatusar,1,,,0,0,5.92394,0,52,52,68,1,REAL,FALSA
,,,,,,,5f4ccbb4c3368e7d1a66c89c,001,2020-10-29_17h21.50.644,lextale_sp,2020.2.3,Win32,60,,,,,,,,,61,seda,1,,,1,1,0.59568,0,53,53,60,1,REAL,FALSA
,,,,,,,5f4ccbb4c3368e7d1a66c89c,001,2020-10-29_17h21.50.644,lextale_sp,2020.2.3,Win32,60,,,,,,,,,34,aviso,1,,,1,1,0.535365,0,54,54,33,1,REAL,FALSA
,,,,,,,5f4ccbb4c3368e7d1a66c89c,001,2020-10-29_17h21.50.644,lextale_sp,2020.2.3,Win32,60,,,,,,,,,65,bizcocho,1,,,1,1,0.69064,0,55,55,64,1,REAL,FALSA
,,,,,,,5f4ccbb4c3368e7d1a66c89c,001,2020-10-29_17h21.50.644,lextale_sp,2020.2.3,Win32,60,,,,,,,,,12,asesinato,1,,,1,1,1.19452,0,56,56,11,1,REAL,FALSA
,,,,,,,5f4ccbb4c3368e7d1a66c89c,001,2020-10-29_17h21.50.644,lextale_sp,2020.2.3,Win32,60,,,,,,,,,21,capillo,0,,,1,0,0.51218,0,57,57,20,1,REAL,FALSA
,,,,,,,5f4ccbb4c3368e7d1a66c89c,001,2020-10-29_17h21.50.644,lextale_sp,2020.2.3,Win32,60,,,,,,,,,3,pulmones,1,,,1,1,0.70559,0,58,58,2,1,REAL,FALSA
,,,,,,,5f4ccbb4c3368e7d1a66c89c,001,2020-10-29_17h21.50.644,lextale_sp,2020.2.3,Win32,60,,,,,,,,,32,fatacidad,0,,,0,1,7.031125,0,59,59,31,1,REAL,FALSA
,,,,,,,5f4ccbb4c3368e7d1a66c89c,001,2020-10-29_17h21.50.644,lextale_sp,2020.2.3,Win32,60,,,,,,,,,90,clavel,1,,,1,1,1.178895,0,60,60,89,1,REAL,FALSA
,,,,,,,5f4ccbb4c3368e7d1a66c89c,001,2020-10-29_17h21.50.644,lextale_sp,2020.2.3,Win32,60,,,,,,,,,83,guante,1,,,1,1,0.63794,0,61,61,82,1,REAL,FALSA
,,,,,,,5f4ccbb4c3368e7d1a66c89c,001,2020-10-29_17h21.50.644,lextale_sp,2020.2.3,Win32,60,,,,,,,,,63,esposante,0,,,1,0,2.895315,0,62,62,62,1,REAL,FALSA
,,,,,,,5f4ccbb4c3368e7d1a66c89c,001,2020-10-29_17h21.50.644,lextale_sp,2020.2.3,Win32,60,,,,,,,,,39,torpe,1,,,1,1,0.47846,0,63,63,38,1,REAL,FALSA
,,,,,,,5f4ccbb4c3368e7d1a66c89c,001,2020-10-29_17h21.50.644,lextale_sp,2020.2.3,Win32,60,,,,,,,,,14,yunque,1,,,1,1,1.190175,0,64,64,13,1,REAL,FALSA
,,,,,,,5f4ccbb4c3368e7d1a66c89c,001,2020-10-29_17h21.50.644,lextale_sp,2020.2.3,Win32,60,,,,,,,,,8,cadeña,0,,,1,0,0.67404,0,65,65,7,1,REAL,FALSA
,,,,,,,5f4ccbb4c3368e7d1a66c89c,001,2020-10-29_17h21.50.644,lextale_sp,2020.2.3,Win32,60,,,,,,,,,58,plaudir,0,,,1,0,1.708475,0,66,66,57,1,REAL,FALSA
,,,,,,,5f4ccbb4c3368e7d1a66c89c,001,2020-10-29_17h21.50.644,lextale_sp,2020.2.3,Win32,60,,,,,,,,,16,abracer,0,,,0,1,1.88837,0,67,67,15,1,REAL,FALSA
,,,,,,,5f4ccbb4c3368e7d1a66c89c,001,2020-10-29_17h21.50.644,lextale_sp,2020.2.3,Win32,60,,,,,,,,,41,rebuscar,1,,,1,1,1.387485,0,68,68,40,1,REAL,FALSA
,,,,,,,5f4ccbb4c3368e7d1a66c89c,001,2020-10-29_17h21.50.644,lextale_sp,2020.2.3,Win32,60,,,,,,,,,88,acantilado,1,,,1,1,1.458835,0,69,69,87,1,REAL,FALSA
,,,,,,,5f4ccbb4c3368e7d1a66c89c,001,2020-10-29_17h21.50.644,lextale_sp,2020.2.3,Win32,60,,,,,,,,,68,alegre,1,,,1,1,0.640305,0,70,70,67,1,REAL,FALSA
,,,,,,,5f4ccbb4c3368e7d1a66c89c,001,2020-10-29_17h21.50.644,lextale_sp,2020.2.3,Win32,60,,,,,,,,,26,secuestro,1,,,1,1,0.70524,0,71,71,25,1,REAL,FALSA
,,,,,,,5f4ccbb4c3368e7d1a66c89c,001,2020-10-29_17h21.50.644,lextale_sp,2020.2.3,Win32,60,,,,,,,,,33,pauca,0,,,0,1,6.388005,0,72,72,32,1,REAL,FALSA
,,,,,,,5f4ccbb4c3368e7d1a66c89c,001,2020-10-29_17h21.50.644,lextale_sp,2020.2.3,Win32,60,,,,,,,,,31,pandilla,1,,,1,1,1.02715,0,73,73,30,1,REAL,FALSA
,,,,,,,5f4ccbb4c3368e7d1a66c89c,001,2020-10-29_17h21.50.644,lextale_sp,2020.2.3,Win32,60,,,,,,,,,59,besar,1,,,1,1,0.557145,0,74,74,58,1,REAL,FALSA
,,,,,,,5f4ccbb4c3368e7d1a66c89c,001,2020-10-29_17h21.50.644,lextale_sp,2020.2.3,Win32,60,,,,,,,,,37,granuja,1,,,0,0,2.52223,0,75,75,36,1,REAL,FALSA
,,,,,,,5f4ccbb4c3368e7d1a66c89c,001,2020-10-29_17h21.50.644,lextale_sp,2020.2.3,Win32,60,,,,,,,,,60,matar,1,,,1,1,0.58942,0,76,76,59,1,REAL,FALSA
,,,,,,,5f4ccbb4c3368e7d1a66c89c,001,2020-10-29_17h21.50.644,lextale_sp,2020.2.3,Win32,60,,,,,,,,,73,hervidor,1,,,1,1,1.211385,0,77,77,72,1,REAL,FALSA
,,,,,,,5f4ccbb4c3368e7d1a66c89c,001,2020-10-29_17h21.50.644,lextale_sp,2020.2.3,Win32,60,,,,,,,,,51,candado,1,,,1,1,0.93764,0,78,78,50,1,REAL,FALSA
,,,,,,,5f4ccbb4c3368e7d1a66c89c,001,2020-10-29_17h21.50.644,lextale_sp,2020.2.3,Win32,60,,,,,,,,,11,cenefa,1,,,0,0,1.971915,0,79,79,10,1,REAL,FALSA
,,,,,,,5f4ccbb4c3368e7d1a66c89c,001,2020-10-29_17h21.50.644,lextale_sp,2020.2.3,Win32,60,,,,,,,,,18,arsa,0,,,1,0,1.18729,0,80,80,17,1,REAL,FALSA
,,,,,,,5f4ccbb4c3368e7d1a66c89c,001,2020-10-29_17h21.50.644,lextale_sp,2020.2.3,Win32,60,,,,,,,,,70,temblo,0,,,1,0,0.6998,0,81,81,69,1,REAL,FALSA
,,,,,,,5f4ccbb4c3368e7d1a66c89c,001,2020-10-29_17h21.50.644,lextale_sp,2020.2.3,Win32,60,,,,,,,,,35,rompido,0,,,1,0,1.156655,0,82,82,34,1,REAL,FALSA
,,,,,,,5f4ccbb4c3368e7d1a66c89c,001,2020-10-29_17h21.50.644,lextale_sp,2020.2.3,Win32,60,,,,,,,,,84,escuto,0,,,1,0,0.788865,0,83,83,83,1,REAL,FALSA
,,,,,,,5f4ccbb4c3368e7d1a66c89c,001,2020-10-29_17h21.50.644,lextale_sp,2020.2.3,Win32,60,,,,,,,,,47,cartinar,0,,,0,1,1.38928,0,84,84,46,1,REAL,FALSA
,,,,,,,5f4ccbb4c3368e7d1a66c89c,001,2020-10-29_17h21.50.644,lextale_sp,2020.2.3,Win32,60,,,,,,,,,1,terzo,0,,,1,0,1.00806,0,85,85,0,1,REAL,FALSA
,,,,,,,5f4ccbb4c3368e7d1a66c89c,001,2020-10-29_17h21.50.644,lextale_sp,2020.2.3,Win32,60,,,,,,,,,57,tacaño,1,,,1,1,1.02871,0,86,86,56,1,REAL,FALSA
,,,,,,,5f4ccbb4c3368e7d1a66c89c,001,2020-10-29_17h21.50.644,lextale_sp,2020.2.3,Win32,60,,,,,,,,,10,antar,0,,,1,0,1.291205,0,87,87,9,1,REAL,FALSA
,,,,,,,5f4ccbb4c3368e7d1a66c89c,001,2020-10-29_17h21.50.644,lextale_sp,2020.2.3,Win32,60,,,,,,,,,77,tiburón,1,,,1,1,0.43102,0,88,88,76,1,REAL,FALSA
,,,,,,,5f4ccbb4c3368e7d1a66c89c,001,2020-10-29_17h21.50.644,lextale_sp,2020.2.3,Win32,60,,,,,,,,,19,brecedad,0,,,0,1,2.52477,0,89,89,18,1,REAL,FALSA
