lextale_instructions_loop.thisRepN,lextale_instructions_loop.thisTrialN,lextale_instructions_loop.thisN,lextale_instructions_loop.thisIndex,lextale_instructions_loop.ran,instructions_text,continue_text,participant,session,date,expName,psychopyVersion,OS,frameRate,key_resp_lextale_practice.keys,key_resp_lextale_practice.corr,key_resp_lextale_practice.rt,lextale_practice_trials.thisRepN,lextale_practice_trials.thisTrialN,lextale_practice_trials.thisN,lextale_practice_trials.thisIndex,lextale_practice_trials.ran,stim,word,correct_response,prac_button_real,prac_button_false,key_resp_lextale_trial.keys,key_resp_lextale_trial.corr,key_resp_lextale_trial.rt,lextail_trials.thisRepN,lextail_trials.thisTrialN,lextail_trials.thisN,lextail_trials.thisIndex,lextail_trials.ran,button_real,button_false
0,0,0,0,1,"Este es un test de vocabulario en español. 
  
  A continuación vas a ver 90 secuencias de letras que parecen 'españolas'.
  
  Solo algunas de ellas son palabras de verdad.",(presiona la barra espaciadora para continuar),5f5f5013f947f6000bd8ddcb,001,2020-12-14_12h54.59.530,lextale_sp,2020.2.3,Win32,60,,,,,,,,,,,,,,,,,,,,,,,
0,1,1,1,1,"Por favor, señala las palabras que tú conoces (aquellas que estás convencido que son palabras españolas, incluso aunque no seas capaz de dar el significado preciso).",(presiona la barra espaciadora para continuar),5f5f5013f947f6000bd8ddcb,001,2020-12-14_12h54.59.530,lextale_sp,2020.2.3,Win32,60,,,,,,,,,,,,,,,,,,,,,,,
0,2,2,2,1,Pero cuidado: los errores se penalizan. Por eso no tiene sentido tratar de incrementar tu puntuación marcando como reales palabras que nunca has visto.,(presiona la barra espaciadora para continuar),5f5f5013f947f6000bd8ddcb,001,2020-12-14_12h54.59.530,lextale_sp,2020.2.3,Win32,60,,,,,,,,,,,,,,,,,,,,,,,
0,3,3,3,1,"Presiona la tecla 1 si piensas que es una palabra real y la tecla 
  0 si piensas que es una palabra falsa. 
  
  Vamos a practicar un poco...",(presiona la barra espaciadora para continuar),5f5f5013f947f6000bd8ddcb,001,2020-12-14_12h54.59.530,lextale_sp,2020.2.3,Win32,60,,,,,,,,,,,,,,,,,,,,,,,
,,,,,,,5f5f5013f947f6000bd8ddcb,001,2020-12-14_12h54.59.530,lextale_sp,2020.2.3,Win32,60,0,1,2.065835,0,0,0,0,1,0,depiste,0,REAL,FALSA,,,,,,,,,,
,,,,,,,5f5f5013f947f6000bd8ddcb,001,2020-12-14_12h54.59.530,lextale_sp,2020.2.3,Win32,60,1,1,2.03765,0,1,1,1,1,0,sí,1,REAL,FALSA,,,,,,,,,,
,,,,,,,5f5f5013f947f6000bd8ddcb,001,2020-12-14_12h54.59.530,lextale_sp,2020.2.3,Win32,60,0,1,1.38143,0,2,2,2,1,0,coné,0,REAL,FALSA,,,,,,,,,,
,,,,,,,5f5f5013f947f6000bd8ddcb,001,2020-12-14_12h54.59.530,lextale_sp,2020.2.3,Win32,60,1,0,1.511435,0,3,3,3,1,0,calpar,0,REAL,FALSA,,,,,,,,,,
,,,,,,,5f5f5013f947f6000bd8ddcb,001,2020-12-14_12h54.59.530,lextale_sp,2020.2.3,Win32,60,0,1,1.84838,0,4,4,4,1,0,joten,0,REAL,FALSA,,,,,,,,,,
,,,,,,,5f5f5013f947f6000bd8ddcb,001,2020-12-14_12h54.59.530,lextale_sp,2020.2.3,Win32,60,1,1,1.28674,0,5,5,5,1,0,sacapuntas,1,REAL,FALSA,,,,,,,,,,
,,,,,,,5f5f5013f947f6000bd8ddcb,001,2020-12-14_12h54.59.530,lextale_sp,2020.2.3,Win32,60,0,1,1.21105,0,6,6,6,1,0,priba,0,REAL,FALSA,,,,,,,,,,
,,,,,,,5f5f5013f947f6000bd8ddcb,001,2020-12-14_12h54.59.530,lextale_sp,2020.2.3,Win32,60,0,1,1.19318,0,7,7,7,1,0,pelasula,0,REAL,FALSA,,,,,,,,,,
,,,,,,,5f5f5013f947f6000bd8ddcb,001,2020-12-14_12h54.59.530,lextale_sp,2020.2.3,Win32,60,1,1,0.978975,0,8,8,8,1,0,bien,1,REAL,FALSA,,,,,,,,,,
,,,,,,,5f5f5013f947f6000bd8ddcb,001,2020-12-14_12h54.59.530,lextale_sp,2020.2.3,Win32,60,1,1,1.013565,0,9,9,9,1,0,casa,1,REAL,FALSA,,,,,,,,,,
,,,,,,,5f5f5013f947f6000bd8ddcb,001,2020-12-14_12h54.59.530,lextale_sp,2020.2.3,Win32,60,0,1,2.260265,0,10,10,10,1,0,lejo,0,REAL,FALSA,,,,,,,,,,
,,,,,,,5f5f5013f947f6000bd8ddcb,001,2020-12-14_12h54.59.530,lextale_sp,2020.2.3,Win32,60,0,1,1.931655,0,11,11,11,1,0,pretantas,0,REAL,FALSA,,,,,,,,,,
,,,,,,,5f5f5013f947f6000bd8ddcb,001,2020-12-14_12h54.59.530,lextale_sp,2020.2.3,Win32,60,,,,,,,,,70,temblo,0,,,0,1,2.669035,0,0,0,69,1,REAL,FALSA
,,,,,,,5f5f5013f947f6000bd8ddcb,001,2020-12-14_12h54.59.530,lextale_sp,2020.2.3,Win32,60,,,,,,,,,90,clavel,1,,,1,1,5.545405,0,1,1,89,1,REAL,FALSA
,,,,,,,5f5f5013f947f6000bd8ddcb,001,2020-12-14_12h54.59.530,lextale_sp,2020.2.3,Win32,60,,,,,,,,,17,floroso,0,,,0,1,7.894685,0,2,2,16,1,REAL,FALSA
,,,,,,,5f5f5013f947f6000bd8ddcb,001,2020-12-14_12h54.59.530,lextale_sp,2020.2.3,Win32,60,,,,,,,,,39,torpe,1,,,1,1,1.064015,0,3,3,38,1,REAL,FALSA
,,,,,,,5f5f5013f947f6000bd8ddcb,001,2020-12-14_12h54.59.530,lextale_sp,2020.2.3,Win32,60,,,,,,,,,88,acantilado,1,,,1,1,1.14745,0,4,4,87,1,REAL,FALSA
,,,,,,,5f5f5013f947f6000bd8ddcb,001,2020-12-14_12h54.59.530,lextale_sp,2020.2.3,Win32,60,,,,,,,,,26,secuestro,1,,,1,1,0.865715,0,5,5,25,1,REAL,FALSA
,,,,,,,5f5f5013f947f6000bd8ddcb,001,2020-12-14_12h54.59.530,lextale_sp,2020.2.3,Win32,60,,,,,,,,,21,capillo,0,,,1,0,5.63101,0,6,6,20,1,REAL,FALSA
,,,,,,,5f5f5013f947f6000bd8ddcb,001,2020-12-14_12h54.59.530,lextale_sp,2020.2.3,Win32,60,,,,,,,,,63,esposante,0,,,0,1,6.044545,0,7,7,62,1,REAL,FALSA
,,,,,,,5f5f5013f947f6000bd8ddcb,001,2020-12-14_12h54.59.530,lextale_sp,2020.2.3,Win32,60,,,,,,,,,87,grodo,0,,,0,1,1.5387,0,8,8,86,1,REAL,FALSA
,,,,,,,5f5f5013f947f6000bd8ddcb,001,2020-12-14_12h54.59.530,lextale_sp,2020.2.3,Win32,60,,,,,,,,,78,frondoso,1,,,1,1,5.831885,0,9,9,77,1,REAL,FALSA
,,,,,,,5f5f5013f947f6000bd8ddcb,001,2020-12-14_12h54.59.530,lextale_sp,2020.2.3,Win32,60,,,,,,,,,15,regar,1,,,1,1,0.981735,0,10,10,14,1,REAL,FALSA
,,,,,,,5f5f5013f947f6000bd8ddcb,001,2020-12-14_12h54.59.530,lextale_sp,2020.2.3,Win32,60,,,,,,,,,59,besar,1,,,1,1,0.849175,0,11,11,58,1,REAL,FALSA
,,,,,,,5f5f5013f947f6000bd8ddcb,001,2020-12-14_12h54.59.530,lextale_sp,2020.2.3,Win32,60,,,,,,,,,80,hormiga,1,,,1,1,0.83514,0,12,12,79,1,REAL,FALSA
,,,,,,,5f5f5013f947f6000bd8ddcb,001,2020-12-14_12h54.59.530,lextale_sp,2020.2.3,Win32,60,,,,,,,,,36,loro,1,,,1,1,0.93184,0,13,13,35,1,REAL,FALSA
,,,,,,,5f5f5013f947f6000bd8ddcb,001,2020-12-14_12h54.59.530,lextale_sp,2020.2.3,Win32,60,,,,,,,,,68,alegre,1,,,1,1,0.97164,0,14,14,67,1,REAL,FALSA
,,,,,,,5f5f5013f947f6000bd8ddcb,001,2020-12-14_12h54.59.530,lextale_sp,2020.2.3,Win32,60,,,,,,,,,74,cintro,0,,,0,1,8.135025,0,15,15,73,1,REAL,FALSA
,,,,,,,5f5f5013f947f6000bd8ddcb,001,2020-12-14_12h54.59.530,lextale_sp,2020.2.3,Win32,60,,,,,,,,,51,candado,1,,,1,1,1.314775,0,16,16,50,1,REAL,FALSA
,,,,,,,5f5f5013f947f6000bd8ddcb,001,2020-12-14_12h54.59.530,lextale_sp,2020.2.3,Win32,60,,,,,,,,,53,vegada,0,,,0,1,6.02923,0,17,17,52,1,REAL,FALSA
,,,,,,,5f5f5013f947f6000bd8ddcb,001,2020-12-14_12h54.59.530,lextale_sp,2020.2.3,Win32,60,,,,,,,,,73,hervidor,1,,,1,1,1.5203,0,18,18,72,1,REAL,FALSA
,,,,,,,5f5f5013f947f6000bd8ddcb,001,2020-12-14_12h54.59.530,lextale_sp,2020.2.3,Win32,60,,,,,,,,,25,bisagra,1,,,1,1,1.063185,0,19,19,24,1,REAL,FALSA
,,,,,,,5f5f5013f947f6000bd8ddcb,001,2020-12-14_12h54.59.530,lextale_sp,2020.2.3,Win32,60,,,,,,,,,77,tiburón,1,,,1,1,0.816545,0,20,20,76,1,REAL,FALSA
,,,,,,,5f5f5013f947f6000bd8ddcb,001,2020-12-14_12h54.59.530,lextale_sp,2020.2.3,Win32,60,,,,,,,,,13,helar,1,,,1,1,0.81556,0,21,21,12,1,REAL,FALSA
,,,,,,,5f5f5013f947f6000bd8ddcb,001,2020-12-14_12h54.59.530,lextale_sp,2020.2.3,Win32,60,,,,,,,,,3,pulmones,1,,,1,1,0.872165,0,22,22,2,1,REAL,FALSA
,,,,,,,5f5f5013f947f6000bd8ddcb,001,2020-12-14_12h54.59.530,lextale_sp,2020.2.3,Win32,60,,,,,,,,,35,rompido,0,,,0,1,1.70685,0,23,23,34,1,REAL,FALSA
,,,,,,,5f5f5013f947f6000bd8ddcb,001,2020-12-14_12h54.59.530,lextale_sp,2020.2.3,Win32,60,,,,,,,,,46,martillo,1,,,1,1,1.09583,0,24,24,45,1,REAL,FALSA
,,,,,,,5f5f5013f947f6000bd8ddcb,001,2020-12-14_12h54.59.530,lextale_sp,2020.2.3,Win32,60,,,,,,,,,24,látigo,1,,,1,1,0.98684,0,25,25,23,1,REAL,FALSA
,,,,,,,5f5f5013f947f6000bd8ddcb,001,2020-12-14_12h54.59.530,lextale_sp,2020.2.3,Win32,60,,,,,,,,,58,plaudir,0,,,0,1,5.41336,0,26,26,57,1,REAL,FALSA
,,,,,,,5f5f5013f947f6000bd8ddcb,001,2020-12-14_12h54.59.530,lextale_sp,2020.2.3,Win32,60,,,,,,,,,23,lampera,0,,,0,1,6.93744,0,27,27,22,1,REAL,FALSA
,,,,,,,5f5f5013f947f6000bd8ddcb,001,2020-12-14_12h54.59.530,lextale_sp,2020.2.3,Win32,60,,,,,,,,,8,cadeña,0,,,0,1,8.92941,0,28,28,7,1,REAL,FALSA
,,,,,,,5f5f5013f947f6000bd8ddcb,001,2020-12-14_12h54.59.530,lextale_sp,2020.2.3,Win32,60,,,,,,,,,66,hacido,0,,,0,1,1.44676,0,29,29,65,1,REAL,FALSA
,,,,,,,5f5f5013f947f6000bd8ddcb,001,2020-12-14_12h54.59.530,lextale_sp,2020.2.3,Win32,60,,,,,,,,,6,tergiversar,1,,,1,1,1.31392,0,30,30,5,1,REAL,FALSA
,,,,,,,5f5f5013f947f6000bd8ddcb,001,2020-12-14_12h54.59.530,lextale_sp,2020.2.3,Win32,60,,,,,,,,,5,zapato,1,,,1,1,0.813605,0,31,31,4,1,REAL,FALSA
,,,,,,,5f5f5013f947f6000bd8ddcb,001,2020-12-14_12h54.59.530,lextale_sp,2020.2.3,Win32,60,,,,,,,,,32,fatacidad,0,,,0,1,1.167815,0,32,32,31,1,REAL,FALSA
,,,,,,,5f5f5013f947f6000bd8ddcb,001,2020-12-14_12h54.59.530,lextale_sp,2020.2.3,Win32,60,,,,,,,,,79,tropaje,0,,,0,1,6.432875,0,33,33,78,1,REAL,FALSA
,,,,,,,5f5f5013f947f6000bd8ddcb,001,2020-12-14_12h54.59.530,lextale_sp,2020.2.3,Win32,60,,,,,,,,,1,terzo,0,,,0,1,7.347215,0,34,34,0,1,REAL,FALSA
,,,,,,,5f5f5013f947f6000bd8ddcb,001,2020-12-14_12h54.59.530,lextale_sp,2020.2.3,Win32,60,,,,,,,,,82,empirador,0,,,0,1,2.136865,0,35,35,81,1,REAL,FALSA
,,,,,,,5f5f5013f947f6000bd8ddcb,001,2020-12-14_12h54.59.530,lextale_sp,2020.2.3,Win32,60,,,,,,,,,16,abracer,0,,,0,1,1.782025,0,36,36,15,1,REAL,FALSA
,,,,,,,5f5f5013f947f6000bd8ddcb,001,2020-12-14_12h54.59.530,lextale_sp,2020.2.3,Win32,60,,,,,,,,,47,cartinar,0,,,0,1,6.29982,0,37,37,46,1,REAL,FALSA
,,,,,,,5f5f5013f947f6000bd8ddcb,001,2020-12-14_12h54.59.530,lextale_sp,2020.2.3,Win32,60,,,,,,,,,45,jilguero,1,,,1,1,7.28139,0,38,38,44,1,REAL,FALSA
,,,,,,,5f5f5013f947f6000bd8ddcb,001,2020-12-14_12h54.59.530,lextale_sp,2020.2.3,Win32,60,,,,,,,,,18,arsa,0,,,0,1,4.670215,0,39,39,17,1,REAL,FALSA
,,,,,,,5f5f5013f947f6000bd8ddcb,001,2020-12-14_12h54.59.530,lextale_sp,2020.2.3,Win32,60,,,,,,,,,50,flamida,0,,,0,1,6.612925,0,40,40,49,1,REAL,FALSA
,,,,,,,5f5f5013f947f6000bd8ddcb,001,2020-12-14_12h54.59.530,lextale_sp,2020.2.3,Win32,60,,,,,,,,,62,flaco,1,,,1,1,1.258285,0,41,41,61,1,REAL,FALSA
,,,,,,,5f5f5013f947f6000bd8ddcb,001,2020-12-14_12h54.59.530,lextale_sp,2020.2.3,Win32,60,,,,,,,,,9,hacha,1,,,1,1,1.5854,0,42,42,8,1,REAL,FALSA
,,,,,,,5f5f5013f947f6000bd8ddcb,001,2020-12-14_12h54.59.530,lextale_sp,2020.2.3,Win32,60,,,,,,,,,60,matar,1,,,1,1,0.82666,0,43,43,59,1,REAL,FALSA
,,,,,,,5f5f5013f947f6000bd8ddcb,001,2020-12-14_12h54.59.530,lextale_sp,2020.2.3,Win32,60,,,,,,,,,2,pellizcar,1,,,1,1,1.195095,0,44,44,1,1,REAL,FALSA
,,,,,,,5f5f5013f947f6000bd8ddcb,001,2020-12-14_12h54.59.530,lextale_sp,2020.2.3,Win32,60,,,,,,,,,30,alardio,0,,,0,1,5.50849,0,45,45,29,1,REAL,FALSA
,,,,,,,5f5f5013f947f6000bd8ddcb,001,2020-12-14_12h54.59.530,lextale_sp,2020.2.3,Win32,60,,,,,,,,,76,atar,1,,,1,1,1.13086,0,46,46,75,1,REAL,FALSA
,,,,,,,5f5f5013f947f6000bd8ddcb,001,2020-12-14_12h54.59.530,lextale_sp,2020.2.3,Win32,60,,,,,,,,,48,ladrón,1,,,1,1,0.96424,0,47,47,47,1,REAL,FALSA
,,,,,,,5f5f5013f947f6000bd8ddcb,001,2020-12-14_12h54.59.530,lextale_sp,2020.2.3,Win32,60,,,,,,,,,29,decar,0,,,0,1,3.980355,0,48,48,28,1,REAL,FALSA
,,,,,,,5f5f5013f947f6000bd8ddcb,001,2020-12-14_12h54.59.530,lextale_sp,2020.2.3,Win32,60,,,,,,,,,19,brecedad,0,,,0,1,5.21363,0,49,49,18,1,REAL,FALSA
,,,,,,,5f5f5013f947f6000bd8ddcb,001,2020-12-14_12h54.59.530,lextale_sp,2020.2.3,Win32,60,,,,,,,,,81,pozo,1,,,1,1,1.045625,0,50,50,80,1,REAL,FALSA
,,,,,,,5f5f5013f947f6000bd8ddcb,001,2020-12-14_12h54.59.530,lextale_sp,2020.2.3,Win32,60,,,,,,,,,83,guante,1,,,1,1,0.90137,0,51,51,82,1,REAL,FALSA
,,,,,,,5f5f5013f947f6000bd8ddcb,001,2020-12-14_12h54.59.530,lextale_sp,2020.2.3,Win32,60,,,,,,,,,71,polvoriento,1,,,1,1,1.35625,0,52,52,70,1,REAL,FALSA
,,,,,,,5f5f5013f947f6000bd8ddcb,001,2020-12-14_12h54.59.530,lextale_sp,2020.2.3,Win32,60,,,,,,,,,49,ganar,1,,,1,1,0.814765,0,53,53,48,1,REAL,FALSA
,,,,,,,5f5f5013f947f6000bd8ddcb,001,2020-12-14_12h54.59.530,lextale_sp,2020.2.3,Win32,60,,,,,,,,,52,camisa,1,,,1,1,0.64318,0,54,54,51,1,REAL,FALSA
,,,,,,,5f5f5013f947f6000bd8ddcb,001,2020-12-14_12h54.59.530,lextale_sp,2020.2.3,Win32,60,,,,,,,,,89,prisa,1,,,1,1,0.63081,0,55,55,88,1,REAL,FALSA
,,,,,,,5f5f5013f947f6000bd8ddcb,001,2020-12-14_12h54.59.530,lextale_sp,2020.2.3,Win32,60,,,,,,,,,4,batillón,0,,,0,1,5.37952,0,56,56,3,1,REAL,FALSA
,,,,,,,5f5f5013f947f6000bd8ddcb,001,2020-12-14_12h54.59.530,lextale_sp,2020.2.3,Win32,60,,,,,,,,,64,orgulloso,1,,,1,1,1.0312,0,57,57,63,1,REAL,FALSA
,,,,,,,5f5f5013f947f6000bd8ddcb,001,2020-12-14_12h54.59.530,lextale_sp,2020.2.3,Win32,60,,,,,,,,,10,antar,0,,,0,1,5.64602,0,58,58,9,1,REAL,FALSA
,,,,,,,5f5f5013f947f6000bd8ddcb,001,2020-12-14_12h54.59.530,lextale_sp,2020.2.3,Win32,60,,,,,,,,,14,yunque,1,,,1,1,4.07829,0,59,59,13,1,REAL,FALSA
,,,,,,,5f5f5013f947f6000bd8ddcb,001,2020-12-14_12h54.59.530,lextale_sp,2020.2.3,Win32,60,,,,,,,,,65,bizcocho,1,,,1,1,0.847385,0,60,60,64,1,REAL,FALSA
,,,,,,,5f5f5013f947f6000bd8ddcb,001,2020-12-14_12h54.59.530,lextale_sp,2020.2.3,Win32,60,,,,,,,,,33,pauca,0,,,0,1,6.15078,0,61,61,32,1,REAL,FALSA
,,,,,,,5f5f5013f947f6000bd8ddcb,001,2020-12-14_12h54.59.530,lextale_sp,2020.2.3,Win32,60,,,,,,,,,86,barato,1,,,1,1,1.119475,0,62,62,85,1,REAL,FALSA
,,,,,,,5f5f5013f947f6000bd8ddcb,001,2020-12-14_12h54.59.530,lextale_sp,2020.2.3,Win32,60,,,,,,,,,11,cenefa,1,,,1,1,7.23172,0,63,63,10,1,REAL,FALSA
,,,,,,,5f5f5013f947f6000bd8ddcb,001,2020-12-14_12h54.59.530,lextale_sp,2020.2.3,Win32,60,,,,,,,,,85,laúd,1,,,1,1,5.54548,0,64,64,84,1,REAL,FALSA
,,,,,,,5f5f5013f947f6000bd8ddcb,001,2020-12-14_12h54.59.530,lextale_sp,2020.2.3,Win32,60,,,,,,,,,69,engatusar,1,,,1,1,1.260365,0,65,65,68,1,REAL,FALSA
,,,,,,,5f5f5013f947f6000bd8ddcb,001,2020-12-14_12h54.59.530,lextale_sp,2020.2.3,Win32,60,,,,,,,,,61,seda,1,,,1,1,0.867245,0,66,66,60,1,REAL,FALSA
,,,,,,,5f5f5013f947f6000bd8ddcb,001,2020-12-14_12h54.59.530,lextale_sp,2020.2.3,Win32,60,,,,,,,,,12,asesinato,1,,,1,1,1.187845,0,67,67,11,1,REAL,FALSA
,,,,,,,5f5f5013f947f6000bd8ddcb,001,2020-12-14_12h54.59.530,lextale_sp,2020.2.3,Win32,60,,,,,,,,,55,nevar,1,,,1,1,0.900185,0,68,68,54,1,REAL,FALSA
,,,,,,,5f5f5013f947f6000bd8ddcb,001,2020-12-14_12h54.59.530,lextale_sp,2020.2.3,Win32,60,,,,,,,,,43,canela,1,,,1,1,0.835215,0,69,69,42,1,REAL,FALSA
,,,,,,,5f5f5013f947f6000bd8ddcb,001,2020-12-14_12h54.59.530,lextale_sp,2020.2.3,Win32,60,,,,,,,,,84,escuto,0,,,0,1,5.03209,0,70,70,83,1,REAL,FALSA
,,,,,,,5f5f5013f947f6000bd8ddcb,001,2020-12-14_12h54.59.530,lextale_sp,2020.2.3,Win32,60,,,,,,,,,40,alfombra,1,,,1,1,1.056685,0,71,71,39,1,REAL,FALSA
,,,,,,,5f5f5013f947f6000bd8ddcb,001,2020-12-14_12h54.59.530,lextale_sp,2020.2.3,Win32,60,,,,,,,,,27,acutación,0,,,0,1,7.19641,0,72,72,26,1,REAL,FALSA
,,,,,,,5f5f5013f947f6000bd8ddcb,001,2020-12-14_12h54.59.530,lextale_sp,2020.2.3,Win32,60,,,,,,,,,56,musgo,1,,,1,1,1.912285,0,73,73,55,1,REAL,FALSA
,,,,,,,5f5f5013f947f6000bd8ddcb,001,2020-12-14_12h54.59.530,lextale_sp,2020.2.3,Win32,60,,,,,,,,,37,granuja,1,,,1,1,5.95459,0,74,74,36,1,REAL,FALSA
,,,,,,,5f5f5013f947f6000bd8ddcb,001,2020-12-14_12h54.59.530,lextale_sp,2020.2.3,Win32,60,,,,,,,,,22,lacayo,1,,,1,1,3.94647,0,75,75,21,1,REAL,FALSA
,,,,,,,5f5f5013f947f6000bd8ddcb,001,2020-12-14_12h54.59.530,lextale_sp,2020.2.3,Win32,60,,,,,,,,,41,rebuscar,1,,,1,1,0.9318,0,76,76,40,1,REAL,FALSA
,,,,,,,5f5f5013f947f6000bd8ddcb,001,2020-12-14_12h54.59.530,lextale_sp,2020.2.3,Win32,60,,,,,,,,,7,pésimo,1,,,1,1,0.91231,0,77,77,6,1,REAL,FALSA
,,,,,,,5f5f5013f947f6000bd8ddcb,001,2020-12-14_12h54.59.530,lextale_sp,2020.2.3,Win32,60,,,,,,,,,75,yacer,1,,,1,1,0.812855,0,78,78,74,1,REAL,FALSA
,,,,,,,5f5f5013f947f6000bd8ddcb,001,2020-12-14_12h54.59.530,lextale_sp,2020.2.3,Win32,60,,,,,,,,,54,fomentar,1,,,1,1,1.02059,0,79,79,53,1,REAL,FALSA
,,,,,,,5f5f5013f947f6000bd8ddcb,001,2020-12-14_12h54.59.530,lextale_sp,2020.2.3,Win32,60,,,,,,,,,38,estornudar,1,,,1,1,0.6818,0,80,80,37,1,REAL,FALSA
,,,,,,,5f5f5013f947f6000bd8ddcb,001,2020-12-14_12h54.59.530,lextale_sp,2020.2.3,Win32,60,,,,,,,,,57,tacaño,1,,,1,1,0.73841,0,81,81,56,1,REAL,FALSA
,,,,,,,5f5f5013f947f6000bd8ddcb,001,2020-12-14_12h54.59.530,lextale_sp,2020.2.3,Win32,60,,,,,,,,,44,cuchara,1,,,1,1,0.613895,0,82,82,43,1,REAL,FALSA
,,,,,,,5f5f5013f947f6000bd8ddcb,001,2020-12-14_12h54.59.530,lextale_sp,2020.2.3,Win32,60,,,,,,,,,72,pemición,0,,,0,1,2.7554,0,83,83,71,1,REAL,FALSA
,,,,,,,5f5f5013f947f6000bd8ddcb,001,2020-12-14_12h54.59.530,lextale_sp,2020.2.3,Win32,60,,,,,,,,,67,cabello,1,,,1,1,1.162865,0,84,84,66,1,REAL,FALSA
,,,,,,,5f5f5013f947f6000bd8ddcb,001,2020-12-14_12h54.59.530,lextale_sp,2020.2.3,Win32,60,,,,,,,,,31,pandilla,1,,,1,1,0.929875,0,85,85,30,1,REAL,FALSA
,,,,,,,5f5f5013f947f6000bd8ddcb,001,2020-12-14_12h54.59.530,lextale_sp,2020.2.3,Win32,60,,,,,,,,,42,cadallo,0,,,0,1,7.219675,0,86,86,41,1,REAL,FALSA
,,,,,,,5f5f5013f947f6000bd8ddcb,001,2020-12-14_12h54.59.530,lextale_sp,2020.2.3,Win32,60,,,,,,,,,28,merodear,1,,,1,1,1.16289,0,87,87,27,1,REAL,FALSA
,,,,,,,5f5f5013f947f6000bd8ddcb,001,2020-12-14_12h54.59.530,lextale_sp,2020.2.3,Win32,60,,,,,,,,,34,aviso,1,,,1,1,0.83014,0,88,88,33,1,REAL,FALSA
,,,,,,,5f5f5013f947f6000bd8ddcb,001,2020-12-14_12h54.59.530,lextale_sp,2020.2.3,Win32,60,,,,,,,,,20,ávido,1,,,1,1,1.516125,0,89,89,19,1,REAL,FALSA
