lextale_instructions_loop.thisRepN,lextale_instructions_loop.thisTrialN,lextale_instructions_loop.thisN,lextale_instructions_loop.thisIndex,lextale_instructions_loop.ran,instructions_text,continue_text,participant,session,date,expName,psychopyVersion,OS,frameRate,key_resp_lextale_practice.keys,key_resp_lextale_practice.corr,key_resp_lextale_practice.rt,lextale_practice_trials.thisRepN,lextale_practice_trials.thisTrialN,lextale_practice_trials.thisN,lextale_practice_trials.thisIndex,lextale_practice_trials.ran,stim,word,correct_response,prac_button_real,prac_button_false,key_resp_lextale_trial.keys,key_resp_lextale_trial.corr,key_resp_lextale_trial.rt,lextail_trials.thisRepN,lextail_trials.thisTrialN,lextail_trials.thisN,lextail_trials.thisIndex,lextail_trials.ran,button_real,button_false
0,0,0,0,1,"Este es un test de vocabulario en español. 
  
  A continuación vas a ver 90 secuencias de letras que parecen 'españolas'.
  
  Solo algunas de ellas son palabras de verdad.",(presiona la barra espaciadora para continuar),5f5f5013f947f6000bd8ddcb,001,2020-10-29_17h25.13.349,lextale_sp,2020.2.3,Win32,60,,,,,,,,,,,,,,,,,,,,,,,
0,1,1,1,1,"Por favor, señala las palabras que tú conoces (aquellas que estás convencido que son palabras españolas, incluso aunque no seas capaz de dar el significado preciso).",(presiona la barra espaciadora para continuar),5f5f5013f947f6000bd8ddcb,001,2020-10-29_17h25.13.349,lextale_sp,2020.2.3,Win32,60,,,,,,,,,,,,,,,,,,,,,,,
0,2,2,2,1,Pero cuidado: los errores se penalizan. Por eso no tiene sentido tratar de incrementar tu puntuación marcando como reales palabras que nunca has visto.,(presiona la barra espaciadora para continuar),5f5f5013f947f6000bd8ddcb,001,2020-10-29_17h25.13.349,lextale_sp,2020.2.3,Win32,60,,,,,,,,,,,,,,,,,,,,,,,
0,3,3,3,1,"Presiona la tecla 1 si piensas que es una palabra real y la tecla 
  0 si piensas que es una palabra falsa. 
  
  Vamos a practicar un poco...",(presiona la barra espaciadora para continuar),5f5f5013f947f6000bd8ddcb,001,2020-10-29_17h25.13.349,lextale_sp,2020.2.3,Win32,60,,,,,,,,,,,,,,,,,,,,,,,
,,,,,,,5f5f5013f947f6000bd8ddcb,001,2020-10-29_17h25.13.349,lextale_sp,2020.2.3,Win32,60,0,1,4.77128,0,0,0,0,1,0,depiste,0,REAL,FALSA,,,,,,,,,,
,,,,,,,5f5f5013f947f6000bd8ddcb,001,2020-10-29_17h25.13.349,lextale_sp,2020.2.3,Win32,60,1,1,2.49978,0,1,1,1,1,0,sí,1,REAL,FALSA,,,,,,,,,,
,,,,,,,5f5f5013f947f6000bd8ddcb,001,2020-10-29_17h25.13.349,lextale_sp,2020.2.3,Win32,60,0,1,2.040525,0,2,2,2,1,0,coné,0,REAL,FALSA,,,,,,,,,,
,,,,,,,5f5f5013f947f6000bd8ddcb,001,2020-10-29_17h25.13.349,lextale_sp,2020.2.3,Win32,60,0,1,8.53591,0,3,3,3,1,0,calpar,0,REAL,FALSA,,,,,,,,,,
,,,,,,,5f5f5013f947f6000bd8ddcb,001,2020-10-29_17h25.13.349,lextale_sp,2020.2.3,Win32,60,0,1,4.034265,0,4,4,4,1,0,joten,0,REAL,FALSA,,,,,,,,,,
,,,,,,,5f5f5013f947f6000bd8ddcb,001,2020-10-29_17h25.13.349,lextale_sp,2020.2.3,Win32,60,1,1,1.85042,0,5,5,5,1,0,sacapuntas,1,REAL,FALSA,,,,,,,,,,
,,,,,,,5f5f5013f947f6000bd8ddcb,001,2020-10-29_17h25.13.349,lextale_sp,2020.2.3,Win32,60,0,1,8.43268,0,6,6,6,1,0,priba,0,REAL,FALSA,,,,,,,,,,
,,,,,,,5f5f5013f947f6000bd8ddcb,001,2020-10-29_17h25.13.349,lextale_sp,2020.2.3,Win32,60,0,1,2.77903,0,7,7,7,1,0,pelasula,0,REAL,FALSA,,,,,,,,,,
,,,,,,,5f5f5013f947f6000bd8ddcb,001,2020-10-29_17h25.13.349,lextale_sp,2020.2.3,Win32,60,1,1,1.374885,0,8,8,8,1,0,bien,1,REAL,FALSA,,,,,,,,,,
,,,,,,,5f5f5013f947f6000bd8ddcb,001,2020-10-29_17h25.13.349,lextale_sp,2020.2.3,Win32,60,1,1,1.382265,0,9,9,9,1,0,casa,1,REAL,FALSA,,,,,,,,,,
,,,,,,,5f5f5013f947f6000bd8ddcb,001,2020-10-29_17h25.13.349,lextale_sp,2020.2.3,Win32,60,0,1,1.887525,0,10,10,10,1,0,lejo,0,REAL,FALSA,,,,,,,,,,
,,,,,,,5f5f5013f947f6000bd8ddcb,001,2020-10-29_17h25.13.349,lextale_sp,2020.2.3,Win32,60,0,1,4.607015,0,11,11,11,1,0,pretantas,0,REAL,FALSA,,,,,,,,,,
,,,,,,,5f5f5013f947f6000bd8ddcb,001,2020-10-29_17h25.13.349,lextale_sp,2020.2.3,Win32,60,,,,,,,,,57,tacaño,1,,,1,1,1.91505,0,0,0,56,1,REAL,FALSA
,,,,,,,5f5f5013f947f6000bd8ddcb,001,2020-10-29_17h25.13.349,lextale_sp,2020.2.3,Win32,60,,,,,,,,,80,hormiga,1,,,1,1,2.001305,0,1,1,79,1,REAL,FALSA
,,,,,,,5f5f5013f947f6000bd8ddcb,001,2020-10-29_17h25.13.349,lextale_sp,2020.2.3,Win32,60,,,,,,,,,38,estornudar,1,,,1,1,1.833275,0,2,2,37,1,REAL,FALSA
,,,,,,,5f5f5013f947f6000bd8ddcb,001,2020-10-29_17h25.13.349,lextale_sp,2020.2.3,Win32,60,,,,,,,,,65,bizcocho,1,,,1,1,1.65005,0,3,3,64,1,REAL,FALSA
,,,,,,,5f5f5013f947f6000bd8ddcb,001,2020-10-29_17h25.13.349,lextale_sp,2020.2.3,Win32,60,,,,,,,,,47,cartinar,0,,,0,1,1.64969,0,4,4,46,1,REAL,FALSA
,,,,,,,5f5f5013f947f6000bd8ddcb,001,2020-10-29_17h25.13.349,lextale_sp,2020.2.3,Win32,60,,,,,,,,,83,guante,1,,,1,1,1.466795,0,5,5,82,1,REAL,FALSA
,,,,,,,5f5f5013f947f6000bd8ddcb,001,2020-10-29_17h25.13.349,lextale_sp,2020.2.3,Win32,60,,,,,,,,,63,esposante,0,,,0,1,8.050105,0,6,6,62,1,REAL,FALSA
,,,,,,,5f5f5013f947f6000bd8ddcb,001,2020-10-29_17h25.13.349,lextale_sp,2020.2.3,Win32,60,,,,,,,,,3,pulmones,1,,,1,1,1.39647,0,7,7,2,1,REAL,FALSA
,,,,,,,5f5f5013f947f6000bd8ddcb,001,2020-10-29_17h25.13.349,lextale_sp,2020.2.3,Win32,60,,,,,,,,,89,prisa,1,,,1,1,1.28016,0,8,8,88,1,REAL,FALSA
,,,,,,,5f5f5013f947f6000bd8ddcb,001,2020-10-29_17h25.13.349,lextale_sp,2020.2.3,Win32,60,,,,,,,,,32,fatacidad,0,,,0,1,1.636245,0,9,9,31,1,REAL,FALSA
,,,,,,,5f5f5013f947f6000bd8ddcb,001,2020-10-29_17h25.13.349,lextale_sp,2020.2.3,Win32,60,,,,,,,,,35,rompido,0,,,0,1,2.297865,0,10,10,34,1,REAL,FALSA
,,,,,,,5f5f5013f947f6000bd8ddcb,001,2020-10-29_17h25.13.349,lextale_sp,2020.2.3,Win32,60,,,,,,,,,68,alegre,1,,,1,1,1.301245,0,11,11,67,1,REAL,FALSA
,,,,,,,5f5f5013f947f6000bd8ddcb,001,2020-10-29_17h25.13.349,lextale_sp,2020.2.3,Win32,60,,,,,,,,,19,brecedad,0,,,0,1,2.57244,0,12,12,18,1,REAL,FALSA
,,,,,,,5f5f5013f947f6000bd8ddcb,001,2020-10-29_17h25.13.349,lextale_sp,2020.2.3,Win32,60,,,,,,,,,33,pauca,0,,,0,1,7.089605,0,13,13,32,1,REAL,FALSA
,,,,,,,5f5f5013f947f6000bd8ddcb,001,2020-10-29_17h25.13.349,lextale_sp,2020.2.3,Win32,60,,,,,,,,,31,pandilla,1,,,1,1,1.492455,0,14,14,30,1,REAL,FALSA
,,,,,,,5f5f5013f947f6000bd8ddcb,001,2020-10-29_17h25.13.349,lextale_sp,2020.2.3,Win32,60,,,,,,,,,66,hacido,0,,,0,1,1.916935,0,15,15,65,1,REAL,FALSA
,,,,,,,5f5f5013f947f6000bd8ddcb,001,2020-10-29_17h25.13.349,lextale_sp,2020.2.3,Win32,60,,,,,,,,,13,helar,1,,,1,1,1.643685,0,16,16,12,1,REAL,FALSA
,,,,,,,5f5f5013f947f6000bd8ddcb,001,2020-10-29_17h25.13.349,lextale_sp,2020.2.3,Win32,60,,,,,,,,,7,pésimo,1,,,1,1,1.50422,0,17,17,6,1,REAL,FALSA
,,,,,,,5f5f5013f947f6000bd8ddcb,001,2020-10-29_17h25.13.349,lextale_sp,2020.2.3,Win32,60,,,,,,,,,53,vegada,0,,,0,1,8.28749,0,18,18,52,1,REAL,FALSA
,,,,,,,5f5f5013f947f6000bd8ddcb,001,2020-10-29_17h25.13.349,lextale_sp,2020.2.3,Win32,60,,,,,,,,,79,tropaje,0,,,0,1,9.035445,0,19,19,78,1,REAL,FALSA
,,,,,,,5f5f5013f947f6000bd8ddcb,001,2020-10-29_17h25.13.349,lextale_sp,2020.2.3,Win32,60,,,,,,,,,59,besar,1,,,1,1,1.19075,0,20,20,58,1,REAL,FALSA
,,,,,,,5f5f5013f947f6000bd8ddcb,001,2020-10-29_17h25.13.349,lextale_sp,2020.2.3,Win32,60,,,,,,,,,62,flaco,1,,,1,1,0.92116,0,21,21,61,1,REAL,FALSA
,,,,,,,5f5f5013f947f6000bd8ddcb,001,2020-10-29_17h25.13.349,lextale_sp,2020.2.3,Win32,60,,,,,,,,,87,grodo,0,,,0,1,1.56745,0,22,22,86,1,REAL,FALSA
,,,,,,,5f5f5013f947f6000bd8ddcb,001,2020-10-29_17h25.13.349,lextale_sp,2020.2.3,Win32,60,,,,,,,,,88,acantilado,1,,,1,1,2.050995,0,23,23,87,1,REAL,FALSA
,,,,,,,5f5f5013f947f6000bd8ddcb,001,2020-10-29_17h25.13.349,lextale_sp,2020.2.3,Win32,60,,,,,,,,,14,yunque,1,,,1,1,8.657535,0,24,24,13,1,REAL,FALSA
,,,,,,,5f5f5013f947f6000bd8ddcb,001,2020-10-29_17h25.13.349,lextale_sp,2020.2.3,Win32,60,,,,,,,,,26,secuestro,1,,,1,1,0.778335,0,25,25,25,1,REAL,FALSA
,,,,,,,5f5f5013f947f6000bd8ddcb,001,2020-10-29_17h25.13.349,lextale_sp,2020.2.3,Win32,60,,,,,,,,,43,canela,1,,,1,1,0.771705,0,26,26,42,1,REAL,FALSA
,,,,,,,5f5f5013f947f6000bd8ddcb,001,2020-10-29_17h25.13.349,lextale_sp,2020.2.3,Win32,60,,,,,,,,,16,abracer,0,,,0,1,1.62051,0,27,27,15,1,REAL,FALSA
,,,,,,,5f5f5013f947f6000bd8ddcb,001,2020-10-29_17h25.13.349,lextale_sp,2020.2.3,Win32,60,,,,,,,,,10,antar,0,,,0,1,3.474075,0,28,28,9,1,REAL,FALSA
,,,,,,,5f5f5013f947f6000bd8ddcb,001,2020-10-29_17h25.13.349,lextale_sp,2020.2.3,Win32,60,,,,,,,,,49,ganar,1,,,1,1,1.15013,0,29,29,48,1,REAL,FALSA
,,,,,,,5f5f5013f947f6000bd8ddcb,001,2020-10-29_17h25.13.349,lextale_sp,2020.2.3,Win32,60,,,,,,,,,25,bisagra,1,,,1,1,1.215385,0,30,30,24,1,REAL,FALSA
,,,,,,,5f5f5013f947f6000bd8ddcb,001,2020-10-29_17h25.13.349,lextale_sp,2020.2.3,Win32,60,,,,,,,,,86,barato,1,,,1,1,1.08944,0,31,31,85,1,REAL,FALSA
,,,,,,,5f5f5013f947f6000bd8ddcb,001,2020-10-29_17h25.13.349,lextale_sp,2020.2.3,Win32,60,,,,,,,,,24,látigo,1,,,1,1,1.11971,0,32,32,23,1,REAL,FALSA
,,,,,,,5f5f5013f947f6000bd8ddcb,001,2020-10-29_17h25.13.349,lextale_sp,2020.2.3,Win32,60,,,,,,,,,85,laúd,1,,,1,1,8.05728,0,33,33,84,1,REAL,FALSA
,,,,,,,5f5f5013f947f6000bd8ddcb,001,2020-10-29_17h25.13.349,lextale_sp,2020.2.3,Win32,60,,,,,,,,,73,hervidor,1,,,1,1,1.08247,0,34,34,72,1,REAL,FALSA
,,,,,,,5f5f5013f947f6000bd8ddcb,001,2020-10-29_17h25.13.349,lextale_sp,2020.2.3,Win32,60,,,,,,,,,12,asesinato,1,,,1,1,1.129845,0,35,35,11,1,REAL,FALSA
,,,,,,,5f5f5013f947f6000bd8ddcb,001,2020-10-29_17h25.13.349,lextale_sp,2020.2.3,Win32,60,,,,,,,,,42,cadallo,0,,,0,1,6.299045,0,36,36,41,1,REAL,FALSA
,,,,,,,5f5f5013f947f6000bd8ddcb,001,2020-10-29_17h25.13.349,lextale_sp,2020.2.3,Win32,60,,,,,,,,,36,loro,1,,,1,1,1.33323,0,37,37,35,1,REAL,FALSA
,,,,,,,5f5f5013f947f6000bd8ddcb,001,2020-10-29_17h25.13.349,lextale_sp,2020.2.3,Win32,60,,,,,,,,,30,alardio,0,,,0,1,6.06789,0,38,38,29,1,REAL,FALSA
,,,,,,,5f5f5013f947f6000bd8ddcb,001,2020-10-29_17h25.13.349,lextale_sp,2020.2.3,Win32,60,,,,,,,,,41,rebuscar,1,,,1,1,1.25323,0,39,39,40,1,REAL,FALSA
,,,,,,,5f5f5013f947f6000bd8ddcb,001,2020-10-29_17h25.13.349,lextale_sp,2020.2.3,Win32,60,,,,,,,,,15,regar,1,,,1,1,1.365735,0,40,40,14,1,REAL,FALSA
,,,,,,,5f5f5013f947f6000bd8ddcb,001,2020-10-29_17h25.13.349,lextale_sp,2020.2.3,Win32,60,,,,,,,,,69,engatusar,1,,,1,1,1.267085,0,41,41,68,1,REAL,FALSA
,,,,,,,5f5f5013f947f6000bd8ddcb,001,2020-10-29_17h25.13.349,lextale_sp,2020.2.3,Win32,60,,,,,,,,,76,atar,1,,,1,1,0.769605,0,42,42,75,1,REAL,FALSA
,,,,,,,5f5f5013f947f6000bd8ddcb,001,2020-10-29_17h25.13.349,lextale_sp,2020.2.3,Win32,60,,,,,,,,,17,floroso,0,,,0,1,5.744095,0,43,43,16,1,REAL,FALSA
,,,,,,,5f5f5013f947f6000bd8ddcb,001,2020-10-29_17h25.13.349,lextale_sp,2020.2.3,Win32,60,,,,,,,,,18,arsa,0,,,0,1,4.309145,0,44,44,17,1,REAL,FALSA
,,,,,,,5f5f5013f947f6000bd8ddcb,001,2020-10-29_17h25.13.349,lextale_sp,2020.2.3,Win32,60,,,,,,,,,40,alfombra,1,,,1,1,1.21608,0,45,45,39,1,REAL,FALSA
,,,,,,,5f5f5013f947f6000bd8ddcb,001,2020-10-29_17h25.13.349,lextale_sp,2020.2.3,Win32,60,,,,,,,,,2,pellizcar,1,,,1,1,1.04785,0,46,46,1,1,REAL,FALSA
,,,,,,,5f5f5013f947f6000bd8ddcb,001,2020-10-29_17h25.13.349,lextale_sp,2020.2.3,Win32,60,,,,,,,,,4,batillón,0,,,0,1,7.460145,0,47,47,3,1,REAL,FALSA
,,,,,,,5f5f5013f947f6000bd8ddcb,001,2020-10-29_17h25.13.349,lextale_sp,2020.2.3,Win32,60,,,,,,,,,28,merodear,1,,,1,1,1.43866,0,48,48,27,1,REAL,FALSA
,,,,,,,5f5f5013f947f6000bd8ddcb,001,2020-10-29_17h25.13.349,lextale_sp,2020.2.3,Win32,60,,,,,,,,,84,escuto,0,,,0,1,6.720975,0,49,49,83,1,REAL,FALSA
,,,,,,,5f5f5013f947f6000bd8ddcb,001,2020-10-29_17h25.13.349,lextale_sp,2020.2.3,Win32,60,,,,,,,,,74,cintro,0,,,0,1,5.13776,0,50,50,73,1,REAL,FALSA
,,,,,,,5f5f5013f947f6000bd8ddcb,001,2020-10-29_17h25.13.349,lextale_sp,2020.2.3,Win32,60,,,,,,,,,52,camisa,1,,,1,1,1.086105,0,51,51,51,1,REAL,FALSA
,,,,,,,5f5f5013f947f6000bd8ddcb,001,2020-10-29_17h25.13.349,lextale_sp,2020.2.3,Win32,60,,,,,,,,,58,plaudir,0,,,0,1,2.876485,0,52,52,57,1,REAL,FALSA
,,,,,,,5f5f5013f947f6000bd8ddcb,001,2020-10-29_17h25.13.349,lextale_sp,2020.2.3,Win32,60,,,,,,,,,45,jilguero,1,,,1,1,8.66829,0,53,53,44,1,REAL,FALSA
,,,,,,,5f5f5013f947f6000bd8ddcb,001,2020-10-29_17h25.13.349,lextale_sp,2020.2.3,Win32,60,,,,,,,,,27,acutación,0,,,0,1,3.96753,0,54,54,26,1,REAL,FALSA
,,,,,,,5f5f5013f947f6000bd8ddcb,001,2020-10-29_17h25.13.349,lextale_sp,2020.2.3,Win32,60,,,,,,,,,29,decar,0,,,0,1,4.7876,0,55,55,28,1,REAL,FALSA
,,,,,,,5f5f5013f947f6000bd8ddcb,001,2020-10-29_17h25.13.349,lextale_sp,2020.2.3,Win32,60,,,,,,,,,22,lacayo,1,,,1,1,6.392715,0,56,56,21,1,REAL,FALSA
,,,,,,,5f5f5013f947f6000bd8ddcb,001,2020-10-29_17h25.13.349,lextale_sp,2020.2.3,Win32,60,,,,,,,,,23,lampera,0,,,0,1,1.83504,0,57,57,22,1,REAL,FALSA
,,,,,,,5f5f5013f947f6000bd8ddcb,001,2020-10-29_17h25.13.349,lextale_sp,2020.2.3,Win32,60,,,,,,,,,11,cenefa,1,,,1,1,8.217285,0,58,58,10,1,REAL,FALSA
,,,,,,,5f5f5013f947f6000bd8ddcb,001,2020-10-29_17h25.13.349,lextale_sp,2020.2.3,Win32,60,,,,,,,,,6,tergiversar,1,,,1,1,5.84997,0,59,59,5,1,REAL,FALSA
,,,,,,,5f5f5013f947f6000bd8ddcb,001,2020-10-29_17h25.13.349,lextale_sp,2020.2.3,Win32,60,,,,,,,,,55,nevar,1,,,1,1,0.929855,0,60,60,54,1,REAL,FALSA
,,,,,,,5f5f5013f947f6000bd8ddcb,001,2020-10-29_17h25.13.349,lextale_sp,2020.2.3,Win32,60,,,,,,,,,78,frondoso,1,,,1,1,4.98558,0,61,61,77,1,REAL,FALSA
,,,,,,,5f5f5013f947f6000bd8ddcb,001,2020-10-29_17h25.13.349,lextale_sp,2020.2.3,Win32,60,,,,,,,,,82,empirador,0,,,0,1,2.459195,0,62,62,81,1,REAL,FALSA
,,,,,,,5f5f5013f947f6000bd8ddcb,001,2020-10-29_17h25.13.349,lextale_sp,2020.2.3,Win32,60,,,,,,,,,70,temblo,0,,,0,1,1.77483,0,63,63,69,1,REAL,FALSA
,,,,,,,5f5f5013f947f6000bd8ddcb,001,2020-10-29_17h25.13.349,lextale_sp,2020.2.3,Win32,60,,,,,,,,,46,martillo,1,,,1,1,1.238685,0,64,64,45,1,REAL,FALSA
,,,,,,,5f5f5013f947f6000bd8ddcb,001,2020-10-29_17h25.13.349,lextale_sp,2020.2.3,Win32,60,,,,,,,,,90,clavel,1,,,1,1,1.200625,0,65,65,89,1,REAL,FALSA
,,,,,,,5f5f5013f947f6000bd8ddcb,001,2020-10-29_17h25.13.349,lextale_sp,2020.2.3,Win32,60,,,,,,,,,39,torpe,1,,,1,1,0.717565,0,66,66,38,1,REAL,FALSA
,,,,,,,5f5f5013f947f6000bd8ddcb,001,2020-10-29_17h25.13.349,lextale_sp,2020.2.3,Win32,60,,,,,,,,,5,zapato,1,,,1,1,0.68697,0,67,67,4,1,REAL,FALSA
,,,,,,,5f5f5013f947f6000bd8ddcb,001,2020-10-29_17h25.13.349,lextale_sp,2020.2.3,Win32,60,,,,,,,,,34,aviso,1,,,1,1,0.76067,0,68,68,33,1,REAL,FALSA
,,,,,,,5f5f5013f947f6000bd8ddcb,001,2020-10-29_17h25.13.349,lextale_sp,2020.2.3,Win32,60,,,,,,,,,48,ladrón,1,,,1,1,0.860675,0,69,69,47,1,REAL,FALSA
,,,,,,,5f5f5013f947f6000bd8ddcb,001,2020-10-29_17h25.13.349,lextale_sp,2020.2.3,Win32,60,,,,,,,,,71,polvoriento,1,,,1,1,1.263015,0,70,70,70,1,REAL,FALSA
,,,,,,,5f5f5013f947f6000bd8ddcb,001,2020-10-29_17h25.13.349,lextale_sp,2020.2.3,Win32,60,,,,,,,,,51,candado,1,,,1,1,0.98247,0,71,71,50,1,REAL,FALSA
,,,,,,,5f5f5013f947f6000bd8ddcb,001,2020-10-29_17h25.13.349,lextale_sp,2020.2.3,Win32,60,,,,,,,,,44,cuchara,1,,,1,1,0.906395,0,72,72,43,1,REAL,FALSA
,,,,,,,5f5f5013f947f6000bd8ddcb,001,2020-10-29_17h25.13.349,lextale_sp,2020.2.3,Win32,60,,,,,,,,,9,hacha,1,,,1,1,1.059575,0,73,73,8,1,REAL,FALSA
,,,,,,,5f5f5013f947f6000bd8ddcb,001,2020-10-29_17h25.13.349,lextale_sp,2020.2.3,Win32,60,,,,,,,,,61,seda,1,,,1,1,1.055395,0,74,74,60,1,REAL,FALSA
,,,,,,,5f5f5013f947f6000bd8ddcb,001,2020-10-29_17h25.13.349,lextale_sp,2020.2.3,Win32,60,,,,,,,,,54,fomentar,1,,,1,1,1.06002,0,75,75,53,1,REAL,FALSA
,,,,,,,5f5f5013f947f6000bd8ddcb,001,2020-10-29_17h25.13.349,lextale_sp,2020.2.3,Win32,60,,,,,,,,,8,cadeña,0,,,0,1,3.34971,0,76,76,7,1,REAL,FALSA
,,,,,,,5f5f5013f947f6000bd8ddcb,001,2020-10-29_17h25.13.349,lextale_sp,2020.2.3,Win32,60,,,,,,,,,77,tiburón,1,,,1,1,1.30782,0,77,77,76,1,REAL,FALSA
,,,,,,,5f5f5013f947f6000bd8ddcb,001,2020-10-29_17h25.13.349,lextale_sp,2020.2.3,Win32,60,,,,,,,,,20,ávido,1,,,1,1,6.710985,0,78,78,19,1,REAL,FALSA
,,,,,,,5f5f5013f947f6000bd8ddcb,001,2020-10-29_17h25.13.349,lextale_sp,2020.2.3,Win32,60,,,,,,,,,81,pozo,1,,,1,1,0.78474,0,79,79,80,1,REAL,FALSA
,,,,,,,5f5f5013f947f6000bd8ddcb,001,2020-10-29_17h25.13.349,lextale_sp,2020.2.3,Win32,60,,,,,,,,,72,pemición,0,,,0,1,3.069405,0,80,80,71,1,REAL,FALSA
,,,,,,,5f5f5013f947f6000bd8ddcb,001,2020-10-29_17h25.13.349,lextale_sp,2020.2.3,Win32,60,,,,,,,,,60,matar,1,,,1,1,1.33892,0,81,81,59,1,REAL,FALSA
,,,,,,,5f5f5013f947f6000bd8ddcb,001,2020-10-29_17h25.13.349,lextale_sp,2020.2.3,Win32,60,,,,,,,,,64,orgulloso,1,,,1,1,0.8021,0,82,82,63,1,REAL,FALSA
,,,,,,,5f5f5013f947f6000bd8ddcb,001,2020-10-29_17h25.13.349,lextale_sp,2020.2.3,Win32,60,,,,,,,,,37,granuja,1,,,1,1,4.432165,0,83,83,36,1,REAL,FALSA
,,,,,,,5f5f5013f947f6000bd8ddcb,001,2020-10-29_17h25.13.349,lextale_sp,2020.2.3,Win32,60,,,,,,,,,21,capillo,0,,,1,0,5.738705,0,84,84,20,1,REAL,FALSA
,,,,,,,5f5f5013f947f6000bd8ddcb,001,2020-10-29_17h25.13.349,lextale_sp,2020.2.3,Win32,60,,,,,,,,,50,flamida,0,,,0,1,1.836305,0,85,85,49,1,REAL,FALSA
,,,,,,,5f5f5013f947f6000bd8ddcb,001,2020-10-29_17h25.13.349,lextale_sp,2020.2.3,Win32,60,,,,,,,,,1,terzo,0,,,0,1,6.258235,0,86,86,0,1,REAL,FALSA
,,,,,,,5f5f5013f947f6000bd8ddcb,001,2020-10-29_17h25.13.349,lextale_sp,2020.2.3,Win32,60,,,,,,,,,56,musgo,1,,,1,1,4.616495,0,87,87,55,1,REAL,FALSA
,,,,,,,5f5f5013f947f6000bd8ddcb,001,2020-10-29_17h25.13.349,lextale_sp,2020.2.3,Win32,60,,,,,,,,,75,yacer,1,,,1,1,1.32363,0,88,88,74,1,REAL,FALSA
,,,,,,,5f5f5013f947f6000bd8ddcb,001,2020-10-29_17h25.13.349,lextale_sp,2020.2.3,Win32,60,,,,,,,,,67,cabello,1,,,1,1,1.340405,0,89,89,66,1,REAL,FALSA
