lextale_instructions_loop.thisRepN,lextale_instructions_loop.thisTrialN,lextale_instructions_loop.thisN,lextale_instructions_loop.thisIndex,lextale_instructions_loop.ran,instructions_text,continue_text,participant,session,date,expName,psychopyVersion,OS,frameRate,key_resp_lextale_practice.keys,key_resp_lextale_practice.corr,key_resp_lextale_practice.rt,lextale_practice_trials.thisRepN,lextale_practice_trials.thisTrialN,lextale_practice_trials.thisN,lextale_practice_trials.thisIndex,lextale_practice_trials.ran,stim,word,correct_response,prac_button_real,prac_button_false,key_resp_lextale_trial.keys,key_resp_lextale_trial.corr,key_resp_lextale_trial.rt,lextail_trials.thisRepN,lextail_trials.thisTrialN,lextail_trials.thisN,lextail_trials.thisIndex,lextail_trials.ran,button_real,button_false
0,0,0,0,1,"Este es un test de vocabulario en español. 
  
  A continuación vas a ver 90 secuencias de letras que parecen 'españolas'.
  
  Solo algunas de ellas son palabras de verdad.",(presiona la barra espaciadora para continuar),5f656030cd36f609db0da23e,001,2020-12-21_16h48.14.869,lextale_sp,2020.2.3,Win32,60,,,,,,,,,,,,,,,,,,,,,,,
0,1,1,1,1,"Por favor, señala las palabras que tú conoces (aquellas que estás convencido que son palabras españolas, incluso aunque no seas capaz de dar el significado preciso).",(presiona la barra espaciadora para continuar),5f656030cd36f609db0da23e,001,2020-12-21_16h48.14.869,lextale_sp,2020.2.3,Win32,60,,,,,,,,,,,,,,,,,,,,,,,
0,2,2,2,1,Pero cuidado: los errores se penalizan. Por eso no tiene sentido tratar de incrementar tu puntuación marcando como reales palabras que nunca has visto.,(presiona la barra espaciadora para continuar),5f656030cd36f609db0da23e,001,2020-12-21_16h48.14.869,lextale_sp,2020.2.3,Win32,60,,,,,,,,,,,,,,,,,,,,,,,
0,3,3,3,1,"Presiona la tecla 1 si piensas que es una palabra real y la tecla 
  0 si piensas que es una palabra falsa. 
  
  Vamos a practicar un poco...",(presiona la barra espaciadora para continuar),5f656030cd36f609db0da23e,001,2020-12-21_16h48.14.869,lextale_sp,2020.2.3,Win32,60,,,,,,,,,,,,,,,,,,,,,,,
,,,,,,,5f656030cd36f609db0da23e,001,2020-12-21_16h48.14.869,lextale_sp,2020.2.3,Win32,60,1,0,4.449,0,0,0,0,1,0,depiste,0,REAL,FALSA,,,,,,,,,,
,,,,,,,5f656030cd36f609db0da23e,001,2020-12-21_16h48.14.869,lextale_sp,2020.2.3,Win32,60,1,1,0.934,0,1,1,1,1,0,sí,1,REAL,FALSA,,,,,,,,,,
,,,,,,,5f656030cd36f609db0da23e,001,2020-12-21_16h48.14.869,lextale_sp,2020.2.3,Win32,60,1,0,1.722,0,2,2,2,1,0,coné,0,REAL,FALSA,,,,,,,,,,
,,,,,,,5f656030cd36f609db0da23e,001,2020-12-21_16h48.14.869,lextale_sp,2020.2.3,Win32,60,1,0,1,0,3,3,3,1,0,calpar,0,REAL,FALSA,,,,,,,,,,
,,,,,,,5f656030cd36f609db0da23e,001,2020-12-21_16h48.14.869,lextale_sp,2020.2.3,Win32,60,1,0,1.117,0,4,4,4,1,0,joten,0,REAL,FALSA,,,,,,,,,,
,,,,,,,5f656030cd36f609db0da23e,001,2020-12-21_16h48.14.869,lextale_sp,2020.2.3,Win32,60,1,1,0.985,0,5,5,5,1,0,sacapuntas,1,REAL,FALSA,,,,,,,,,,
,,,,,,,5f656030cd36f609db0da23e,001,2020-12-21_16h48.14.869,lextale_sp,2020.2.3,Win32,60,1,0,0.867,0,6,6,6,1,0,priba,0,REAL,FALSA,,,,,,,,,,
,,,,,,,5f656030cd36f609db0da23e,001,2020-12-21_16h48.14.869,lextale_sp,2020.2.3,Win32,60,1,0,2.683,0,7,7,7,1,0,pelasula,0,REAL,FALSA,,,,,,,,,,
,,,,,,,5f656030cd36f609db0da23e,001,2020-12-21_16h48.14.869,lextale_sp,2020.2.3,Win32,60,1,1,0.651,0,8,8,8,1,0,bien,1,REAL,FALSA,,,,,,,,,,
,,,,,,,5f656030cd36f609db0da23e,001,2020-12-21_16h48.14.869,lextale_sp,2020.2.3,Win32,60,1,1,0.664,0,9,9,9,1,0,casa,1,REAL,FALSA,,,,,,,,,,
,,,,,,,5f656030cd36f609db0da23e,001,2020-12-21_16h48.14.869,lextale_sp,2020.2.3,Win32,60,1,0,0.75,0,10,10,10,1,0,lejo,0,REAL,FALSA,,,,,,,,,,
,,,,,,,5f656030cd36f609db0da23e,001,2020-12-21_16h48.14.869,lextale_sp,2020.2.3,Win32,60,0,1,1.685,0,11,11,11,1,0,pretantas,0,REAL,FALSA,,,,,,,,,,
,,,,,,,5f656030cd36f609db0da23e,001,2020-12-21_16h48.14.869,lextale_sp,2020.2.3,Win32,60,,,,,,,,,50,flamida,0,,,1,0,1.033,0,0,0,49,1,REAL,FALSA
,,,,,,,5f656030cd36f609db0da23e,001,2020-12-21_16h48.14.869,lextale_sp,2020.2.3,Win32,60,,,,,,,,,13,helar,1,,,1,1,1.498,0,1,1,12,1,REAL,FALSA
,,,,,,,5f656030cd36f609db0da23e,001,2020-12-21_16h48.14.869,lextale_sp,2020.2.3,Win32,60,,,,,,,,,62,flaco,1,,,1,1,1,0,2,2,61,1,REAL,FALSA
,,,,,,,5f656030cd36f609db0da23e,001,2020-12-21_16h48.14.869,lextale_sp,2020.2.3,Win32,60,,,,,,,,,4,batillón,0,,,0,1,1.07,0,3,3,3,1,REAL,FALSA
,,,,,,,5f656030cd36f609db0da23e,001,2020-12-21_16h48.14.869,lextale_sp,2020.2.3,Win32,60,,,,,,,,,74,cintro,0,,,0,1,0.966,0,4,4,73,1,REAL,FALSA
,,,,,,,5f656030cd36f609db0da23e,001,2020-12-21_16h48.14.869,lextale_sp,2020.2.3,Win32,60,,,,,,,,,15,regar,1,,,1,1,0.803,0,5,5,14,1,REAL,FALSA
,,,,,,,5f656030cd36f609db0da23e,001,2020-12-21_16h48.14.869,lextale_sp,2020.2.3,Win32,60,,,,,,,,,8,cadeña,0,,,1,0,1.954,0,6,6,7,1,REAL,FALSA
,,,,,,,5f656030cd36f609db0da23e,001,2020-12-21_16h48.14.869,lextale_sp,2020.2.3,Win32,60,,,,,,,,,37,granuja,1,,,0,0,1.567,0,7,7,36,1,REAL,FALSA
,,,,,,,5f656030cd36f609db0da23e,001,2020-12-21_16h48.14.869,lextale_sp,2020.2.3,Win32,60,,,,,,,,,45,jilguero,1,,,0,0,1.667,0,8,8,44,1,REAL,FALSA
,,,,,,,5f656030cd36f609db0da23e,001,2020-12-21_16h48.14.869,lextale_sp,2020.2.3,Win32,60,,,,,,,,,18,arsa,0,,,0,1,0.932,0,9,9,17,1,REAL,FALSA
,,,,,,,5f656030cd36f609db0da23e,001,2020-12-21_16h48.14.869,lextale_sp,2020.2.3,Win32,60,,,,,,,,,59,besar,1,,,1,1,0.715,0,10,10,58,1,REAL,FALSA
,,,,,,,5f656030cd36f609db0da23e,001,2020-12-21_16h48.14.869,lextale_sp,2020.2.3,Win32,60,,,,,,,,,43,canela,1,,,1,1,0.685,0,11,11,42,1,REAL,FALSA
,,,,,,,5f656030cd36f609db0da23e,001,2020-12-21_16h48.14.869,lextale_sp,2020.2.3,Win32,60,,,,,,,,,78,frondoso,1,,,0,0,0.983,0,12,12,77,1,REAL,FALSA
,,,,,,,5f656030cd36f609db0da23e,001,2020-12-21_16h48.14.869,lextale_sp,2020.2.3,Win32,60,,,,,,,,,55,nevar,1,,,1,1,0.682,0,13,13,54,1,REAL,FALSA
,,,,,,,5f656030cd36f609db0da23e,001,2020-12-21_16h48.14.869,lextale_sp,2020.2.3,Win32,60,,,,,,,,,72,pemición,0,,,1,0,1.182,0,14,14,71,1,REAL,FALSA
,,,,,,,5f656030cd36f609db0da23e,001,2020-12-21_16h48.14.869,lextale_sp,2020.2.3,Win32,60,,,,,,,,,25,bisagra,1,,,0,0,0.821,0,15,15,24,1,REAL,FALSA
,,,,,,,5f656030cd36f609db0da23e,001,2020-12-21_16h48.14.869,lextale_sp,2020.2.3,Win32,60,,,,,,,,,80,hormiga,1,,,0,0,0.788,0,16,16,79,1,REAL,FALSA
,,,,,,,5f656030cd36f609db0da23e,001,2020-12-21_16h48.14.869,lextale_sp,2020.2.3,Win32,60,,,,,,,,,51,candado,1,,,1,1,1.289,0,17,17,50,1,REAL,FALSA
,,,,,,,5f656030cd36f609db0da23e,001,2020-12-21_16h48.14.869,lextale_sp,2020.2.3,Win32,60,,,,,,,,,85,laúd,1,,,0,0,0.784,0,18,18,84,1,REAL,FALSA
,,,,,,,5f656030cd36f609db0da23e,001,2020-12-21_16h48.14.869,lextale_sp,2020.2.3,Win32,60,,,,,,,,,84,escuto,0,,,1,0,0.881,0,19,19,83,1,REAL,FALSA
,,,,,,,5f656030cd36f609db0da23e,001,2020-12-21_16h48.14.869,lextale_sp,2020.2.3,Win32,60,,,,,,,,,33,pauca,0,,,0,1,0.899,0,20,20,32,1,REAL,FALSA
,,,,,,,5f656030cd36f609db0da23e,001,2020-12-21_16h48.14.869,lextale_sp,2020.2.3,Win32,60,,,,,,,,,22,lacayo,1,,,0,0,0.799,0,21,21,21,1,REAL,FALSA
,,,,,,,5f656030cd36f609db0da23e,001,2020-12-21_16h48.14.869,lextale_sp,2020.2.3,Win32,60,,,,,,,,,77,tiburón,1,,,1,1,0.849,0,22,22,76,1,REAL,FALSA
,,,,,,,5f656030cd36f609db0da23e,001,2020-12-21_16h48.14.869,lextale_sp,2020.2.3,Win32,60,,,,,,,,,58,plaudir,0,,,0,1,1.182,0,23,23,57,1,REAL,FALSA
,,,,,,,5f656030cd36f609db0da23e,001,2020-12-21_16h48.14.869,lextale_sp,2020.2.3,Win32,60,,,,,,,,,48,ladrón,1,,,1,1,0.75,0,24,24,47,1,REAL,FALSA
,,,,,,,5f656030cd36f609db0da23e,001,2020-12-21_16h48.14.869,lextale_sp,2020.2.3,Win32,60,,,,,,,,,60,matar,1,,,1,1,0.82,0,25,25,59,1,REAL,FALSA
,,,,,,,5f656030cd36f609db0da23e,001,2020-12-21_16h48.14.869,lextale_sp,2020.2.3,Win32,60,,,,,,,,,17,floroso,0,,,1,0,0.968,0,26,26,16,1,REAL,FALSA
,,,,,,,5f656030cd36f609db0da23e,001,2020-12-21_16h48.14.869,lextale_sp,2020.2.3,Win32,60,,,,,,,,,53,vegada,0,,,0,1,0.966,0,27,27,52,1,REAL,FALSA
,,,,,,,5f656030cd36f609db0da23e,001,2020-12-21_16h48.14.869,lextale_sp,2020.2.3,Win32,60,,,,,,,,,5,zapato,1,,,1,1,1.088,0,28,28,4,1,REAL,FALSA
,,,,,,,5f656030cd36f609db0da23e,001,2020-12-21_16h48.14.869,lextale_sp,2020.2.3,Win32,60,,,,,,,,,79,tropaje,0,,,0,1,0.733,0,29,29,78,1,REAL,FALSA
,,,,,,,5f656030cd36f609db0da23e,001,2020-12-21_16h48.14.869,lextale_sp,2020.2.3,Win32,60,,,,,,,,,46,martillo,1,,,1,1,0.732,0,30,30,45,1,REAL,FALSA
,,,,,,,5f656030cd36f609db0da23e,001,2020-12-21_16h48.14.869,lextale_sp,2020.2.3,Win32,60,,,,,,,,,28,merodear,1,,,0,0,1.234,0,31,31,27,1,REAL,FALSA
,,,,,,,5f656030cd36f609db0da23e,001,2020-12-21_16h48.14.869,lextale_sp,2020.2.3,Win32,60,,,,,,,,,66,hacido,0,,,1,0,0.771,0,32,32,65,1,REAL,FALSA
,,,,,,,5f656030cd36f609db0da23e,001,2020-12-21_16h48.14.869,lextale_sp,2020.2.3,Win32,60,,,,,,,,,12,asesinato,1,,,1,1,2.116,0,33,33,11,1,REAL,FALSA
,,,,,,,5f656030cd36f609db0da23e,001,2020-12-21_16h48.14.869,lextale_sp,2020.2.3,Win32,60,,,,,,,,,61,seda,1,,,1,1,0.9,0,34,34,60,1,REAL,FALSA
,,,,,,,5f656030cd36f609db0da23e,001,2020-12-21_16h48.14.869,lextale_sp,2020.2.3,Win32,60,,,,,,,,,27,acutación,0,,,0,1,1.299,0,35,35,26,1,REAL,FALSA
,,,,,,,5f656030cd36f609db0da23e,001,2020-12-21_16h48.14.869,lextale_sp,2020.2.3,Win32,60,,,,,,,,,44,cuchara,1,,,1,1,1.367,0,36,36,43,1,REAL,FALSA
,,,,,,,5f656030cd36f609db0da23e,001,2020-12-21_16h48.14.869,lextale_sp,2020.2.3,Win32,60,,,,,,,,,89,prisa,1,,,1,1,1.02,0,37,37,88,1,REAL,FALSA
,,,,,,,5f656030cd36f609db0da23e,001,2020-12-21_16h48.14.869,lextale_sp,2020.2.3,Win32,60,,,,,,,,,1,terzo,0,,,0,1,0.771,0,38,38,0,1,REAL,FALSA
,,,,,,,5f656030cd36f609db0da23e,001,2020-12-21_16h48.14.869,lextale_sp,2020.2.3,Win32,60,,,,,,,,,2,pellizcar,1,,,1,1,2.401,0,39,39,1,1,REAL,FALSA
,,,,,,,5f656030cd36f609db0da23e,001,2020-12-21_16h48.14.869,lextale_sp,2020.2.3,Win32,60,,,,,,,,,76,atar,1,,,0,0,0.933,0,40,40,75,1,REAL,FALSA
,,,,,,,5f656030cd36f609db0da23e,001,2020-12-21_16h48.14.869,lextale_sp,2020.2.3,Win32,60,,,,,,,,,75,yacer,1,,,0,0,1.483,0,41,41,74,1,REAL,FALSA
,,,,,,,5f656030cd36f609db0da23e,001,2020-12-21_16h48.14.869,lextale_sp,2020.2.3,Win32,60,,,,,,,,,56,musgo,1,,,0,0,0.883,0,42,42,55,1,REAL,FALSA
,,,,,,,5f656030cd36f609db0da23e,001,2020-12-21_16h48.14.869,lextale_sp,2020.2.3,Win32,60,,,,,,,,,40,alfombra,1,,,1,1,0.866,0,43,43,39,1,REAL,FALSA
,,,,,,,5f656030cd36f609db0da23e,001,2020-12-21_16h48.14.869,lextale_sp,2020.2.3,Win32,60,,,,,,,,,10,antar,0,,,0,1,0.919,0,44,44,9,1,REAL,FALSA
,,,,,,,5f656030cd36f609db0da23e,001,2020-12-21_16h48.14.869,lextale_sp,2020.2.3,Win32,60,,,,,,,,,26,secuestro,1,,,1,1,0.721,0,45,45,25,1,REAL,FALSA
,,,,,,,5f656030cd36f609db0da23e,001,2020-12-21_16h48.14.869,lextale_sp,2020.2.3,Win32,60,,,,,,,,,83,guante,1,,,1,1,1.2,0,46,46,82,1,REAL,FALSA
,,,,,,,5f656030cd36f609db0da23e,001,2020-12-21_16h48.14.869,lextale_sp,2020.2.3,Win32,60,,,,,,,,,69,engatusar,1,,,0,0,2.334,0,47,47,68,1,REAL,FALSA
,,,,,,,5f656030cd36f609db0da23e,001,2020-12-21_16h48.14.869,lextale_sp,2020.2.3,Win32,60,,,,,,,,,19,brecedad,0,,,0,1,1.949,0,48,48,18,1,REAL,FALSA
,,,,,,,5f656030cd36f609db0da23e,001,2020-12-21_16h48.14.869,lextale_sp,2020.2.3,Win32,60,,,,,,,,,47,cartinar,0,,,0,1,1.366,0,49,49,46,1,REAL,FALSA
,,,,,,,5f656030cd36f609db0da23e,001,2020-12-21_16h48.14.869,lextale_sp,2020.2.3,Win32,60,,,,,,,,,9,hacha,1,,,1,1,0.851,0,50,50,8,1,REAL,FALSA
,,,,,,,5f656030cd36f609db0da23e,001,2020-12-21_16h48.14.869,lextale_sp,2020.2.3,Win32,60,,,,,,,,,64,orgulloso,1,,,1,1,0.751,0,51,51,63,1,REAL,FALSA
,,,,,,,5f656030cd36f609db0da23e,001,2020-12-21_16h48.14.869,lextale_sp,2020.2.3,Win32,60,,,,,,,,,70,temblo,0,,,1,0,0.934,0,52,52,69,1,REAL,FALSA
,,,,,,,5f656030cd36f609db0da23e,001,2020-12-21_16h48.14.869,lextale_sp,2020.2.3,Win32,60,,,,,,,,,35,rompido,0,,,1,0,0.833,0,53,53,34,1,REAL,FALSA
,,,,,,,5f656030cd36f609db0da23e,001,2020-12-21_16h48.14.869,lextale_sp,2020.2.3,Win32,60,,,,,,,,,3,pulmones,1,,,1,1,1.031,0,54,54,2,1,REAL,FALSA
,,,,,,,5f656030cd36f609db0da23e,001,2020-12-21_16h48.14.869,lextale_sp,2020.2.3,Win32,60,,,,,,,,,36,loro,1,,,0,0,0.917,0,55,55,35,1,REAL,FALSA
,,,,,,,5f656030cd36f609db0da23e,001,2020-12-21_16h48.14.869,lextale_sp,2020.2.3,Win32,60,,,,,,,,,81,pozo,1,,,0,0,0.821,0,56,56,80,1,REAL,FALSA
,,,,,,,5f656030cd36f609db0da23e,001,2020-12-21_16h48.14.869,lextale_sp,2020.2.3,Win32,60,,,,,,,,,30,alardio,0,,,0,1,1.45,0,57,57,29,1,REAL,FALSA
,,,,,,,5f656030cd36f609db0da23e,001,2020-12-21_16h48.14.869,lextale_sp,2020.2.3,Win32,60,,,,,,,,,14,yunque,1,,,0,0,1.055,0,58,58,13,1,REAL,FALSA
,,,,,,,5f656030cd36f609db0da23e,001,2020-12-21_16h48.14.869,lextale_sp,2020.2.3,Win32,60,,,,,,,,,42,cadallo,0,,,0,1,1.382,0,59,59,41,1,REAL,FALSA
,,,,,,,5f656030cd36f609db0da23e,001,2020-12-21_16h48.14.869,lextale_sp,2020.2.3,Win32,60,,,,,,,,,39,torpe,1,,,0,0,0.851,0,60,60,38,1,REAL,FALSA
,,,,,,,5f656030cd36f609db0da23e,001,2020-12-21_16h48.14.869,lextale_sp,2020.2.3,Win32,60,,,,,,,,,88,acantilado,1,,,1,1,2.002,0,61,61,87,1,REAL,FALSA
,,,,,,,5f656030cd36f609db0da23e,001,2020-12-21_16h48.14.869,lextale_sp,2020.2.3,Win32,60,,,,,,,,,73,hervidor,1,,,1,1,0.882,0,62,62,72,1,REAL,FALSA
,,,,,,,5f656030cd36f609db0da23e,001,2020-12-21_16h48.14.869,lextale_sp,2020.2.3,Win32,60,,,,,,,,,34,aviso,1,,,1,1,0.666,0,63,63,33,1,REAL,FALSA
,,,,,,,5f656030cd36f609db0da23e,001,2020-12-21_16h48.14.869,lextale_sp,2020.2.3,Win32,60,,,,,,,,,54,fomentar,1,,,0,0,1.67,0,64,64,53,1,REAL,FALSA
,,,,,,,5f656030cd36f609db0da23e,001,2020-12-21_16h48.14.869,lextale_sp,2020.2.3,Win32,60,,,,,,,,,32,fatacidad,0,,,0,1,1.583,0,65,65,31,1,REAL,FALSA
,,,,,,,5f656030cd36f609db0da23e,001,2020-12-21_16h48.14.869,lextale_sp,2020.2.3,Win32,60,,,,,,,,,6,tergiversar,1,,,1,1,2.868,0,66,66,5,1,REAL,FALSA
,,,,,,,5f656030cd36f609db0da23e,001,2020-12-21_16h48.14.869,lextale_sp,2020.2.3,Win32,60,,,,,,,,,23,lampera,0,,,0,1,2.585,0,67,67,22,1,REAL,FALSA
,,,,,,,5f656030cd36f609db0da23e,001,2020-12-21_16h48.14.869,lextale_sp,2020.2.3,Win32,60,,,,,,,,,86,barato,1,,,1,1,0.72,0,68,68,85,1,REAL,FALSA
,,,,,,,5f656030cd36f609db0da23e,001,2020-12-21_16h48.14.869,lextale_sp,2020.2.3,Win32,60,,,,,,,,,71,polvoriento,1,,,1,1,1.466,0,69,69,70,1,REAL,FALSA
,,,,,,,5f656030cd36f609db0da23e,001,2020-12-21_16h48.14.869,lextale_sp,2020.2.3,Win32,60,,,,,,,,,20,ávido,1,,,0,0,1.052,0,70,70,19,1,REAL,FALSA
,,,,,,,5f656030cd36f609db0da23e,001,2020-12-21_16h48.14.869,lextale_sp,2020.2.3,Win32,60,,,,,,,,,49,ganar,1,,,1,1,0.653,0,71,71,48,1,REAL,FALSA
,,,,,,,5f656030cd36f609db0da23e,001,2020-12-21_16h48.14.869,lextale_sp,2020.2.3,Win32,60,,,,,,,,,87,grodo,0,,,0,1,0.883,0,72,72,86,1,REAL,FALSA
,,,,,,,5f656030cd36f609db0da23e,001,2020-12-21_16h48.14.869,lextale_sp,2020.2.3,Win32,60,,,,,,,,,57,tacaño,1,,,0,0,1.167,0,73,73,56,1,REAL,FALSA
,,,,,,,5f656030cd36f609db0da23e,001,2020-12-21_16h48.14.869,lextale_sp,2020.2.3,Win32,60,,,,,,,,,29,decar,0,,,1,0,0.749,0,74,74,28,1,REAL,FALSA
,,,,,,,5f656030cd36f609db0da23e,001,2020-12-21_16h48.14.869,lextale_sp,2020.2.3,Win32,60,,,,,,,,,21,capillo,0,,,0,1,0.749,0,75,75,20,1,REAL,FALSA
,,,,,,,5f656030cd36f609db0da23e,001,2020-12-21_16h48.14.869,lextale_sp,2020.2.3,Win32,60,,,,,,,,,90,clavel,1,,,1,1,1.082,0,76,76,89,1,REAL,FALSA
,,,,,,,5f656030cd36f609db0da23e,001,2020-12-21_16h48.14.869,lextale_sp,2020.2.3,Win32,60,,,,,,,,,24,látigo,1,,,0,0,0.783,0,77,77,23,1,REAL,FALSA
,,,,,,,5f656030cd36f609db0da23e,001,2020-12-21_16h48.14.869,lextale_sp,2020.2.3,Win32,60,,,,,,,,,11,cenefa,1,,,0,0,0.866,0,78,78,10,1,REAL,FALSA
,,,,,,,5f656030cd36f609db0da23e,001,2020-12-21_16h48.14.869,lextale_sp,2020.2.3,Win32,60,,,,,,,,,67,cabello,1,,,1,1,0.632,0,79,79,66,1,REAL,FALSA
,,,,,,,5f656030cd36f609db0da23e,001,2020-12-21_16h48.14.869,lextale_sp,2020.2.3,Win32,60,,,,,,,,,52,camisa,1,,,1,1,0.599,0,80,80,51,1,REAL,FALSA
,,,,,,,5f656030cd36f609db0da23e,001,2020-12-21_16h48.14.869,lextale_sp,2020.2.3,Win32,60,,,,,,,,,65,bizcocho,1,,,0,0,1.131,0,81,81,64,1,REAL,FALSA
,,,,,,,5f656030cd36f609db0da23e,001,2020-12-21_16h48.14.869,lextale_sp,2020.2.3,Win32,60,,,,,,,,,63,esposante,0,,,0,1,1.255,0,82,82,62,1,REAL,FALSA
,,,,,,,5f656030cd36f609db0da23e,001,2020-12-21_16h48.14.869,lextale_sp,2020.2.3,Win32,60,,,,,,,,,7,pésimo,1,,,1,1,1.371,0,83,83,6,1,REAL,FALSA
,,,,,,,5f656030cd36f609db0da23e,001,2020-12-21_16h48.14.869,lextale_sp,2020.2.3,Win32,60,,,,,,,,,31,pandilla,1,,,1,1,0.783,0,84,84,30,1,REAL,FALSA
,,,,,,,5f656030cd36f609db0da23e,001,2020-12-21_16h48.14.869,lextale_sp,2020.2.3,Win32,60,,,,,,,,,38,estornudar,1,,,1,1,1.483,0,85,85,37,1,REAL,FALSA
,,,,,,,5f656030cd36f609db0da23e,001,2020-12-21_16h48.14.869,lextale_sp,2020.2.3,Win32,60,,,,,,,,,41,rebuscar,1,,,1,1,1.154,0,86,86,40,1,REAL,FALSA
,,,,,,,5f656030cd36f609db0da23e,001,2020-12-21_16h48.14.869,lextale_sp,2020.2.3,Win32,60,,,,,,,,,16,abracer,0,,,1,0,0.8,0,87,87,15,1,REAL,FALSA
,,,,,,,5f656030cd36f609db0da23e,001,2020-12-21_16h48.14.869,lextale_sp,2020.2.3,Win32,60,,,,,,,,,68,alegre,1,,,1,1,1.05,0,88,88,67,1,REAL,FALSA
,,,,,,,5f656030cd36f609db0da23e,001,2020-12-21_16h48.14.869,lextale_sp,2020.2.3,Win32,60,,,,,,,,,82,empirador,0,,,0,1,0.917,0,89,89,81,1,REAL,FALSA
