lextale_instructions_loop.thisRepN,lextale_instructions_loop.thisTrialN,lextale_instructions_loop.thisN,lextale_instructions_loop.thisIndex,lextale_instructions_loop.ran,instructions_text,continue_text,participant,session,date,expName,psychopyVersion,OS,frameRate,key_resp_lextale_practice.keys,key_resp_lextale_practice.corr,key_resp_lextale_practice.rt,lextale_practice_trials.thisRepN,lextale_practice_trials.thisTrialN,lextale_practice_trials.thisN,lextale_practice_trials.thisIndex,lextale_practice_trials.ran,stim,word,correct_response,prac_button_real,prac_button_false,key_resp_lextale_trial.keys,key_resp_lextale_trial.corr,key_resp_lextale_trial.rt,lextail_trials.thisRepN,lextail_trials.thisTrialN,lextail_trials.thisN,lextail_trials.thisIndex,lextail_trials.ran,button_real,button_false
0,0,0,0,1,"Este es un test de vocabulario en español. 
  
  A continuación vas a ver 90 secuencias de letras que parecen 'españolas'.
  
  Solo algunas de ellas son palabras de verdad.",(presiona la barra espaciadora para continuar),5f6f738fef894f0dbf9839f8,001,2020-12-13_21h59.33.415,lextale_sp,2020.2.3,Win32,60,,,,,,,,,,,,,,,,,,,,,,,
0,1,1,1,1,"Por favor, señala las palabras que tú conoces (aquellas que estás convencido que son palabras españolas, incluso aunque no seas capaz de dar el significado preciso).",(presiona la barra espaciadora para continuar),5f6f738fef894f0dbf9839f8,001,2020-12-13_21h59.33.415,lextale_sp,2020.2.3,Win32,60,,,,,,,,,,,,,,,,,,,,,,,
0,2,2,2,1,Pero cuidado: los errores se penalizan. Por eso no tiene sentido tratar de incrementar tu puntuación marcando como reales palabras que nunca has visto.,(presiona la barra espaciadora para continuar),5f6f738fef894f0dbf9839f8,001,2020-12-13_21h59.33.415,lextale_sp,2020.2.3,Win32,60,,,,,,,,,,,,,,,,,,,,,,,
0,3,3,3,1,"Presiona la tecla 1 si piensas que es una palabra real y la tecla 
  0 si piensas que es una palabra falsa. 
  
  Vamos a practicar un poco...",(presiona la barra espaciadora para continuar),5f6f738fef894f0dbf9839f8,001,2020-12-13_21h59.33.415,lextale_sp,2020.2.3,Win32,60,,,,,,,,,,,,,,,,,,,,,,,
,,,,,,,5f6f738fef894f0dbf9839f8,001,2020-12-13_21h59.33.415,lextale_sp,2020.2.3,Win32,60,0,1,3.921,0,0,0,0,1,0,depiste,0,REAL,FALSA,,,,,,,,,,
,,,,,,,5f6f738fef894f0dbf9839f8,001,2020-12-13_21h59.33.415,lextale_sp,2020.2.3,Win32,60,1,1,0.907,0,1,1,1,1,0,sí,1,REAL,FALSA,,,,,,,,,,
,,,,,,,5f6f738fef894f0dbf9839f8,001,2020-12-13_21h59.33.415,lextale_sp,2020.2.3,Win32,60,1,0,2.988,0,2,2,2,1,0,coné,0,REAL,FALSA,,,,,,,,,,
,,,,,,,5f6f738fef894f0dbf9839f8,001,2020-12-13_21h59.33.415,lextale_sp,2020.2.3,Win32,60,0,1,1.626,0,3,3,3,1,0,calpar,0,REAL,FALSA,,,,,,,,,,
,,,,,,,5f6f738fef894f0dbf9839f8,001,2020-12-13_21h59.33.415,lextale_sp,2020.2.3,Win32,60,0,1,0.787,0,4,4,4,1,0,joten,0,REAL,FALSA,,,,,,,,,,
,,,,,,,5f6f738fef894f0dbf9839f8,001,2020-12-13_21h59.33.415,lextale_sp,2020.2.3,Win32,60,1,1,0.813,0,5,5,5,1,0,sacapuntas,1,REAL,FALSA,,,,,,,,,,
,,,,,,,5f6f738fef894f0dbf9839f8,001,2020-12-13_21h59.33.415,lextale_sp,2020.2.3,Win32,60,1,0,0.699,0,6,6,6,1,0,priba,0,REAL,FALSA,,,,,,,,,,
,,,,,,,5f6f738fef894f0dbf9839f8,001,2020-12-13_21h59.33.415,lextale_sp,2020.2.3,Win32,60,0,1,2.548,0,7,7,7,1,0,pelasula,0,REAL,FALSA,,,,,,,,,,
,,,,,,,5f6f738fef894f0dbf9839f8,001,2020-12-13_21h59.33.415,lextale_sp,2020.2.3,Win32,60,1,1,0.826,0,8,8,8,1,0,bien,1,REAL,FALSA,,,,,,,,,,
,,,,,,,5f6f738fef894f0dbf9839f8,001,2020-12-13_21h59.33.415,lextale_sp,2020.2.3,Win32,60,1,1,0.893,0,9,9,9,1,0,casa,1,REAL,FALSA,,,,,,,,,,
,,,,,,,5f6f738fef894f0dbf9839f8,001,2020-12-13_21h59.33.415,lextale_sp,2020.2.3,Win32,60,1,0,1.133,0,10,10,10,1,0,lejo,0,REAL,FALSA,,,,,,,,,,
,,,,,,,5f6f738fef894f0dbf9839f8,001,2020-12-13_21h59.33.415,lextale_sp,2020.2.3,Win32,60,0,1,1.959,0,11,11,11,1,0,pretantas,0,REAL,FALSA,,,,,,,,,,
,,,,,,,5f6f738fef894f0dbf9839f8,001,2020-12-13_21h59.33.415,lextale_sp,2020.2.3,Win32,60,,,,,,,,,43,canela,1,,,1,1,2.628,0,0,0,42,1,REAL,FALSA
,,,,,,,5f6f738fef894f0dbf9839f8,001,2020-12-13_21h59.33.415,lextale_sp,2020.2.3,Win32,60,,,,,,,,,12,asesinato,1,,,0,0,2.577,0,1,1,11,1,REAL,FALSA
,,,,,,,5f6f738fef894f0dbf9839f8,001,2020-12-13_21h59.33.415,lextale_sp,2020.2.3,Win32,60,,,,,,,,,65,bizcocho,1,,,0,0,2.457,0,2,2,64,1,REAL,FALSA
,,,,,,,5f6f738fef894f0dbf9839f8,001,2020-12-13_21h59.33.415,lextale_sp,2020.2.3,Win32,60,,,,,,,,,44,cuchara,1,,,1,1,6.285,0,3,3,43,1,REAL,FALSA
,,,,,,,5f6f738fef894f0dbf9839f8,001,2020-12-13_21h59.33.415,lextale_sp,2020.2.3,Win32,60,,,,,,,,,26,secuestro,1,,,1,1,1.417,0,4,4,25,1,REAL,FALSA
,,,,,,,5f6f738fef894f0dbf9839f8,001,2020-12-13_21h59.33.415,lextale_sp,2020.2.3,Win32,60,,,,,,,,,38,estornudar,1,,,1,1,9.354,0,5,5,37,1,REAL,FALSA
,,,,,,,5f6f738fef894f0dbf9839f8,001,2020-12-13_21h59.33.415,lextale_sp,2020.2.3,Win32,60,,,,,,,,,6,tergiversar,1,,,1,1,8.71,0,6,6,5,1,REAL,FALSA
,,,,,,,5f6f738fef894f0dbf9839f8,001,2020-12-13_21h59.33.415,lextale_sp,2020.2.3,Win32,60,,,,,,,,,14,yunque,1,,,0,0,1.346,0,7,7,13,1,REAL,FALSA
,,,,,,,5f6f738fef894f0dbf9839f8,001,2020-12-13_21h59.33.415,lextale_sp,2020.2.3,Win32,60,,,,,,,,,66,hacido,0,,,1,0,1.762,0,8,8,65,1,REAL,FALSA
,,,,,,,5f6f738fef894f0dbf9839f8,001,2020-12-13_21h59.33.415,lextale_sp,2020.2.3,Win32,60,,,,,,,,,77,tiburón,1,,,0,0,12.098,0,9,9,76,1,REAL,FALSA
,,,,,,,5f6f738fef894f0dbf9839f8,001,2020-12-13_21h59.33.415,lextale_sp,2020.2.3,Win32,60,,,,,,,,,86,barato,1,,,1,1,8.375,0,10,10,85,1,REAL,FALSA
,,,,,,,5f6f738fef894f0dbf9839f8,001,2020-12-13_21h59.33.415,lextale_sp,2020.2.3,Win32,60,,,,,,,,,27,acutación,0,,,1,0,1.546,0,11,11,26,1,REAL,FALSA
,,,,,,,5f6f738fef894f0dbf9839f8,001,2020-12-13_21h59.33.415,lextale_sp,2020.2.3,Win32,60,,,,,,,,,8,cadeña,0,,,1,0,5.645,0,12,12,7,1,REAL,FALSA
,,,,,,,5f6f738fef894f0dbf9839f8,001,2020-12-13_21h59.33.415,lextale_sp,2020.2.3,Win32,60,,,,,,,,,70,temblo,0,,,1,0,7.018,0,13,13,69,1,REAL,FALSA
,,,,,,,5f6f738fef894f0dbf9839f8,001,2020-12-13_21h59.33.415,lextale_sp,2020.2.3,Win32,60,,,,,,,,,53,vegada,0,,,0,1,2.018,0,14,14,52,1,REAL,FALSA
,,,,,,,5f6f738fef894f0dbf9839f8,001,2020-12-13_21h59.33.415,lextale_sp,2020.2.3,Win32,60,,,,,,,,,16,abracer,0,,,1,0,1.347,0,15,15,15,1,REAL,FALSA
,,,,,,,5f6f738fef894f0dbf9839f8,001,2020-12-13_21h59.33.415,lextale_sp,2020.2.3,Win32,60,,,,,,,,,71,polvoriento,1,,,1,1,10.407,0,16,16,70,1,REAL,FALSA
,,,,,,,5f6f738fef894f0dbf9839f8,001,2020-12-13_21h59.33.415,lextale_sp,2020.2.3,Win32,60,,,,,,,,,59,besar,1,,,1,1,6.845,0,17,17,58,1,REAL,FALSA
,,,,,,,5f6f738fef894f0dbf9839f8,001,2020-12-13_21h59.33.415,lextale_sp,2020.2.3,Win32,60,,,,,,,,,60,matar,1,,,1,1,5.294,0,18,18,59,1,REAL,FALSA
,,,,,,,5f6f738fef894f0dbf9839f8,001,2020-12-13_21h59.33.415,lextale_sp,2020.2.3,Win32,60,,,,,,,,,89,prisa,1,,,0,0,4.725,0,19,19,88,1,REAL,FALSA
,,,,,,,5f6f738fef894f0dbf9839f8,001,2020-12-13_21h59.33.415,lextale_sp,2020.2.3,Win32,60,,,,,,,,,29,decar,0,,,1,0,3.217,0,20,20,28,1,REAL,FALSA
,,,,,,,5f6f738fef894f0dbf9839f8,001,2020-12-13_21h59.33.415,lextale_sp,2020.2.3,Win32,60,,,,,,,,,84,escuto,0,,,1,0,5.188,0,21,21,83,1,REAL,FALSA
,,,,,,,5f6f738fef894f0dbf9839f8,001,2020-12-13_21h59.33.415,lextale_sp,2020.2.3,Win32,60,,,,,,,,,36,loro,1,,,0,0,8.615,0,22,22,35,1,REAL,FALSA
,,,,,,,5f6f738fef894f0dbf9839f8,001,2020-12-13_21h59.33.415,lextale_sp,2020.2.3,Win32,60,,,,,,,,,10,antar,0,,,0,1,21.875,0,23,23,9,1,REAL,FALSA
,,,,,,,5f6f738fef894f0dbf9839f8,001,2020-12-13_21h59.33.415,lextale_sp,2020.2.3,Win32,60,,,,,,,,,83,guante,1,,,0,0,2.588,0,24,24,82,1,REAL,FALSA
,,,,,,,5f6f738fef894f0dbf9839f8,001,2020-12-13_21h59.33.415,lextale_sp,2020.2.3,Win32,60,,,,,,,,,80,hormiga,1,,,0,0,10.51,0,25,25,79,1,REAL,FALSA
,,,,,,,5f6f738fef894f0dbf9839f8,001,2020-12-13_21h59.33.415,lextale_sp,2020.2.3,Win32,60,,,,,,,,,41,rebuscar,1,,,1,1,7.721,0,26,26,40,1,REAL,FALSA
,,,,,,,5f6f738fef894f0dbf9839f8,001,2020-12-13_21h59.33.415,lextale_sp,2020.2.3,Win32,60,,,,,,,,,15,regar,1,,,1,1,9.442,0,27,27,14,1,REAL,FALSA
,,,,,,,5f6f738fef894f0dbf9839f8,001,2020-12-13_21h59.33.415,lextale_sp,2020.2.3,Win32,60,,,,,,,,,37,granuja,1,,,0,0,9.033,0,28,28,36,1,REAL,FALSA
,,,,,,,5f6f738fef894f0dbf9839f8,001,2020-12-13_21h59.33.415,lextale_sp,2020.2.3,Win32,60,,,,,,,,,1,terzo,0,,,0,1,5.363,0,29,29,0,1,REAL,FALSA
,,,,,,,5f6f738fef894f0dbf9839f8,001,2020-12-13_21h59.33.415,lextale_sp,2020.2.3,Win32,60,,,,,,,,,55,nevar,1,,,0,0,6.391,0,30,30,54,1,REAL,FALSA
,,,,,,,5f6f738fef894f0dbf9839f8,001,2020-12-13_21h59.33.415,lextale_sp,2020.2.3,Win32,60,,,,,,,,,57,tacaño,1,,,0,0,15.578,0,31,31,56,1,REAL,FALSA
,,,,,,,5f6f738fef894f0dbf9839f8,001,2020-12-13_21h59.33.415,lextale_sp,2020.2.3,Win32,60,,,,,,,,,3,pulmones,1,,,1,1,7.709,0,32,32,2,1,REAL,FALSA
,,,,,,,5f6f738fef894f0dbf9839f8,001,2020-12-13_21h59.33.415,lextale_sp,2020.2.3,Win32,60,,,,,,,,,50,flamida,0,,,0,1,9.285,0,33,33,49,1,REAL,FALSA
,,,,,,,5f6f738fef894f0dbf9839f8,001,2020-12-13_21h59.33.415,lextale_sp,2020.2.3,Win32,60,,,,,,,,,35,rompido,0,,,1,0,6.35,0,34,34,34,1,REAL,FALSA
,,,,,,,5f6f738fef894f0dbf9839f8,001,2020-12-13_21h59.33.415,lextale_sp,2020.2.3,Win32,60,,,,,,,,,7,pésimo,1,,,1,1,6.897,0,35,35,6,1,REAL,FALSA
,,,,,,,5f6f738fef894f0dbf9839f8,001,2020-12-13_21h59.33.415,lextale_sp,2020.2.3,Win32,60,,,,,,,,,28,merodear,1,,,1,1,6.336,0,36,36,27,1,REAL,FALSA
,,,,,,,5f6f738fef894f0dbf9839f8,001,2020-12-13_21h59.33.415,lextale_sp,2020.2.3,Win32,60,,,,,,,,,33,pauca,0,,,0,1,6.401,0,37,37,32,1,REAL,FALSA
,,,,,,,5f6f738fef894f0dbf9839f8,001,2020-12-13_21h59.33.415,lextale_sp,2020.2.3,Win32,60,,,,,,,,,72,pemición,0,,,0,1,8.482,0,38,38,71,1,REAL,FALSA
,,,,,,,5f6f738fef894f0dbf9839f8,001,2020-12-13_21h59.33.415,lextale_sp,2020.2.3,Win32,60,,,,,,,,,47,cartinar,0,,,0,1,8.176,0,39,39,46,1,REAL,FALSA
,,,,,,,5f6f738fef894f0dbf9839f8,001,2020-12-13_21h59.33.415,lextale_sp,2020.2.3,Win32,60,,,,,,,,,63,esposante,0,,,0,1,9.79,0,40,40,62,1,REAL,FALSA
,,,,,,,5f6f738fef894f0dbf9839f8,001,2020-12-13_21h59.33.415,lextale_sp,2020.2.3,Win32,60,,,,,,,,,69,engatusar,1,,,0,0,10.75,0,41,41,68,1,REAL,FALSA
,,,,,,,5f6f738fef894f0dbf9839f8,001,2020-12-13_21h59.33.415,lextale_sp,2020.2.3,Win32,60,,,,,,,,,17,floroso,0,,,1,0,1.952,0,42,42,16,1,REAL,FALSA
,,,,,,,5f6f738fef894f0dbf9839f8,001,2020-12-13_21h59.33.415,lextale_sp,2020.2.3,Win32,60,,,,,,,,,11,cenefa,1,,,0,0,1.667,0,43,43,10,1,REAL,FALSA
,,,,,,,5f6f738fef894f0dbf9839f8,001,2020-12-13_21h59.33.415,lextale_sp,2020.2.3,Win32,60,,,,,,,,,85,laúd,1,,,0,0,1.31,0,44,44,84,1,REAL,FALSA
,,,,,,,5f6f738fef894f0dbf9839f8,001,2020-12-13_21h59.33.415,lextale_sp,2020.2.3,Win32,60,,,,,,,,,73,hervidor,1,,,1,1,7.161,0,45,45,72,1,REAL,FALSA
,,,,,,,5f6f738fef894f0dbf9839f8,001,2020-12-13_21h59.33.415,lextale_sp,2020.2.3,Win32,60,,,,,,,,,22,lacayo,1,,,1,1,6.338,0,46,46,21,1,REAL,FALSA
,,,,,,,5f6f738fef894f0dbf9839f8,001,2020-12-13_21h59.33.415,lextale_sp,2020.2.3,Win32,60,,,,,,,,,30,alardio,0,,,0,1,1.615,0,47,47,29,1,REAL,FALSA
,,,,,,,5f6f738fef894f0dbf9839f8,001,2020-12-13_21h59.33.415,lextale_sp,2020.2.3,Win32,60,,,,,,,,,82,empirador,0,,,0,1,10.219,0,48,48,81,1,REAL,FALSA
,,,,,,,5f6f738fef894f0dbf9839f8,001,2020-12-13_21h59.33.415,lextale_sp,2020.2.3,Win32,60,,,,,,,,,61,seda,1,,,1,1,6.592,0,49,49,60,1,REAL,FALSA
,,,,,,,5f6f738fef894f0dbf9839f8,001,2020-12-13_21h59.33.415,lextale_sp,2020.2.3,Win32,60,,,,,,,,,75,yacer,1,,,1,1,7.43,0,50,50,74,1,REAL,FALSA
,,,,,,,5f6f738fef894f0dbf9839f8,001,2020-12-13_21h59.33.415,lextale_sp,2020.2.3,Win32,60,,,,,,,,,64,orgulloso,1,,,1,1,13.942,0,51,51,63,1,REAL,FALSA
,,,,,,,5f6f738fef894f0dbf9839f8,001,2020-12-13_21h59.33.415,lextale_sp,2020.2.3,Win32,60,,,,,,,,,5,zapato,1,,,1,1,0.708,0,52,52,4,1,REAL,FALSA
,,,,,,,5f6f738fef894f0dbf9839f8,001,2020-12-13_21h59.33.415,lextale_sp,2020.2.3,Win32,60,,,,,,,,,42,cadallo,0,,,0,1,1.68,0,53,53,41,1,REAL,FALSA
,,,,,,,5f6f738fef894f0dbf9839f8,001,2020-12-13_21h59.33.415,lextale_sp,2020.2.3,Win32,60,,,,,,,,,67,cabello,1,,,1,1,1.227,0,54,54,66,1,REAL,FALSA
,,,,,,,5f6f738fef894f0dbf9839f8,001,2020-12-13_21h59.33.415,lextale_sp,2020.2.3,Win32,60,,,,,,,,,78,frondoso,1,,,1,1,5.925,0,55,55,77,1,REAL,FALSA
,,,,,,,5f6f738fef894f0dbf9839f8,001,2020-12-13_21h59.33.415,lextale_sp,2020.2.3,Win32,60,,,,,,,,,2,pellizcar,1,,,1,1,1.138,0,56,56,1,1,REAL,FALSA
,,,,,,,5f6f738fef894f0dbf9839f8,001,2020-12-13_21h59.33.415,lextale_sp,2020.2.3,Win32,60,,,,,,,,,46,martillo,1,,,1,1,6.18,0,57,57,45,1,REAL,FALSA
,,,,,,,5f6f738fef894f0dbf9839f8,001,2020-12-13_21h59.33.415,lextale_sp,2020.2.3,Win32,60,,,,,,,,,87,grodo,0,,,0,1,4.788,0,58,58,86,1,REAL,FALSA
,,,,,,,5f6f738fef894f0dbf9839f8,001,2020-12-13_21h59.33.415,lextale_sp,2020.2.3,Win32,60,,,,,,,,,62,flaco,1,,,1,1,1.957,0,59,59,61,1,REAL,FALSA
,,,,,,,5f6f738fef894f0dbf9839f8,001,2020-12-13_21h59.33.415,lextale_sp,2020.2.3,Win32,60,,,,,,,,,56,musgo,1,,,0,0,6.872,0,60,60,55,1,REAL,FALSA
,,,,,,,5f6f738fef894f0dbf9839f8,001,2020-12-13_21h59.33.415,lextale_sp,2020.2.3,Win32,60,,,,,,,,,21,capillo,0,,,1,0,8.456,0,61,61,20,1,REAL,FALSA
,,,,,,,5f6f738fef894f0dbf9839f8,001,2020-12-13_21h59.33.415,lextale_sp,2020.2.3,Win32,60,,,,,,,,,31,pandilla,1,,,1,1,5.748,0,62,62,30,1,REAL,FALSA
,,,,,,,5f6f738fef894f0dbf9839f8,001,2020-12-13_21h59.33.415,lextale_sp,2020.2.3,Win32,60,,,,,,,,,32,fatacidad,0,,,1,0,1.546,0,63,63,31,1,REAL,FALSA
,,,,,,,5f6f738fef894f0dbf9839f8,001,2020-12-13_21h59.33.415,lextale_sp,2020.2.3,Win32,60,,,,,,,,,49,ganar,1,,,1,1,1.161,0,64,64,48,1,REAL,FALSA
,,,,,,,5f6f738fef894f0dbf9839f8,001,2020-12-13_21h59.33.415,lextale_sp,2020.2.3,Win32,60,,,,,,,,,39,torpe,1,,,0,0,1.68,0,65,65,38,1,REAL,FALSA
,,,,,,,5f6f738fef894f0dbf9839f8,001,2020-12-13_21h59.33.415,lextale_sp,2020.2.3,Win32,60,,,,,,,,,13,helar,1,,,1,1,1.11,0,66,66,12,1,REAL,FALSA
,,,,,,,5f6f738fef894f0dbf9839f8,001,2020-12-13_21h59.33.415,lextale_sp,2020.2.3,Win32,60,,,,,,,,,68,alegre,1,,,1,1,5.94,0,67,67,67,1,REAL,FALSA
,,,,,,,5f6f738fef894f0dbf9839f8,001,2020-12-13_21h59.33.415,lextale_sp,2020.2.3,Win32,60,,,,,,,,,24,látigo,1,,,1,1,6.444,0,68,68,23,1,REAL,FALSA
,,,,,,,5f6f738fef894f0dbf9839f8,001,2020-12-13_21h59.33.415,lextale_sp,2020.2.3,Win32,60,,,,,,,,,74,cintro,0,,,0,1,11.954,0,69,69,73,1,REAL,FALSA
,,,,,,,5f6f738fef894f0dbf9839f8,001,2020-12-13_21h59.33.415,lextale_sp,2020.2.3,Win32,60,,,,,,,,,40,alfombra,1,,,0,0,0.933,0,70,70,39,1,REAL,FALSA
,,,,,,,5f6f738fef894f0dbf9839f8,001,2020-12-13_21h59.33.415,lextale_sp,2020.2.3,Win32,60,,,,,,,,,23,lampera,0,,,1,0,1.469,0,71,71,22,1,REAL,FALSA
,,,,,,,5f6f738fef894f0dbf9839f8,001,2020-12-13_21h59.33.415,lextale_sp,2020.2.3,Win32,60,,,,,,,,,52,camisa,1,,,1,1,6.455,0,72,72,51,1,REAL,FALSA
,,,,,,,5f6f738fef894f0dbf9839f8,001,2020-12-13_21h59.33.415,lextale_sp,2020.2.3,Win32,60,,,,,,,,,81,pozo,1,,,0,0,1.299,0,73,73,80,1,REAL,FALSA
,,,,,,,5f6f738fef894f0dbf9839f8,001,2020-12-13_21h59.33.415,lextale_sp,2020.2.3,Win32,60,,,,,,,,,4,batillón,0,,,1,0,1.604,0,74,74,3,1,REAL,FALSA
,,,,,,,5f6f738fef894f0dbf9839f8,001,2020-12-13_21h59.33.415,lextale_sp,2020.2.3,Win32,60,,,,,,,,,19,brecedad,0,,,1,0,1.217,0,75,75,18,1,REAL,FALSA
,,,,,,,5f6f738fef894f0dbf9839f8,001,2020-12-13_21h59.33.415,lextale_sp,2020.2.3,Win32,60,,,,,,,,,18,arsa,0,,,1,0,0.604,0,76,76,17,1,REAL,FALSA
,,,,,,,5f6f738fef894f0dbf9839f8,001,2020-12-13_21h59.33.415,lextale_sp,2020.2.3,Win32,60,,,,,,,,,90,clavel,1,,,1,1,4.725,0,77,77,89,1,REAL,FALSA
,,,,,,,5f6f738fef894f0dbf9839f8,001,2020-12-13_21h59.33.415,lextale_sp,2020.2.3,Win32,60,,,,,,,,,76,atar,1,,,1,1,4.176,0,78,78,75,1,REAL,FALSA
,,,,,,,5f6f738fef894f0dbf9839f8,001,2020-12-13_21h59.33.415,lextale_sp,2020.2.3,Win32,60,,,,,,,,,54,fomentar,1,,,1,1,10.083,0,79,79,53,1,REAL,FALSA
,,,,,,,5f6f738fef894f0dbf9839f8,001,2020-12-13_21h59.33.415,lextale_sp,2020.2.3,Win32,60,,,,,,,,,20,ávido,1,,,1,1,1.854,0,80,80,19,1,REAL,FALSA
,,,,,,,5f6f738fef894f0dbf9839f8,001,2020-12-13_21h59.33.415,lextale_sp,2020.2.3,Win32,60,,,,,,,,,25,bisagra,1,,,0,0,1.561,0,81,81,24,1,REAL,FALSA
,,,,,,,5f6f738fef894f0dbf9839f8,001,2020-12-13_21h59.33.415,lextale_sp,2020.2.3,Win32,60,,,,,,,,,34,aviso,1,,,1,1,1.072,0,82,82,33,1,REAL,FALSA
,,,,,,,5f6f738fef894f0dbf9839f8,001,2020-12-13_21h59.33.415,lextale_sp,2020.2.3,Win32,60,,,,,,,,,48,ladrón,1,,,1,1,5.415,0,83,83,47,1,REAL,FALSA
,,,,,,,5f6f738fef894f0dbf9839f8,001,2020-12-13_21h59.33.415,lextale_sp,2020.2.3,Win32,60,,,,,,,,,9,hacha,1,,,1,1,6.961,0,84,84,8,1,REAL,FALSA
,,,,,,,5f6f738fef894f0dbf9839f8,001,2020-12-13_21h59.33.415,lextale_sp,2020.2.3,Win32,60,,,,,,,,,51,candado,1,,,1,1,5.789,0,85,85,50,1,REAL,FALSA
,,,,,,,5f6f738fef894f0dbf9839f8,001,2020-12-13_21h59.33.415,lextale_sp,2020.2.3,Win32,60,,,,,,,,,58,plaudir,0,,,0,1,6.687,0,86,86,57,1,REAL,FALSA
,,,,,,,5f6f738fef894f0dbf9839f8,001,2020-12-13_21h59.33.415,lextale_sp,2020.2.3,Win32,60,,,,,,,,,79,tropaje,0,,,1,0,3.347,0,87,87,78,1,REAL,FALSA
,,,,,,,5f6f738fef894f0dbf9839f8,001,2020-12-13_21h59.33.415,lextale_sp,2020.2.3,Win32,60,,,,,,,,,45,jilguero,1,,,1,1,5.348,0,88,88,44,1,REAL,FALSA
,,,,,,,5f6f738fef894f0dbf9839f8,001,2020-12-13_21h59.33.415,lextale_sp,2020.2.3,Win32,60,,,,,,,,,88,acantilado,1,,,1,1,4.758,0,89,89,87,1,REAL,FALSA
