lextale_instructions_loop.thisRepN,lextale_instructions_loop.thisTrialN,lextale_instructions_loop.thisN,lextale_instructions_loop.thisIndex,lextale_instructions_loop.ran,instructions_text,continue_text,participant,session,date,expName,psychopyVersion,OS,frameRate,key_resp_lextale_practice.keys,key_resp_lextale_practice.corr,key_resp_lextale_practice.rt,lextale_practice_trials.thisRepN,lextale_practice_trials.thisTrialN,lextale_practice_trials.thisN,lextale_practice_trials.thisIndex,lextale_practice_trials.ran,stim,word,correct_response,prac_button_real,prac_button_false,key_resp_lextale_trial.keys,key_resp_lextale_trial.corr,key_resp_lextale_trial.rt,lextail_trials.thisRepN,lextail_trials.thisTrialN,lextail_trials.thisN,lextail_trials.thisIndex,lextail_trials.ran,button_real,button_false
0,0,0,0,1,"Este es un test de vocabulario en español. 
  
  A continuación vas a ver 90 secuencias de letras que parecen 'españolas'.
  
  Solo algunas de ellas son palabras de verdad.",(presiona la barra espaciadora para continuar),5f7f8794ce3c5c14151dad75,001,2020-10-28_18h42.14.749,lextale_sp,2020.2.3,MacIntel,60,,,,,,,,,,,,,,,,,,,,,,,
0,1,1,1,1,"Por favor, señala las palabras que tú conoces (aquellas que estás convencido que son palabras españolas, incluso aunque no seas capaz de dar el significado preciso).",(presiona la barra espaciadora para continuar),5f7f8794ce3c5c14151dad75,001,2020-10-28_18h42.14.749,lextale_sp,2020.2.3,MacIntel,60,,,,,,,,,,,,,,,,,,,,,,,
0,2,2,2,1,Pero cuidado: los errores se penalizan. Por eso no tiene sentido tratar de incrementar tu puntuación marcando como reales palabras que nunca has visto.,(presiona la barra espaciadora para continuar),5f7f8794ce3c5c14151dad75,001,2020-10-28_18h42.14.749,lextale_sp,2020.2.3,MacIntel,60,,,,,,,,,,,,,,,,,,,,,,,
0,3,3,3,1,"Presiona la tecla 1 si piensas que es una palabra real y la tecla 
  0 si piensas que es una palabra falsa. 
  
  Vamos a practicar un poco...",(presiona la barra espaciadora para continuar),5f7f8794ce3c5c14151dad75,001,2020-10-28_18h42.14.749,lextale_sp,2020.2.3,MacIntel,60,,,,,,,,,,,,,,,,,,,,,,,
,,,,,,,5f7f8794ce3c5c14151dad75,001,2020-10-28_18h42.14.749,lextale_sp,2020.2.3,MacIntel,60,0,1,18.728815,0,0,0,0,1,0,depiste,0,REAL,FALSA,,,,,,,,,,
,,,,,,,5f7f8794ce3c5c14151dad75,001,2020-10-28_18h42.14.749,lextale_sp,2020.2.3,MacIntel,60,1,1,1.683035,0,1,1,1,1,0,sí,1,REAL,FALSA,,,,,,,,,,
,,,,,,,5f7f8794ce3c5c14151dad75,001,2020-10-28_18h42.14.749,lextale_sp,2020.2.3,MacIntel,60,0,1,2.782855,0,2,2,2,1,0,coné,0,REAL,FALSA,,,,,,,,,,
,,,,,,,5f7f8794ce3c5c14151dad75,001,2020-10-28_18h42.14.749,lextale_sp,2020.2.3,MacIntel,60,0,1,2.867635,0,3,3,3,1,0,calpar,0,REAL,FALSA,,,,,,,,,,
,,,,,,,5f7f8794ce3c5c14151dad75,001,2020-10-28_18h42.14.749,lextale_sp,2020.2.3,MacIntel,60,0,1,1.58355,0,4,4,4,1,0,joten,0,REAL,FALSA,,,,,,,,,,
,,,,,,,5f7f8794ce3c5c14151dad75,001,2020-10-28_18h42.14.749,lextale_sp,2020.2.3,MacIntel,60,1,1,1.61643,0,5,5,5,1,0,sacapuntas,1,REAL,FALSA,,,,,,,,,,
,,,,,,,5f7f8794ce3c5c14151dad75,001,2020-10-28_18h42.14.749,lextale_sp,2020.2.3,MacIntel,60,1,0,0.950265,0,6,6,6,1,0,priba,0,REAL,FALSA,,,,,,,,,,
,,,,,,,5f7f8794ce3c5c14151dad75,001,2020-10-28_18h42.14.749,lextale_sp,2020.2.3,MacIntel,60,0,1,1.632955,0,7,7,7,1,0,pelasula,0,REAL,FALSA,,,,,,,,,,
,,,,,,,5f7f8794ce3c5c14151dad75,001,2020-10-28_18h42.14.749,lextale_sp,2020.2.3,MacIntel,60,1,1,0.75037,0,8,8,8,1,0,bien,1,REAL,FALSA,,,,,,,,,,
,,,,,,,5f7f8794ce3c5c14151dad75,001,2020-10-28_18h42.14.749,lextale_sp,2020.2.3,MacIntel,60,1,1,0.783935,0,9,9,9,1,0,casa,1,REAL,FALSA,,,,,,,,,,
,,,,,,,5f7f8794ce3c5c14151dad75,001,2020-10-28_18h42.14.749,lextale_sp,2020.2.3,MacIntel,60,1,0,0.86698,0,10,10,10,1,0,lejo,0,REAL,FALSA,,,,,,,,,,
,,,,,,,5f7f8794ce3c5c14151dad75,001,2020-10-28_18h42.14.749,lextale_sp,2020.2.3,MacIntel,60,0,1,2.000585,0,11,11,11,1,0,pretantas,0,REAL,FALSA,,,,,,,,,,
,,,,,,,5f7f8794ce3c5c14151dad75,001,2020-10-28_18h42.14.749,lextale_sp,2020.2.3,MacIntel,60,,,,,,,,,90,clavel,1,,,1,1,1.33313,0,0,0,89,1,REAL,FALSA
,,,,,,,5f7f8794ce3c5c14151dad75,001,2020-10-28_18h42.14.749,lextale_sp,2020.2.3,MacIntel,60,,,,,,,,,44,cuchara,1,,,1,1,0.983475,0,1,1,43,1,REAL,FALSA
,,,,,,,5f7f8794ce3c5c14151dad75,001,2020-10-28_18h42.14.749,lextale_sp,2020.2.3,MacIntel,60,,,,,,,,,40,alfombra,1,,,1,1,1.317305,0,2,2,39,1,REAL,FALSA
,,,,,,,5f7f8794ce3c5c14151dad75,001,2020-10-28_18h42.14.749,lextale_sp,2020.2.3,MacIntel,60,,,,,,,,,9,hacha,1,,,1,1,0.720585,0,3,3,8,1,REAL,FALSA
,,,,,,,5f7f8794ce3c5c14151dad75,001,2020-10-28_18h42.14.749,lextale_sp,2020.2.3,MacIntel,60,,,,,,,,,37,granuja,1,,,0,0,1.483885,0,4,4,36,1,REAL,FALSA
,,,,,,,5f7f8794ce3c5c14151dad75,001,2020-10-28_18h42.14.749,lextale_sp,2020.2.3,MacIntel,60,,,,,,,,,7,pésimo,1,,,1,1,0.936595,0,5,5,6,1,REAL,FALSA
,,,,,,,5f7f8794ce3c5c14151dad75,001,2020-10-28_18h42.14.749,lextale_sp,2020.2.3,MacIntel,60,,,,,,,,,35,rompido,0,,,1,0,0.81993,0,6,6,34,1,REAL,FALSA
,,,,,,,5f7f8794ce3c5c14151dad75,001,2020-10-28_18h42.14.749,lextale_sp,2020.2.3,MacIntel,60,,,,,,,,,45,jilguero,1,,,0,0,0.89984,0,7,7,44,1,REAL,FALSA
,,,,,,,5f7f8794ce3c5c14151dad75,001,2020-10-28_18h42.14.749,lextale_sp,2020.2.3,MacIntel,60,,,,,,,,,33,pauca,0,,,1,0,0.983765,0,8,8,32,1,REAL,FALSA
,,,,,,,5f7f8794ce3c5c14151dad75,001,2020-10-28_18h42.14.749,lextale_sp,2020.2.3,MacIntel,60,,,,,,,,,69,engatusar,1,,,0,0,1.28408,0,9,9,68,1,REAL,FALSA
,,,,,,,5f7f8794ce3c5c14151dad75,001,2020-10-28_18h42.14.749,lextale_sp,2020.2.3,MacIntel,60,,,,,,,,,66,hacido,0,,,1,0,0.73434,0,10,10,65,1,REAL,FALSA
,,,,,,,5f7f8794ce3c5c14151dad75,001,2020-10-28_18h42.14.749,lextale_sp,2020.2.3,MacIntel,60,,,,,,,,,64,orgulloso,1,,,0,0,1.050415,0,11,11,63,1,REAL,FALSA
,,,,,,,5f7f8794ce3c5c14151dad75,001,2020-10-28_18h42.14.749,lextale_sp,2020.2.3,MacIntel,60,,,,,,,,,23,lampera,0,,,1,0,0.53338,0,12,12,22,1,REAL,FALSA
,,,,,,,5f7f8794ce3c5c14151dad75,001,2020-10-28_18h42.14.749,lextale_sp,2020.2.3,MacIntel,60,,,,,,,,,76,atar,1,,,1,1,1.102555,0,13,13,75,1,REAL,FALSA
,,,,,,,5f7f8794ce3c5c14151dad75,001,2020-10-28_18h42.14.749,lextale_sp,2020.2.3,MacIntel,60,,,,,,,,,53,vegada,0,,,0,1,0.8169,0,14,14,52,1,REAL,FALSA
,,,,,,,5f7f8794ce3c5c14151dad75,001,2020-10-28_18h42.14.749,lextale_sp,2020.2.3,MacIntel,60,,,,,,,,,48,ladrón,1,,,0,0,0.96695,0,15,15,47,1,REAL,FALSA
,,,,,,,5f7f8794ce3c5c14151dad75,001,2020-10-28_18h42.14.749,lextale_sp,2020.2.3,MacIntel,60,,,,,,,,,82,empirador,0,,,1,0,0.767755,0,16,16,81,1,REAL,FALSA
,,,,,,,5f7f8794ce3c5c14151dad75,001,2020-10-28_18h42.14.749,lextale_sp,2020.2.3,MacIntel,60,,,,,,,,,68,alegre,1,,,0,0,0.933705,0,17,17,67,1,REAL,FALSA
,,,,,,,5f7f8794ce3c5c14151dad75,001,2020-10-28_18h42.14.749,lextale_sp,2020.2.3,MacIntel,60,,,,,,,,,19,brecedad,0,,,0,1,2.20054,0,18,18,18,1,REAL,FALSA
,,,,,,,5f7f8794ce3c5c14151dad75,001,2020-10-28_18h42.14.749,lextale_sp,2020.2.3,MacIntel,60,,,,,,,,,65,bizcocho,1,,,0,0,0.86741,0,19,19,64,1,REAL,FALSA
,,,,,,,5f7f8794ce3c5c14151dad75,001,2020-10-28_18h42.14.749,lextale_sp,2020.2.3,MacIntel,60,,,,,,,,,10,antar,0,,,1,0,0.849795,0,20,20,9,1,REAL,FALSA
,,,,,,,5f7f8794ce3c5c14151dad75,001,2020-10-28_18h42.14.749,lextale_sp,2020.2.3,MacIntel,60,,,,,,,,,5,zapato,1,,,1,1,0.60069,0,21,21,4,1,REAL,FALSA
,,,,,,,5f7f8794ce3c5c14151dad75,001,2020-10-28_18h42.14.749,lextale_sp,2020.2.3,MacIntel,60,,,,,,,,,85,laúd,1,,,1,1,0.866445,0,22,22,84,1,REAL,FALSA
,,,,,,,5f7f8794ce3c5c14151dad75,001,2020-10-28_18h42.14.749,lextale_sp,2020.2.3,MacIntel,60,,,,,,,,,56,musgo,1,,,0,0,0.79995,0,23,23,55,1,REAL,FALSA
,,,,,,,5f7f8794ce3c5c14151dad75,001,2020-10-28_18h42.14.749,lextale_sp,2020.2.3,MacIntel,60,,,,,,,,,39,torpe,1,,,1,1,0.90029,0,24,24,38,1,REAL,FALSA
,,,,,,,5f7f8794ce3c5c14151dad75,001,2020-10-28_18h42.14.749,lextale_sp,2020.2.3,MacIntel,60,,,,,,,,,15,regar,1,,,1,1,0.74895,0,25,25,14,1,REAL,FALSA
,,,,,,,5f7f8794ce3c5c14151dad75,001,2020-10-28_18h42.14.749,lextale_sp,2020.2.3,MacIntel,60,,,,,,,,,13,helar,1,,,1,1,0.71671,0,26,26,12,1,REAL,FALSA
,,,,,,,5f7f8794ce3c5c14151dad75,001,2020-10-28_18h42.14.749,lextale_sp,2020.2.3,MacIntel,60,,,,,,,,,63,esposante,0,,,1,0,2.36711,0,27,27,62,1,REAL,FALSA
,,,,,,,5f7f8794ce3c5c14151dad75,001,2020-10-28_18h42.14.749,lextale_sp,2020.2.3,MacIntel,60,,,,,,,,,43,canela,1,,,1,1,0.74963,0,28,28,42,1,REAL,FALSA
,,,,,,,5f7f8794ce3c5c14151dad75,001,2020-10-28_18h42.14.749,lextale_sp,2020.2.3,MacIntel,60,,,,,,,,,6,tergiversar,1,,,1,1,0.96668,0,29,29,5,1,REAL,FALSA
,,,,,,,5f7f8794ce3c5c14151dad75,001,2020-10-28_18h42.14.749,lextale_sp,2020.2.3,MacIntel,60,,,,,,,,,24,látigo,1,,,1,1,0.699985,0,30,30,23,1,REAL,FALSA
,,,,,,,5f7f8794ce3c5c14151dad75,001,2020-10-28_18h42.14.749,lextale_sp,2020.2.3,MacIntel,60,,,,,,,,,78,frondoso,1,,,1,1,0.967615,0,31,31,77,1,REAL,FALSA
,,,,,,,5f7f8794ce3c5c14151dad75,001,2020-10-28_18h42.14.749,lextale_sp,2020.2.3,MacIntel,60,,,,,,,,,31,pandilla,1,,,1,1,0.68323,0,32,32,30,1,REAL,FALSA
,,,,,,,5f7f8794ce3c5c14151dad75,001,2020-10-28_18h42.14.749,lextale_sp,2020.2.3,MacIntel,60,,,,,,,,,80,hormiga,1,,,1,1,0.666145,0,33,33,79,1,REAL,FALSA
,,,,,,,5f7f8794ce3c5c14151dad75,001,2020-10-28_18h42.14.749,lextale_sp,2020.2.3,MacIntel,60,,,,,,,,,17,floroso,0,,,1,0,0.649915,0,34,34,16,1,REAL,FALSA
,,,,,,,5f7f8794ce3c5c14151dad75,001,2020-10-28_18h42.14.749,lextale_sp,2020.2.3,MacIntel,60,,,,,,,,,77,tiburón,1,,,0,0,1.00073,0,35,35,76,1,REAL,FALSA
,,,,,,,5f7f8794ce3c5c14151dad75,001,2020-10-28_18h42.14.749,lextale_sp,2020.2.3,MacIntel,60,,,,,,,,,58,plaudir,0,,,0,1,0.683275,0,36,36,57,1,REAL,FALSA
,,,,,,,5f7f8794ce3c5c14151dad75,001,2020-10-28_18h42.14.749,lextale_sp,2020.2.3,MacIntel,60,,,,,,,,,79,tropaje,0,,,0,1,0.620355,0,37,37,78,1,REAL,FALSA
,,,,,,,5f7f8794ce3c5c14151dad75,001,2020-10-28_18h42.14.749,lextale_sp,2020.2.3,MacIntel,60,,,,,,,,,86,barato,1,,,1,1,0.617175,0,38,38,85,1,REAL,FALSA
,,,,,,,5f7f8794ce3c5c14151dad75,001,2020-10-28_18h42.14.749,lextale_sp,2020.2.3,MacIntel,60,,,,,,,,,18,arsa,0,,,0,1,0.834835,0,39,39,17,1,REAL,FALSA
,,,,,,,5f7f8794ce3c5c14151dad75,001,2020-10-28_18h42.14.749,lextale_sp,2020.2.3,MacIntel,60,,,,,,,,,74,cintro,0,,,1,0,0.60048,0,40,40,73,1,REAL,FALSA
,,,,,,,5f7f8794ce3c5c14151dad75,001,2020-10-28_18h42.14.749,lextale_sp,2020.2.3,MacIntel,60,,,,,,,,,41,rebuscar,1,,,1,1,0.65306,0,41,41,40,1,REAL,FALSA
,,,,,,,5f7f8794ce3c5c14151dad75,001,2020-10-28_18h42.14.749,lextale_sp,2020.2.3,MacIntel,60,,,,,,,,,75,yacer,1,,,1,1,1.550815,0,42,42,74,1,REAL,FALSA
,,,,,,,5f7f8794ce3c5c14151dad75,001,2020-10-28_18h42.14.749,lextale_sp,2020.2.3,MacIntel,60,,,,,,,,,26,secuestro,1,,,1,1,1.10028,0,43,43,25,1,REAL,FALSA
,,,,,,,5f7f8794ce3c5c14151dad75,001,2020-10-28_18h42.14.749,lextale_sp,2020.2.3,MacIntel,60,,,,,,,,,62,flaco,1,,,1,1,0.633485,0,44,44,61,1,REAL,FALSA
,,,,,,,5f7f8794ce3c5c14151dad75,001,2020-10-28_18h42.14.749,lextale_sp,2020.2.3,MacIntel,60,,,,,,,,,55,nevar,1,,,1,1,0.68418,0,45,45,54,1,REAL,FALSA
,,,,,,,5f7f8794ce3c5c14151dad75,001,2020-10-28_18h42.14.749,lextale_sp,2020.2.3,MacIntel,60,,,,,,,,,60,matar,1,,,1,1,0.91953,0,46,46,59,1,REAL,FALSA
,,,,,,,5f7f8794ce3c5c14151dad75,001,2020-10-28_18h42.14.749,lextale_sp,2020.2.3,MacIntel,60,,,,,,,,,87,grodo,0,,,0,1,0.63328,0,47,47,86,1,REAL,FALSA
,,,,,,,5f7f8794ce3c5c14151dad75,001,2020-10-28_18h42.14.749,lextale_sp,2020.2.3,MacIntel,60,,,,,,,,,61,seda,1,,,1,1,0.63232,0,48,48,60,1,REAL,FALSA
,,,,,,,5f7f8794ce3c5c14151dad75,001,2020-10-28_18h42.14.749,lextale_sp,2020.2.3,MacIntel,60,,,,,,,,,12,asesinato,1,,,0,0,0.83721,0,49,49,11,1,REAL,FALSA
,,,,,,,5f7f8794ce3c5c14151dad75,001,2020-10-28_18h42.14.749,lextale_sp,2020.2.3,MacIntel,60,,,,,,,,,73,hervidor,1,,,0,0,0.73312,0,50,50,72,1,REAL,FALSA
,,,,,,,5f7f8794ce3c5c14151dad75,001,2020-10-28_18h42.14.749,lextale_sp,2020.2.3,MacIntel,60,,,,,,,,,52,camisa,1,,,1,1,0.683215,0,51,51,51,1,REAL,FALSA
,,,,,,,5f7f8794ce3c5c14151dad75,001,2020-10-28_18h42.14.749,lextale_sp,2020.2.3,MacIntel,60,,,,,,,,,50,flamida,0,,,1,0,1.58339,0,52,52,49,1,REAL,FALSA
,,,,,,,5f7f8794ce3c5c14151dad75,001,2020-10-28_18h42.14.749,lextale_sp,2020.2.3,MacIntel,60,,,,,,,,,3,pulmones,1,,,1,1,0.98472,0,53,53,2,1,REAL,FALSA
,,,,,,,5f7f8794ce3c5c14151dad75,001,2020-10-28_18h42.14.749,lextale_sp,2020.2.3,MacIntel,60,,,,,,,,,32,fatacidad,0,,,0,1,1.385175,0,54,54,31,1,REAL,FALSA
,,,,,,,5f7f8794ce3c5c14151dad75,001,2020-10-28_18h42.14.749,lextale_sp,2020.2.3,MacIntel,60,,,,,,,,,22,lacayo,1,,,0,0,0.750815,0,55,55,21,1,REAL,FALSA
,,,,,,,5f7f8794ce3c5c14151dad75,001,2020-10-28_18h42.14.749,lextale_sp,2020.2.3,MacIntel,60,,,,,,,,,36,loro,1,,,0,0,0.68218,0,56,56,35,1,REAL,FALSA
,,,,,,,5f7f8794ce3c5c14151dad75,001,2020-10-28_18h42.14.749,lextale_sp,2020.2.3,MacIntel,60,,,,,,,,,34,aviso,1,,,1,1,0.783935,0,57,57,33,1,REAL,FALSA
,,,,,,,5f7f8794ce3c5c14151dad75,001,2020-10-28_18h42.14.749,lextale_sp,2020.2.3,MacIntel,60,,,,,,,,,21,capillo,0,,,0,1,0.803905,0,58,58,20,1,REAL,FALSA
,,,,,,,5f7f8794ce3c5c14151dad75,001,2020-10-28_18h42.14.749,lextale_sp,2020.2.3,MacIntel,60,,,,,,,,,89,prisa,1,,,1,1,0.716725,0,59,59,88,1,REAL,FALSA
,,,,,,,5f7f8794ce3c5c14151dad75,001,2020-10-28_18h42.14.749,lextale_sp,2020.2.3,MacIntel,60,,,,,,,,,1,terzo,0,,,1,0,0.636925,0,60,60,0,1,REAL,FALSA
,,,,,,,5f7f8794ce3c5c14151dad75,001,2020-10-28_18h42.14.749,lextale_sp,2020.2.3,MacIntel,60,,,,,,,,,27,acutación,0,,,1,0,2.53338,0,61,61,26,1,REAL,FALSA
,,,,,,,5f7f8794ce3c5c14151dad75,001,2020-10-28_18h42.14.749,lextale_sp,2020.2.3,MacIntel,60,,,,,,,,,72,pemición,0,,,0,1,1.302335,0,62,62,71,1,REAL,FALSA
,,,,,,,5f7f8794ce3c5c14151dad75,001,2020-10-28_18h42.14.749,lextale_sp,2020.2.3,MacIntel,60,,,,,,,,,28,merodear,1,,,0,0,0.91687,0,63,63,27,1,REAL,FALSA
,,,,,,,5f7f8794ce3c5c14151dad75,001,2020-10-28_18h42.14.749,lextale_sp,2020.2.3,MacIntel,60,,,,,,,,,30,alardio,0,,,0,1,0.95085,0,64,64,29,1,REAL,FALSA
,,,,,,,5f7f8794ce3c5c14151dad75,001,2020-10-28_18h42.14.749,lextale_sp,2020.2.3,MacIntel,60,,,,,,,,,25,bisagra,1,,,0,0,0.8195,0,65,65,24,1,REAL,FALSA
,,,,,,,5f7f8794ce3c5c14151dad75,001,2020-10-28_18h42.14.749,lextale_sp,2020.2.3,MacIntel,60,,,,,,,,,84,escuto,0,,,1,0,0.70031,0,66,66,83,1,REAL,FALSA
,,,,,,,5f7f8794ce3c5c14151dad75,001,2020-10-28_18h42.14.749,lextale_sp,2020.2.3,MacIntel,60,,,,,,,,,11,cenefa,1,,,0,0,0.73303,0,67,67,10,1,REAL,FALSA
,,,,,,,5f7f8794ce3c5c14151dad75,001,2020-10-28_18h42.14.749,lextale_sp,2020.2.3,MacIntel,60,,,,,,,,,88,acantilado,1,,,0,0,1.099625,0,68,68,87,1,REAL,FALSA
,,,,,,,5f7f8794ce3c5c14151dad75,001,2020-10-28_18h42.14.749,lextale_sp,2020.2.3,MacIntel,60,,,,,,,,,59,besar,1,,,1,1,0.603335,0,69,69,58,1,REAL,FALSA
,,,,,,,5f7f8794ce3c5c14151dad75,001,2020-10-28_18h42.14.749,lextale_sp,2020.2.3,MacIntel,60,,,,,,,,,42,cadallo,0,,,1,0,0.666,0,70,70,41,1,REAL,FALSA
,,,,,,,5f7f8794ce3c5c14151dad75,001,2020-10-28_18h42.14.749,lextale_sp,2020.2.3,MacIntel,60,,,,,,,,,46,martillo,1,,,1,1,0.59997,0,71,71,45,1,REAL,FALSA
,,,,,,,5f7f8794ce3c5c14151dad75,001,2020-10-28_18h42.14.749,lextale_sp,2020.2.3,MacIntel,60,,,,,,,,,20,ávido,1,,,1,1,0.634055,0,72,72,19,1,REAL,FALSA
,,,,,,,5f7f8794ce3c5c14151dad75,001,2020-10-28_18h42.14.749,lextale_sp,2020.2.3,MacIntel,60,,,,,,,,,38,estornudar,1,,,0,0,0.93417,0,73,73,37,1,REAL,FALSA
,,,,,,,5f7f8794ce3c5c14151dad75,001,2020-10-28_18h42.14.749,lextale_sp,2020.2.3,MacIntel,60,,,,,,,,,67,cabello,1,,,1,1,0.550365,0,74,74,66,1,REAL,FALSA
,,,,,,,5f7f8794ce3c5c14151dad75,001,2020-10-28_18h42.14.749,lextale_sp,2020.2.3,MacIntel,60,,,,,,,,,16,abracer,0,,,1,0,0.717035,0,75,75,15,1,REAL,FALSA
,,,,,,,5f7f8794ce3c5c14151dad75,001,2020-10-28_18h42.14.749,lextale_sp,2020.2.3,MacIntel,60,,,,,,,,,57,tacaño,1,,,1,1,1.065845,0,76,76,56,1,REAL,FALSA
,,,,,,,5f7f8794ce3c5c14151dad75,001,2020-10-28_18h42.14.749,lextale_sp,2020.2.3,MacIntel,60,,,,,,,,,51,candado,1,,,1,1,0.852925,0,77,77,50,1,REAL,FALSA
,,,,,,,5f7f8794ce3c5c14151dad75,001,2020-10-28_18h42.14.749,lextale_sp,2020.2.3,MacIntel,60,,,,,,,,,14,yunque,1,,,1,1,0.86983,0,78,78,13,1,REAL,FALSA
,,,,,,,5f7f8794ce3c5c14151dad75,001,2020-10-28_18h42.14.749,lextale_sp,2020.2.3,MacIntel,60,,,,,,,,,83,guante,1,,,0,0,1.300645,0,79,79,82,1,REAL,FALSA
,,,,,,,5f7f8794ce3c5c14151dad75,001,2020-10-28_18h42.14.749,lextale_sp,2020.2.3,MacIntel,60,,,,,,,,,29,decar,0,,,1,0,0.98319,0,80,80,28,1,REAL,FALSA
,,,,,,,5f7f8794ce3c5c14151dad75,001,2020-10-28_18h42.14.749,lextale_sp,2020.2.3,MacIntel,60,,,,,,,,,81,pozo,1,,,0,0,0.816695,0,81,81,80,1,REAL,FALSA
,,,,,,,5f7f8794ce3c5c14151dad75,001,2020-10-28_18h42.14.749,lextale_sp,2020.2.3,MacIntel,60,,,,,,,,,4,batillón,0,,,1,0,0.61725,0,82,82,3,1,REAL,FALSA
,,,,,,,5f7f8794ce3c5c14151dad75,001,2020-10-28_18h42.14.749,lextale_sp,2020.2.3,MacIntel,60,,,,,,,,,47,cartinar,0,,,1,0,0.88605,0,83,83,46,1,REAL,FALSA
,,,,,,,5f7f8794ce3c5c14151dad75,001,2020-10-28_18h42.14.749,lextale_sp,2020.2.3,MacIntel,60,,,,,,,,,54,fomentar,1,,,1,1,0.66485,0,84,84,53,1,REAL,FALSA
,,,,,,,5f7f8794ce3c5c14151dad75,001,2020-10-28_18h42.14.749,lextale_sp,2020.2.3,MacIntel,60,,,,,,,,,49,ganar,1,,,1,1,0.89979,0,85,85,48,1,REAL,FALSA
,,,,,,,5f7f8794ce3c5c14151dad75,001,2020-10-28_18h42.14.749,lextale_sp,2020.2.3,MacIntel,60,,,,,,,,,70,temblo,0,,,0,1,0.785455,0,86,86,69,1,REAL,FALSA
,,,,,,,5f7f8794ce3c5c14151dad75,001,2020-10-28_18h42.14.749,lextale_sp,2020.2.3,MacIntel,60,,,,,,,,,8,cadeña,0,,,1,0,0.68344,0,87,87,7,1,REAL,FALSA
,,,,,,,5f7f8794ce3c5c14151dad75,001,2020-10-28_18h42.14.749,lextale_sp,2020.2.3,MacIntel,60,,,,,,,,,71,polvoriento,1,,,0,0,0.933295,0,88,88,70,1,REAL,FALSA
,,,,,,,5f7f8794ce3c5c14151dad75,001,2020-10-28_18h42.14.749,lextale_sp,2020.2.3,MacIntel,60,,,,,,,,,2,pellizcar,1,,,1,1,0.64985,0,89,89,1,1,REAL,FALSA
