lextale_instructions_loop.thisRepN,lextale_instructions_loop.thisTrialN,lextale_instructions_loop.thisN,lextale_instructions_loop.thisIndex,lextale_instructions_loop.ran,instructions_text,continue_text,participant,session,date,expName,psychopyVersion,OS,frameRate,key_resp_lextale_practice.keys,key_resp_lextale_practice.corr,key_resp_lextale_practice.rt,lextale_practice_trials.thisRepN,lextale_practice_trials.thisTrialN,lextale_practice_trials.thisN,lextale_practice_trials.thisIndex,lextale_practice_trials.ran,stim,word,correct_response,prac_button_real,prac_button_false,key_resp_lextale_trial.keys,key_resp_lextale_trial.corr,key_resp_lextale_trial.rt,lextail_trials.thisRepN,lextail_trials.thisTrialN,lextail_trials.thisN,lextail_trials.thisIndex,lextail_trials.ran,button_real,button_false
0,0,0,0,1,"Este es un test de vocabulario en español. 
  
  A continuación vas a ver 90 secuencias de letras que parecen 'españolas'.
  
  Solo algunas de ellas son palabras de verdad.",(presiona la barra espaciadora para continuar),5f99793e328ca305b7975e8f,001,2020-10-29_20h24.19.711,lextale_sp,2020.2.3,Win32,60,,,,,,,,,,,,,,,,,,,,,,,
0,1,1,1,1,"Por favor, señala las palabras que tú conoces (aquellas que estás convencido que son palabras españolas, incluso aunque no seas capaz de dar el significado preciso).",(presiona la barra espaciadora para continuar),5f99793e328ca305b7975e8f,001,2020-10-29_20h24.19.711,lextale_sp,2020.2.3,Win32,60,,,,,,,,,,,,,,,,,,,,,,,
0,2,2,2,1,Pero cuidado: los errores se penalizan. Por eso no tiene sentido tratar de incrementar tu puntuación marcando como reales palabras que nunca has visto.,(presiona la barra espaciadora para continuar),5f99793e328ca305b7975e8f,001,2020-10-29_20h24.19.711,lextale_sp,2020.2.3,Win32,60,,,,,,,,,,,,,,,,,,,,,,,
0,3,3,3,1,"Presiona la tecla 1 si piensas que es una palabra real y la tecla 
  0 si piensas que es una palabra falsa. 
  
  Vamos a practicar un poco...",(presiona la barra espaciadora para continuar),5f99793e328ca305b7975e8f,001,2020-10-29_20h24.19.711,lextale_sp,2020.2.3,Win32,60,,,,,,,,,,,,,,,,,,,,,,,
,,,,,,,5f99793e328ca305b7975e8f,001,2020-10-29_20h24.19.711,lextale_sp,2020.2.3,Win32,60,0,1,12.944,0,0,0,0,1,0,depiste,0,REAL,FALSA,,,,,,,,,,
,,,,,,,5f99793e328ca305b7975e8f,001,2020-10-29_20h24.19.711,lextale_sp,2020.2.3,Win32,60,1,1,3.392,0,1,1,1,1,0,sí,1,REAL,FALSA,,,,,,,,,,
,,,,,,,5f99793e328ca305b7975e8f,001,2020-10-29_20h24.19.711,lextale_sp,2020.2.3,Win32,60,0,1,4.984,0,2,2,2,1,0,coné,0,REAL,FALSA,,,,,,,,,,
,,,,,,,5f99793e328ca305b7975e8f,001,2020-10-29_20h24.19.711,lextale_sp,2020.2.3,Win32,60,0,1,12.37,0,3,3,3,1,0,calpar,0,REAL,FALSA,,,,,,,,,,
,,,,,,,5f99793e328ca305b7975e8f,001,2020-10-29_20h24.19.711,lextale_sp,2020.2.3,Win32,60,1,0,8.302,0,4,4,4,1,0,joten,0,REAL,FALSA,,,,,,,,,,
,,,,,,,5f99793e328ca305b7975e8f,001,2020-10-29_20h24.19.711,lextale_sp,2020.2.3,Win32,60,1,1,7.454,0,5,5,5,1,0,sacapuntas,1,REAL,FALSA,,,,,,,,,,
,,,,,,,5f99793e328ca305b7975e8f,001,2020-10-29_20h24.19.711,lextale_sp,2020.2.3,Win32,60,0,1,4.913,0,6,6,6,1,0,priba,0,REAL,FALSA,,,,,,,,,,
,,,,,,,5f99793e328ca305b7975e8f,001,2020-10-29_20h24.19.711,lextale_sp,2020.2.3,Win32,60,0,1,8.12,0,7,7,7,1,0,pelasula,0,REAL,FALSA,,,,,,,,,,
,,,,,,,5f99793e328ca305b7975e8f,001,2020-10-29_20h24.19.711,lextale_sp,2020.2.3,Win32,60,1,1,4.05,0,8,8,8,1,0,bien,1,REAL,FALSA,,,,,,,,,,
,,,,,,,5f99793e328ca305b7975e8f,001,2020-10-29_20h24.19.711,lextale_sp,2020.2.3,Win32,60,1,1,3.856,0,9,9,9,1,0,casa,1,REAL,FALSA,,,,,,,,,,
,,,,,,,5f99793e328ca305b7975e8f,001,2020-10-29_20h24.19.711,lextale_sp,2020.2.3,Win32,60,1,0,7.173,0,10,10,10,1,0,lejo,0,REAL,FALSA,,,,,,,,,,
,,,,,,,5f99793e328ca305b7975e8f,001,2020-10-29_20h24.19.711,lextale_sp,2020.2.3,Win32,60,0,1,10.575,0,11,11,11,1,0,pretantas,0,REAL,FALSA,,,,,,,,,,
,,,,,,,5f99793e328ca305b7975e8f,001,2020-10-29_20h24.19.711,lextale_sp,2020.2.3,Win32,60,,,,,,,,,27,acutación,0,,,0,1,15.491,0,0,0,26,1,REAL,FALSA
,,,,,,,5f99793e328ca305b7975e8f,001,2020-10-29_20h24.19.711,lextale_sp,2020.2.3,Win32,60,,,,,,,,,11,cenefa,1,,,1,1,7.526,0,1,1,10,1,REAL,FALSA
,,,,,,,5f99793e328ca305b7975e8f,001,2020-10-29_20h24.19.711,lextale_sp,2020.2.3,Win32,60,,,,,,,,,40,alfombra,1,,,0,0,7.014,0,2,2,39,1,REAL,FALSA
,,,,,,,5f99793e328ca305b7975e8f,001,2020-10-29_20h24.19.711,lextale_sp,2020.2.3,Win32,60,,,,,,,,,6,tergiversar,1,,,1,1,7.511,0,3,3,5,1,REAL,FALSA
,,,,,,,5f99793e328ca305b7975e8f,001,2020-10-29_20h24.19.711,lextale_sp,2020.2.3,Win32,60,,,,,,,,,23,lampera,0,,,0,1,8.692,0,4,4,22,1,REAL,FALSA
,,,,,,,5f99793e328ca305b7975e8f,001,2020-10-29_20h24.19.711,lextale_sp,2020.2.3,Win32,60,,,,,,,,,9,hacha,1,,,0,0,5.95,0,5,5,8,1,REAL,FALSA
,,,,,,,5f99793e328ca305b7975e8f,001,2020-10-29_20h24.19.711,lextale_sp,2020.2.3,Win32,60,,,,,,,,,49,ganar,1,,,0,0,6.263,0,6,6,48,1,REAL,FALSA
,,,,,,,5f99793e328ca305b7975e8f,001,2020-10-29_20h24.19.711,lextale_sp,2020.2.3,Win32,60,,,,,,,,,31,pandilla,1,,,1,1,8.004,0,7,7,30,1,REAL,FALSA
,,,,,,,5f99793e328ca305b7975e8f,001,2020-10-29_20h24.19.711,lextale_sp,2020.2.3,Win32,60,,,,,,,,,56,musgo,1,,,1,1,6.25,0,8,8,55,1,REAL,FALSA
,,,,,,,5f99793e328ca305b7975e8f,001,2020-10-29_20h24.19.711,lextale_sp,2020.2.3,Win32,60,,,,,,,,,4,batillón,0,,,1,0,5.519,0,9,9,3,1,REAL,FALSA
,,,,,,,5f99793e328ca305b7975e8f,001,2020-10-29_20h24.19.711,lextale_sp,2020.2.3,Win32,60,,,,,,,,,47,cartinar,0,,,0,1,5.872,0,10,10,46,1,REAL,FALSA
,,,,,,,5f99793e328ca305b7975e8f,001,2020-10-29_20h24.19.711,lextale_sp,2020.2.3,Win32,60,,,,,,,,,18,arsa,0,,,0,1,4.209,0,11,11,17,1,REAL,FALSA
,,,,,,,5f99793e328ca305b7975e8f,001,2020-10-29_20h24.19.711,lextale_sp,2020.2.3,Win32,60,,,,,,,,,52,camisa,1,,,1,1,5.512,0,12,12,51,1,REAL,FALSA
,,,,,,,5f99793e328ca305b7975e8f,001,2020-10-29_20h24.19.711,lextale_sp,2020.2.3,Win32,60,,,,,,,,,54,fomentar,1,,,0,0,9.865,0,13,13,53,1,REAL,FALSA
,,,,,,,5f99793e328ca305b7975e8f,001,2020-10-29_20h24.19.711,lextale_sp,2020.2.3,Win32,60,,,,,,,,,48,ladrón,1,,,1,1,6.44,0,14,14,47,1,REAL,FALSA
,,,,,,,5f99793e328ca305b7975e8f,001,2020-10-29_20h24.19.711,lextale_sp,2020.2.3,Win32,60,,,,,,,,,90,clavel,1,,,1,1,5.448,0,15,15,89,1,REAL,FALSA
,,,,,,,5f99793e328ca305b7975e8f,001,2020-10-29_20h24.19.711,lextale_sp,2020.2.3,Win32,60,,,,,,,,,89,prisa,1,,,1,1,5.445,0,16,16,88,1,REAL,FALSA
,,,,,,,5f99793e328ca305b7975e8f,001,2020-10-29_20h24.19.711,lextale_sp,2020.2.3,Win32,60,,,,,,,,,78,frondoso,1,,,1,1,7.983,0,17,17,77,1,REAL,FALSA
,,,,,,,5f99793e328ca305b7975e8f,001,2020-10-29_20h24.19.711,lextale_sp,2020.2.3,Win32,60,,,,,,,,,84,escuto,0,,,0,1,5.959,0,18,18,83,1,REAL,FALSA
,,,,,,,5f99793e328ca305b7975e8f,001,2020-10-29_20h24.19.711,lextale_sp,2020.2.3,Win32,60,,,,,,,,,21,capillo,0,,,0,1,9.503,0,19,19,20,1,REAL,FALSA
,,,,,,,5f99793e328ca305b7975e8f,001,2020-10-29_20h24.19.711,lextale_sp,2020.2.3,Win32,60,,,,,,,,,33,pauca,0,,,0,1,4.872,0,20,20,32,1,REAL,FALSA
,,,,,,,5f99793e328ca305b7975e8f,001,2020-10-29_20h24.19.711,lextale_sp,2020.2.3,Win32,60,,,,,,,,,44,cuchara,1,,,1,1,6.541,0,21,21,43,1,REAL,FALSA
,,,,,,,5f99793e328ca305b7975e8f,001,2020-10-29_20h24.19.711,lextale_sp,2020.2.3,Win32,60,,,,,,,,,10,antar,0,,,0,1,4.278,0,22,22,9,1,REAL,FALSA
,,,,,,,5f99793e328ca305b7975e8f,001,2020-10-29_20h24.19.711,lextale_sp,2020.2.3,Win32,60,,,,,,,,,28,merodear,1,,,1,1,5.62,0,23,23,27,1,REAL,FALSA
,,,,,,,5f99793e328ca305b7975e8f,001,2020-10-29_20h24.19.711,lextale_sp,2020.2.3,Win32,60,,,,,,,,,68,alegre,1,,,1,1,6.332,0,24,24,67,1,REAL,FALSA
,,,,,,,5f99793e328ca305b7975e8f,001,2020-10-29_20h24.19.711,lextale_sp,2020.2.3,Win32,60,,,,,,,,,22,lacayo,1,,,1,1,4.043,0,25,25,21,1,REAL,FALSA
,,,,,,,5f99793e328ca305b7975e8f,001,2020-10-29_20h24.19.711,lextale_sp,2020.2.3,Win32,60,,,,,,,,,43,canela,1,,,1,1,4.89,0,26,26,42,1,REAL,FALSA
,,,,,,,5f99793e328ca305b7975e8f,001,2020-10-29_20h24.19.711,lextale_sp,2020.2.3,Win32,60,,,,,,,,,5,zapato,1,,,1,1,12.154,0,27,27,4,1,REAL,FALSA
,,,,,,,5f99793e328ca305b7975e8f,001,2020-10-29_20h24.19.711,lextale_sp,2020.2.3,Win32,60,,,,,,,,,60,matar,1,,,1,1,6.526,0,28,28,59,1,REAL,FALSA
,,,,,,,5f99793e328ca305b7975e8f,001,2020-10-29_20h24.19.711,lextale_sp,2020.2.3,Win32,60,,,,,,,,,20,ávido,1,,,1,1,5.22,0,29,29,19,1,REAL,FALSA
,,,,,,,5f99793e328ca305b7975e8f,001,2020-10-29_20h24.19.711,lextale_sp,2020.2.3,Win32,60,,,,,,,,,29,decar,0,,,0,1,4.726,0,30,30,28,1,REAL,FALSA
,,,,,,,5f99793e328ca305b7975e8f,001,2020-10-29_20h24.19.711,lextale_sp,2020.2.3,Win32,60,,,,,,,,,41,rebuscar,1,,,1,1,8.22,0,31,31,40,1,REAL,FALSA
,,,,,,,5f99793e328ca305b7975e8f,001,2020-10-29_20h24.19.711,lextale_sp,2020.2.3,Win32,60,,,,,,,,,75,yacer,1,,,1,1,4.023,0,32,32,74,1,REAL,FALSA
,,,,,,,5f99793e328ca305b7975e8f,001,2020-10-29_20h24.19.711,lextale_sp,2020.2.3,Win32,60,,,,,,,,,83,guante,1,,,1,1,5.423,0,33,33,82,1,REAL,FALSA
,,,,,,,5f99793e328ca305b7975e8f,001,2020-10-29_20h24.19.711,lextale_sp,2020.2.3,Win32,60,,,,,,,,,17,floroso,0,,,0,1,5.287,0,34,34,16,1,REAL,FALSA
,,,,,,,5f99793e328ca305b7975e8f,001,2020-10-29_20h24.19.711,lextale_sp,2020.2.3,Win32,60,,,,,,,,,8,cadeña,0,,,1,0,4.723,0,35,35,7,1,REAL,FALSA
,,,,,,,5f99793e328ca305b7975e8f,001,2020-10-29_20h24.19.711,lextale_sp,2020.2.3,Win32,60,,,,,,,,,64,orgulloso,1,,,1,1,9.657,0,36,36,63,1,REAL,FALSA
,,,,,,,5f99793e328ca305b7975e8f,001,2020-10-29_20h24.19.711,lextale_sp,2020.2.3,Win32,60,,,,,,,,,69,engatusar,1,,,0,0,6.004,0,37,37,68,1,REAL,FALSA
,,,,,,,5f99793e328ca305b7975e8f,001,2020-10-29_20h24.19.711,lextale_sp,2020.2.3,Win32,60,,,,,,,,,45,jilguero,1,,,1,1,7.692,0,38,38,44,1,REAL,FALSA
,,,,,,,5f99793e328ca305b7975e8f,001,2020-10-29_20h24.19.711,lextale_sp,2020.2.3,Win32,60,,,,,,,,,72,pemición,0,,,0,1,6.523,0,39,39,71,1,REAL,FALSA
,,,,,,,5f99793e328ca305b7975e8f,001,2020-10-29_20h24.19.711,lextale_sp,2020.2.3,Win32,60,,,,,,,,,25,bisagra,1,,,1,1,6.243,0,40,40,24,1,REAL,FALSA
,,,,,,,5f99793e328ca305b7975e8f,001,2020-10-29_20h24.19.711,lextale_sp,2020.2.3,Win32,60,,,,,,,,,88,acantilado,1,,,1,1,5.727,0,41,41,87,1,REAL,FALSA
,,,,,,,5f99793e328ca305b7975e8f,001,2020-10-29_20h24.19.711,lextale_sp,2020.2.3,Win32,60,,,,,,,,,57,tacaño,1,,,1,1,9.875,0,42,42,56,1,REAL,FALSA
,,,,,,,5f99793e328ca305b7975e8f,001,2020-10-29_20h24.19.711,lextale_sp,2020.2.3,Win32,60,,,,,,,,,65,bizcocho,1,,,1,1,8.973,0,43,43,64,1,REAL,FALSA
,,,,,,,5f99793e328ca305b7975e8f,001,2020-10-29_20h24.19.711,lextale_sp,2020.2.3,Win32,60,,,,,,,,,26,secuestro,1,,,1,1,6.992,0,44,44,25,1,REAL,FALSA
,,,,,,,5f99793e328ca305b7975e8f,001,2020-10-29_20h24.19.711,lextale_sp,2020.2.3,Win32,60,,,,,,,,,87,grodo,0,,,0,1,5.476,0,45,45,86,1,REAL,FALSA
,,,,,,,5f99793e328ca305b7975e8f,001,2020-10-29_20h24.19.711,lextale_sp,2020.2.3,Win32,60,,,,,,,,,63,esposante,0,,,1,0,9.741,0,46,46,62,1,REAL,FALSA
,,,,,,,5f99793e328ca305b7975e8f,001,2020-10-29_20h24.19.711,lextale_sp,2020.2.3,Win32,60,,,,,,,,,19,brecedad,0,,,0,1,12.073,0,47,47,18,1,REAL,FALSA
,,,,,,,5f99793e328ca305b7975e8f,001,2020-10-29_20h24.19.711,lextale_sp,2020.2.3,Win32,60,,,,,,,,,15,regar,1,,,1,1,7.787,0,48,48,14,1,REAL,FALSA
,,,,,,,5f99793e328ca305b7975e8f,001,2020-10-29_20h24.19.711,lextale_sp,2020.2.3,Win32,60,,,,,,,,,67,cabello,1,,,1,1,5.208,0,49,49,66,1,REAL,FALSA
,,,,,,,5f99793e328ca305b7975e8f,001,2020-10-29_20h24.19.711,lextale_sp,2020.2.3,Win32,60,,,,,,,,,7,pésimo,1,,,0,0,7.914,0,50,50,6,1,REAL,FALSA
,,,,,,,5f99793e328ca305b7975e8f,001,2020-10-29_20h24.19.711,lextale_sp,2020.2.3,Win32,60,,,,,,,,,77,tiburón,1,,,1,1,5.843,0,51,51,76,1,REAL,FALSA
,,,,,,,5f99793e328ca305b7975e8f,001,2020-10-29_20h24.19.711,lextale_sp,2020.2.3,Win32,60,,,,,,,,,2,pellizcar,1,,,1,1,9.561,0,52,52,1,1,REAL,FALSA
,,,,,,,5f99793e328ca305b7975e8f,001,2020-10-29_20h24.19.711,lextale_sp,2020.2.3,Win32,60,,,,,,,,,53,vegada,0,,,0,1,4.813,0,53,53,52,1,REAL,FALSA
,,,,,,,5f99793e328ca305b7975e8f,001,2020-10-29_20h24.19.711,lextale_sp,2020.2.3,Win32,60,,,,,,,,,86,barato,1,,,1,1,4.102,0,54,54,85,1,REAL,FALSA
,,,,,,,5f99793e328ca305b7975e8f,001,2020-10-29_20h24.19.711,lextale_sp,2020.2.3,Win32,60,,,,,,,,,66,hacido,0,,,1,0,5.62,0,55,55,65,1,REAL,FALSA
,,,,,,,5f99793e328ca305b7975e8f,001,2020-10-29_20h24.19.711,lextale_sp,2020.2.3,Win32,60,,,,,,,,,51,candado,1,,,1,1,5.194,0,56,56,50,1,REAL,FALSA
,,,,,,,5f99793e328ca305b7975e8f,001,2020-10-29_20h24.19.711,lextale_sp,2020.2.3,Win32,60,,,,,,,,,34,aviso,1,,,1,1,4.569,0,57,57,33,1,REAL,FALSA
,,,,,,,5f99793e328ca305b7975e8f,001,2020-10-29_20h24.19.711,lextale_sp,2020.2.3,Win32,60,,,,,,,,,80,hormiga,1,,,1,1,4.491,0,58,58,79,1,REAL,FALSA
,,,,,,,5f99793e328ca305b7975e8f,001,2020-10-29_20h24.19.711,lextale_sp,2020.2.3,Win32,60,,,,,,,,,76,atar,1,,,1,1,3.043,0,59,59,75,1,REAL,FALSA
,,,,,,,5f99793e328ca305b7975e8f,001,2020-10-29_20h24.19.711,lextale_sp,2020.2.3,Win32,60,,,,,,,,,42,cadallo,0,,,0,1,5.995,0,60,60,41,1,REAL,FALSA
,,,,,,,5f99793e328ca305b7975e8f,001,2020-10-29_20h24.19.711,lextale_sp,2020.2.3,Win32,60,,,,,,,,,82,empirador,0,,,0,1,6.723,0,61,61,81,1,REAL,FALSA
,,,,,,,5f99793e328ca305b7975e8f,001,2020-10-29_20h24.19.711,lextale_sp,2020.2.3,Win32,60,,,,,,,,,13,helar,1,,,1,1,3.375,0,62,62,12,1,REAL,FALSA
,,,,,,,5f99793e328ca305b7975e8f,001,2020-10-29_20h24.19.711,lextale_sp,2020.2.3,Win32,60,,,,,,,,,39,torpe,1,,,1,1,4.594,0,63,63,38,1,REAL,FALSA
,,,,,,,5f99793e328ca305b7975e8f,001,2020-10-29_20h24.19.711,lextale_sp,2020.2.3,Win32,60,,,,,,,,,12,asesinato,1,,,1,1,6.498,0,64,64,11,1,REAL,FALSA
,,,,,,,5f99793e328ca305b7975e8f,001,2020-10-29_20h24.19.711,lextale_sp,2020.2.3,Win32,60,,,,,,,,,35,rompido,0,,,1,0,5.274,0,65,65,34,1,REAL,FALSA
,,,,,,,5f99793e328ca305b7975e8f,001,2020-10-29_20h24.19.711,lextale_sp,2020.2.3,Win32,60,,,,,,,,,85,laúd,1,,,1,1,3.827,0,66,66,84,1,REAL,FALSA
,,,,,,,5f99793e328ca305b7975e8f,001,2020-10-29_20h24.19.711,lextale_sp,2020.2.3,Win32,60,,,,,,,,,79,tropaje,0,,,1,0,5.885,0,67,67,78,1,REAL,FALSA
,,,,,,,5f99793e328ca305b7975e8f,001,2020-10-29_20h24.19.711,lextale_sp,2020.2.3,Win32,60,,,,,,,,,74,cintro,0,,,1,0,11.362,0,68,68,73,1,REAL,FALSA
,,,,,,,5f99793e328ca305b7975e8f,001,2020-10-29_20h24.19.711,lextale_sp,2020.2.3,Win32,60,,,,,,,,,3,pulmones,1,,,1,1,4.911,0,69,69,2,1,REAL,FALSA
,,,,,,,5f99793e328ca305b7975e8f,001,2020-10-29_20h24.19.711,lextale_sp,2020.2.3,Win32,60,,,,,,,,,70,temblo,0,,,1,0,4.903,0,70,70,69,1,REAL,FALSA
,,,,,,,5f99793e328ca305b7975e8f,001,2020-10-29_20h24.19.711,lextale_sp,2020.2.3,Win32,60,,,,,,,,,1,terzo,0,,,0,1,4.188,0,71,71,0,1,REAL,FALSA
,,,,,,,5f99793e328ca305b7975e8f,001,2020-10-29_20h24.19.711,lextale_sp,2020.2.3,Win32,60,,,,,,,,,81,pozo,1,,,1,1,4.321,0,72,72,80,1,REAL,FALSA
,,,,,,,5f99793e328ca305b7975e8f,001,2020-10-29_20h24.19.711,lextale_sp,2020.2.3,Win32,60,,,,,,,,,55,nevar,1,,,0,0,4.458,0,73,73,54,1,REAL,FALSA
,,,,,,,5f99793e328ca305b7975e8f,001,2020-10-29_20h24.19.711,lextale_sp,2020.2.3,Win32,60,,,,,,,,,14,yunque,1,,,1,1,5.938,0,74,74,13,1,REAL,FALSA
,,,,,,,5f99793e328ca305b7975e8f,001,2020-10-29_20h24.19.711,lextale_sp,2020.2.3,Win32,60,,,,,,,,,37,granuja,1,,,1,1,5.843,0,75,75,36,1,REAL,FALSA
,,,,,,,5f99793e328ca305b7975e8f,001,2020-10-29_20h24.19.711,lextale_sp,2020.2.3,Win32,60,,,,,,,,,38,estornudar,1,,,1,1,6.998,0,76,76,37,1,REAL,FALSA
,,,,,,,5f99793e328ca305b7975e8f,001,2020-10-29_20h24.19.711,lextale_sp,2020.2.3,Win32,60,,,,,,,,,73,hervidor,1,,,1,1,4.657,0,77,77,72,1,REAL,FALSA
,,,,,,,5f99793e328ca305b7975e8f,001,2020-10-29_20h24.19.711,lextale_sp,2020.2.3,Win32,60,,,,,,,,,24,látigo,1,,,1,1,4.333,0,78,78,23,1,REAL,FALSA
,,,,,,,5f99793e328ca305b7975e8f,001,2020-10-29_20h24.19.711,lextale_sp,2020.2.3,Win32,60,,,,,,,,,61,seda,1,,,0,0,4.545,0,79,79,60,1,REAL,FALSA
,,,,,,,5f99793e328ca305b7975e8f,001,2020-10-29_20h24.19.711,lextale_sp,2020.2.3,Win32,60,,,,,,,,,36,loro,1,,,0,0,3.761,0,80,80,35,1,REAL,FALSA
,,,,,,,5f99793e328ca305b7975e8f,001,2020-10-29_20h24.19.711,lextale_sp,2020.2.3,Win32,60,,,,,,,,,32,fatacidad,0,,,1,0,4.829,0,81,81,31,1,REAL,FALSA
,,,,,,,5f99793e328ca305b7975e8f,001,2020-10-29_20h24.19.711,lextale_sp,2020.2.3,Win32,60,,,,,,,,,59,besar,1,,,0,0,3.682,0,82,82,58,1,REAL,FALSA
,,,,,,,5f99793e328ca305b7975e8f,001,2020-10-29_20h24.19.711,lextale_sp,2020.2.3,Win32,60,,,,,,,,,58,plaudir,0,,,0,1,8.532,0,83,83,57,1,REAL,FALSA
,,,,,,,5f99793e328ca305b7975e8f,001,2020-10-29_20h24.19.711,lextale_sp,2020.2.3,Win32,60,,,,,,,,,50,flamida,0,,,0,1,5.29,0,84,84,49,1,REAL,FALSA
,,,,,,,5f99793e328ca305b7975e8f,001,2020-10-29_20h24.19.711,lextale_sp,2020.2.3,Win32,60,,,,,,,,,71,polvoriento,1,,,1,1,9.484,0,85,85,70,1,REAL,FALSA
,,,,,,,5f99793e328ca305b7975e8f,001,2020-10-29_20h24.19.711,lextale_sp,2020.2.3,Win32,60,,,,,,,,,46,martillo,1,,,1,1,5.778,0,86,86,45,1,REAL,FALSA
,,,,,,,5f99793e328ca305b7975e8f,001,2020-10-29_20h24.19.711,lextale_sp,2020.2.3,Win32,60,,,,,,,,,30,alardio,0,,,0,1,7.082,0,87,87,29,1,REAL,FALSA
,,,,,,,5f99793e328ca305b7975e8f,001,2020-10-29_20h24.19.711,lextale_sp,2020.2.3,Win32,60,,,,,,,,,62,flaco,1,,,1,1,5.622,0,88,88,61,1,REAL,FALSA
,,,,,,,5f99793e328ca305b7975e8f,001,2020-10-29_20h24.19.711,lextale_sp,2020.2.3,Win32,60,,,,,,,,,16,abracer,0,,,0,1,7.375,0,89,89,15,1,REAL,FALSA
