lextale_instructions_loop.thisRepN,lextale_instructions_loop.thisTrialN,lextale_instructions_loop.thisN,lextale_instructions_loop.thisIndex,lextale_instructions_loop.ran,instructions_text,continue_text,participant,session,date,expName,psychopyVersion,OS,frameRate,key_resp_lextale_practice.keys,key_resp_lextale_practice.corr,key_resp_lextale_practice.rt,lextale_practice_trials.thisRepN,lextale_practice_trials.thisTrialN,lextale_practice_trials.thisN,lextale_practice_trials.thisIndex,lextale_practice_trials.ran,stim,word,correct_response,prac_button_real,prac_button_false,key_resp_lextale_trial.keys,key_resp_lextale_trial.corr,key_resp_lextale_trial.rt,lextail_trials.thisRepN,lextail_trials.thisTrialN,lextail_trials.thisN,lextail_trials.thisIndex,lextail_trials.ran,button_real,button_false
0,0,0,0,1,"Este es un test de vocabulario en español. 
  
  A continuación vas a ver 90 secuencias de letras que parecen 'españolas'.
  
  Solo algunas de ellas son palabras de verdad.",(presiona la barra espaciadora para continuar),5fbb445fed317dc4907cfad4,001,2020-12-13_21h54.37.293,lextale_sp,2020.2.3,MacIntel,60,,,,,,,,,,,,,,,,,,,,,,,
0,1,1,1,1,"Por favor, señala las palabras que tú conoces (aquellas que estás convencido que son palabras españolas, incluso aunque no seas capaz de dar el significado preciso).",(presiona la barra espaciadora para continuar),5fbb445fed317dc4907cfad4,001,2020-12-13_21h54.37.293,lextale_sp,2020.2.3,MacIntel,60,,,,,,,,,,,,,,,,,,,,,,,
0,2,2,2,1,Pero cuidado: los errores se penalizan. Por eso no tiene sentido tratar de incrementar tu puntuación marcando como reales palabras que nunca has visto.,(presiona la barra espaciadora para continuar),5fbb445fed317dc4907cfad4,001,2020-12-13_21h54.37.293,lextale_sp,2020.2.3,MacIntel,60,,,,,,,,,,,,,,,,,,,,,,,
0,3,3,3,1,"Presiona la tecla 1 si piensas que es una palabra real y la tecla 
  0 si piensas que es una palabra falsa. 
  
  Vamos a practicar un poco...",(presiona la barra espaciadora para continuar),5fbb445fed317dc4907cfad4,001,2020-12-13_21h54.37.293,lextale_sp,2020.2.3,MacIntel,60,,,,,,,,,,,,,,,,,,,,,,,
,,,,,,,5fbb445fed317dc4907cfad4,001,2020-12-13_21h54.37.293,lextale_sp,2020.2.3,MacIntel,60,1,0,7.906025,0,0,0,0,1,0,depiste,0,REAL,FALSA,,,,,,,,,,
,,,,,,,5fbb445fed317dc4907cfad4,001,2020-12-13_21h54.37.293,lextale_sp,2020.2.3,MacIntel,60,0,0,3.39852,0,1,1,1,1,0,sí,1,REAL,FALSA,,,,,,,,,,
,,,,,,,5fbb445fed317dc4907cfad4,001,2020-12-13_21h54.37.293,lextale_sp,2020.2.3,MacIntel,60,0,1,4.350035,0,2,2,2,1,0,coné,0,REAL,FALSA,,,,,,,,,,
,,,,,,,5fbb445fed317dc4907cfad4,001,2020-12-13_21h54.37.293,lextale_sp,2020.2.3,MacIntel,60,0,1,1.835245,0,3,3,3,1,0,calpar,0,REAL,FALSA,,,,,,,,,,
,,,,,,,5fbb445fed317dc4907cfad4,001,2020-12-13_21h54.37.293,lextale_sp,2020.2.3,MacIntel,60,0,1,2.102885,0,4,4,4,1,0,joten,0,REAL,FALSA,,,,,,,,,,
,,,,,,,5fbb445fed317dc4907cfad4,001,2020-12-13_21h54.37.293,lextale_sp,2020.2.3,MacIntel,60,1,1,1.732395,0,5,5,5,1,0,sacapuntas,1,REAL,FALSA,,,,,,,,,,
,,,,,,,5fbb445fed317dc4907cfad4,001,2020-12-13_21h54.37.293,lextale_sp,2020.2.3,MacIntel,60,0,1,1.030755,0,6,6,6,1,0,priba,0,REAL,FALSA,,,,,,,,,,
,,,,,,,5fbb445fed317dc4907cfad4,001,2020-12-13_21h54.37.293,lextale_sp,2020.2.3,MacIntel,60,0,1,2.05048,0,7,7,7,1,0,pelasula,0,REAL,FALSA,,,,,,,,,,
,,,,,,,5fbb445fed317dc4907cfad4,001,2020-12-13_21h54.37.293,lextale_sp,2020.2.3,MacIntel,60,1,1,0.79956,0,8,8,8,1,0,bien,1,REAL,FALSA,,,,,,,,,,
,,,,,,,5fbb445fed317dc4907cfad4,001,2020-12-13_21h54.37.293,lextale_sp,2020.2.3,MacIntel,60,1,1,0.78263,0,9,9,9,1,0,casa,1,REAL,FALSA,,,,,,,,,,
,,,,,,,5fbb445fed317dc4907cfad4,001,2020-12-13_21h54.37.293,lextale_sp,2020.2.3,MacIntel,60,0,1,1.416055,0,10,10,10,1,0,lejo,0,REAL,FALSA,,,,,,,,,,
,,,,,,,5fbb445fed317dc4907cfad4,001,2020-12-13_21h54.37.293,lextale_sp,2020.2.3,MacIntel,60,0,1,1.15049,0,11,11,11,1,0,pretantas,0,REAL,FALSA,,,,,,,,,,
,,,,,,,5fbb445fed317dc4907cfad4,001,2020-12-13_21h54.37.293,lextale_sp,2020.2.3,MacIntel,60,,,,,,,,,85,laúd,1,,,0,0,1.645065,0,0,0,84,1,REAL,FALSA
,,,,,,,5fbb445fed317dc4907cfad4,001,2020-12-13_21h54.37.293,lextale_sp,2020.2.3,MacIntel,60,,,,,,,,,77,tiburón,1,,,1,1,1.94559,0,1,1,76,1,REAL,FALSA
,,,,,,,5fbb445fed317dc4907cfad4,001,2020-12-13_21h54.37.293,lextale_sp,2020.2.3,MacIntel,60,,,,,,,,,50,flamida,0,,,0,1,1.453715,0,2,2,49,1,REAL,FALSA
,,,,,,,5fbb445fed317dc4907cfad4,001,2020-12-13_21h54.37.293,lextale_sp,2020.2.3,MacIntel,60,,,,,,,,,31,pandilla,1,,,1,1,3.11425,0,3,3,30,1,REAL,FALSA
,,,,,,,5fbb445fed317dc4907cfad4,001,2020-12-13_21h54.37.293,lextale_sp,2020.2.3,MacIntel,60,,,,,,,,,12,asesinato,1,,,1,1,1.58327,0,4,4,11,1,REAL,FALSA
,,,,,,,5fbb445fed317dc4907cfad4,001,2020-12-13_21h54.37.293,lextale_sp,2020.2.3,MacIntel,60,,,,,,,,,7,pésimo,1,,,1,1,2.915695,0,5,5,6,1,REAL,FALSA
,,,,,,,5fbb445fed317dc4907cfad4,001,2020-12-13_21h54.37.293,lextale_sp,2020.2.3,MacIntel,60,,,,,,,,,83,guante,1,,,1,1,2.765805,0,6,6,82,1,REAL,FALSA
,,,,,,,5fbb445fed317dc4907cfad4,001,2020-12-13_21h54.37.293,lextale_sp,2020.2.3,MacIntel,60,,,,,,,,,37,granuja,1,,,0,0,1.732825,0,7,7,36,1,REAL,FALSA
,,,,,,,5fbb445fed317dc4907cfad4,001,2020-12-13_21h54.37.293,lextale_sp,2020.2.3,MacIntel,60,,,,,,,,,6,tergiversar,1,,,1,1,2.19958,0,8,8,5,1,REAL,FALSA
,,,,,,,5fbb445fed317dc4907cfad4,001,2020-12-13_21h54.37.293,lextale_sp,2020.2.3,MacIntel,60,,,,,,,,,8,cadeña,0,,,0,1,4.08212,0,9,9,7,1,REAL,FALSA
,,,,,,,5fbb445fed317dc4907cfad4,001,2020-12-13_21h54.37.293,lextale_sp,2020.2.3,MacIntel,60,,,,,,,,,43,canela,1,,,1,1,1.12652,0,10,10,42,1,REAL,FALSA
,,,,,,,5fbb445fed317dc4907cfad4,001,2020-12-13_21h54.37.293,lextale_sp,2020.2.3,MacIntel,60,,,,,,,,,41,rebuscar,1,,,1,1,2.366525,0,11,11,40,1,REAL,FALSA
,,,,,,,5fbb445fed317dc4907cfad4,001,2020-12-13_21h54.37.293,lextale_sp,2020.2.3,MacIntel,60,,,,,,,,,20,ávido,1,,,1,1,1.79509,0,12,12,19,1,REAL,FALSA
,,,,,,,5fbb445fed317dc4907cfad4,001,2020-12-13_21h54.37.293,lextale_sp,2020.2.3,MacIntel,60,,,,,,,,,29,decar,0,,,0,1,1.777535,0,13,13,28,1,REAL,FALSA
,,,,,,,5fbb445fed317dc4907cfad4,001,2020-12-13_21h54.37.293,lextale_sp,2020.2.3,MacIntel,60,,,,,,,,,4,batillón,0,,,0,1,3.146815,0,14,14,3,1,REAL,FALSA
,,,,,,,5fbb445fed317dc4907cfad4,001,2020-12-13_21h54.37.293,lextale_sp,2020.2.3,MacIntel,60,,,,,,,,,74,cintro,0,,,0,1,2.49681,0,15,15,73,1,REAL,FALSA
,,,,,,,5fbb445fed317dc4907cfad4,001,2020-12-13_21h54.37.293,lextale_sp,2020.2.3,MacIntel,60,,,,,,,,,89,prisa,1,,,1,1,1.01486,0,16,16,88,1,REAL,FALSA
,,,,,,,5fbb445fed317dc4907cfad4,001,2020-12-13_21h54.37.293,lextale_sp,2020.2.3,MacIntel,60,,,,,,,,,47,cartinar,0,,,0,1,1.161635,0,17,17,46,1,REAL,FALSA
,,,,,,,5fbb445fed317dc4907cfad4,001,2020-12-13_21h54.37.293,lextale_sp,2020.2.3,MacIntel,60,,,,,,,,,38,estornudar,1,,,1,1,1.1477,0,18,18,37,1,REAL,FALSA
,,,,,,,5fbb445fed317dc4907cfad4,001,2020-12-13_21h54.37.293,lextale_sp,2020.2.3,MacIntel,60,,,,,,,,,87,grodo,0,,,0,1,0.927975,0,19,19,86,1,REAL,FALSA
,,,,,,,5fbb445fed317dc4907cfad4,001,2020-12-13_21h54.37.293,lextale_sp,2020.2.3,MacIntel,60,,,,,,,,,70,temblo,0,,,0,1,1.01817,0,20,20,69,1,REAL,FALSA
,,,,,,,5fbb445fed317dc4907cfad4,001,2020-12-13_21h54.37.293,lextale_sp,2020.2.3,MacIntel,60,,,,,,,,,52,camisa,1,,,1,1,0.81143,0,21,21,51,1,REAL,FALSA
,,,,,,,5fbb445fed317dc4907cfad4,001,2020-12-13_21h54.37.293,lextale_sp,2020.2.3,MacIntel,60,,,,,,,,,18,arsa,0,,,0,1,2.948105,0,22,22,17,1,REAL,FALSA
,,,,,,,5fbb445fed317dc4907cfad4,001,2020-12-13_21h54.37.293,lextale_sp,2020.2.3,MacIntel,60,,,,,,,,,48,ladrón,1,,,1,1,0.798515,0,23,23,47,1,REAL,FALSA
,,,,,,,5fbb445fed317dc4907cfad4,001,2020-12-13_21h54.37.293,lextale_sp,2020.2.3,MacIntel,60,,,,,,,,,25,bisagra,1,,,0,0,1.877825,0,24,24,24,1,REAL,FALSA
,,,,,,,5fbb445fed317dc4907cfad4,001,2020-12-13_21h54.37.293,lextale_sp,2020.2.3,MacIntel,60,,,,,,,,,72,pemición,0,,,0,1,1.86622,0,25,25,71,1,REAL,FALSA
,,,,,,,5fbb445fed317dc4907cfad4,001,2020-12-13_21h54.37.293,lextale_sp,2020.2.3,MacIntel,60,,,,,,,,,35,rompido,0,,,0,1,2.815275,0,26,26,34,1,REAL,FALSA
,,,,,,,5fbb445fed317dc4907cfad4,001,2020-12-13_21h54.37.293,lextale_sp,2020.2.3,MacIntel,60,,,,,,,,,69,engatusar,1,,,0,0,5.49543,0,27,27,68,1,REAL,FALSA
,,,,,,,5fbb445fed317dc4907cfad4,001,2020-12-13_21h54.37.293,lextale_sp,2020.2.3,MacIntel,60,,,,,,,,,60,matar,1,,,1,1,0.86464,0,28,28,59,1,REAL,FALSA
,,,,,,,5fbb445fed317dc4907cfad4,001,2020-12-13_21h54.37.293,lextale_sp,2020.2.3,MacIntel,60,,,,,,,,,21,capillo,0,,,0,1,1.5828,0,29,29,20,1,REAL,FALSA
,,,,,,,5fbb445fed317dc4907cfad4,001,2020-12-13_21h54.37.293,lextale_sp,2020.2.3,MacIntel,60,,,,,,,,,66,hacido,0,,,0,1,1.767255,0,30,30,65,1,REAL,FALSA
,,,,,,,5fbb445fed317dc4907cfad4,001,2020-12-13_21h54.37.293,lextale_sp,2020.2.3,MacIntel,60,,,,,,,,,10,antar,0,,,0,1,2.90152,0,31,31,9,1,REAL,FALSA
,,,,,,,5fbb445fed317dc4907cfad4,001,2020-12-13_21h54.37.293,lextale_sp,2020.2.3,MacIntel,60,,,,,,,,,62,flaco,1,,,1,1,0.85026,0,32,32,61,1,REAL,FALSA
,,,,,,,5fbb445fed317dc4907cfad4,001,2020-12-13_21h54.37.293,lextale_sp,2020.2.3,MacIntel,60,,,,,,,,,30,alardio,0,,,1,0,2.650185,0,33,33,29,1,REAL,FALSA
,,,,,,,5fbb445fed317dc4907cfad4,001,2020-12-13_21h54.37.293,lextale_sp,2020.2.3,MacIntel,60,,,,,,,,,19,brecedad,0,,,0,1,1.31251,0,34,34,18,1,REAL,FALSA
,,,,,,,5fbb445fed317dc4907cfad4,001,2020-12-13_21h54.37.293,lextale_sp,2020.2.3,MacIntel,60,,,,,,,,,44,cuchara,1,,,1,1,3.580345,0,35,35,43,1,REAL,FALSA
,,,,,,,5fbb445fed317dc4907cfad4,001,2020-12-13_21h54.37.293,lextale_sp,2020.2.3,MacIntel,60,,,,,,,,,82,empirador,0,,,0,1,3.855395,0,36,36,81,1,REAL,FALSA
,,,,,,,5fbb445fed317dc4907cfad4,001,2020-12-13_21h54.37.293,lextale_sp,2020.2.3,MacIntel,60,,,,,,,,,88,acantilado,1,,,0,0,2.047485,0,37,37,87,1,REAL,FALSA
,,,,,,,5fbb445fed317dc4907cfad4,001,2020-12-13_21h54.37.293,lextale_sp,2020.2.3,MacIntel,60,,,,,,,,,27,acutación,0,,,0,1,3.25021,0,38,38,26,1,REAL,FALSA
,,,,,,,5fbb445fed317dc4907cfad4,001,2020-12-13_21h54.37.293,lextale_sp,2020.2.3,MacIntel,60,,,,,,,,,45,jilguero,1,,,0,0,1.4775,0,39,39,44,1,REAL,FALSA
,,,,,,,5fbb445fed317dc4907cfad4,001,2020-12-13_21h54.37.293,lextale_sp,2020.2.3,MacIntel,60,,,,,,,,,13,helar,1,,,1,1,1.04879,0,40,40,12,1,REAL,FALSA
,,,,,,,5fbb445fed317dc4907cfad4,001,2020-12-13_21h54.37.293,lextale_sp,2020.2.3,MacIntel,60,,,,,,,,,54,fomentar,1,,,1,1,1.45169,0,41,41,53,1,REAL,FALSA
,,,,,,,5fbb445fed317dc4907cfad4,001,2020-12-13_21h54.37.293,lextale_sp,2020.2.3,MacIntel,60,,,,,,,,,15,regar,1,,,0,0,3.89955,0,42,42,14,1,REAL,FALSA
,,,,,,,5fbb445fed317dc4907cfad4,001,2020-12-13_21h54.37.293,lextale_sp,2020.2.3,MacIntel,60,,,,,,,,,68,alegre,1,,,1,1,1.1828,0,43,43,67,1,REAL,FALSA
,,,,,,,5fbb445fed317dc4907cfad4,001,2020-12-13_21h54.37.293,lextale_sp,2020.2.3,MacIntel,60,,,,,,,,,17,floroso,0,,,1,0,4.46646,0,44,44,16,1,REAL,FALSA
,,,,,,,5fbb445fed317dc4907cfad4,001,2020-12-13_21h54.37.293,lextale_sp,2020.2.3,MacIntel,60,,,,,,,,,40,alfombra,1,,,1,1,0.894185,0,45,45,39,1,REAL,FALSA
,,,,,,,5fbb445fed317dc4907cfad4,001,2020-12-13_21h54.37.293,lextale_sp,2020.2.3,MacIntel,60,,,,,,,,,36,loro,1,,,1,1,3.9352,0,46,46,35,1,REAL,FALSA
,,,,,,,5fbb445fed317dc4907cfad4,001,2020-12-13_21h54.37.293,lextale_sp,2020.2.3,MacIntel,60,,,,,,,,,75,yacer,1,,,0,0,1.32852,0,47,47,74,1,REAL,FALSA
,,,,,,,5fbb445fed317dc4907cfad4,001,2020-12-13_21h54.37.293,lextale_sp,2020.2.3,MacIntel,60,,,,,,,,,67,cabello,1,,,1,1,0.750795,0,48,48,66,1,REAL,FALSA
,,,,,,,5fbb445fed317dc4907cfad4,001,2020-12-13_21h54.37.293,lextale_sp,2020.2.3,MacIntel,60,,,,,,,,,64,orgulloso,1,,,1,1,0.65002,0,49,49,63,1,REAL,FALSA
,,,,,,,5fbb445fed317dc4907cfad4,001,2020-12-13_21h54.37.293,lextale_sp,2020.2.3,MacIntel,60,,,,,,,,,46,martillo,1,,,1,1,3.299145,0,50,50,45,1,REAL,FALSA
,,,,,,,5fbb445fed317dc4907cfad4,001,2020-12-13_21h54.37.293,lextale_sp,2020.2.3,MacIntel,60,,,,,,,,,76,atar,1,,,1,1,1.38176,0,51,51,75,1,REAL,FALSA
,,,,,,,5fbb445fed317dc4907cfad4,001,2020-12-13_21h54.37.293,lextale_sp,2020.2.3,MacIntel,60,,,,,,,,,9,hacha,1,,,1,1,1.795005,0,52,52,8,1,REAL,FALSA
,,,,,,,5fbb445fed317dc4907cfad4,001,2020-12-13_21h54.37.293,lextale_sp,2020.2.3,MacIntel,60,,,,,,,,,32,fatacidad,0,,,0,1,1.37944,0,53,53,31,1,REAL,FALSA
,,,,,,,5fbb445fed317dc4907cfad4,001,2020-12-13_21h54.37.293,lextale_sp,2020.2.3,MacIntel,60,,,,,,,,,86,barato,1,,,1,1,1.04914,0,54,54,85,1,REAL,FALSA
,,,,,,,5fbb445fed317dc4907cfad4,001,2020-12-13_21h54.37.293,lextale_sp,2020.2.3,MacIntel,60,,,,,,,,,34,aviso,1,,,1,1,0.99925,0,55,55,33,1,REAL,FALSA
,,,,,,,5fbb445fed317dc4907cfad4,001,2020-12-13_21h54.37.293,lextale_sp,2020.2.3,MacIntel,60,,,,,,,,,2,pellizcar,1,,,0,0,1.86616,0,56,56,1,1,REAL,FALSA
,,,,,,,5fbb445fed317dc4907cfad4,001,2020-12-13_21h54.37.293,lextale_sp,2020.2.3,MacIntel,60,,,,,,,,,84,escuto,0,,,1,0,1.712785,0,57,57,83,1,REAL,FALSA
,,,,,,,5fbb445fed317dc4907cfad4,001,2020-12-13_21h54.37.293,lextale_sp,2020.2.3,MacIntel,60,,,,,,,,,79,tropaje,0,,,0,1,1.2827,0,58,58,78,1,REAL,FALSA
,,,,,,,5fbb445fed317dc4907cfad4,001,2020-12-13_21h54.37.293,lextale_sp,2020.2.3,MacIntel,60,,,,,,,,,49,ganar,1,,,1,1,0.73467,0,59,59,48,1,REAL,FALSA
,,,,,,,5fbb445fed317dc4907cfad4,001,2020-12-13_21h54.37.293,lextale_sp,2020.2.3,MacIntel,60,,,,,,,,,22,lacayo,1,,,0,0,0.994335,0,60,60,21,1,REAL,FALSA
,,,,,,,5fbb445fed317dc4907cfad4,001,2020-12-13_21h54.37.293,lextale_sp,2020.2.3,MacIntel,60,,,,,,,,,42,cadallo,0,,,0,1,1.099135,0,61,61,41,1,REAL,FALSA
,,,,,,,5fbb445fed317dc4907cfad4,001,2020-12-13_21h54.37.293,lextale_sp,2020.2.3,MacIntel,60,,,,,,,,,65,bizcocho,1,,,1,1,1.098545,0,62,62,64,1,REAL,FALSA
,,,,,,,5fbb445fed317dc4907cfad4,001,2020-12-13_21h54.37.293,lextale_sp,2020.2.3,MacIntel,60,,,,,,,,,73,hervidor,1,,,1,1,5.632395,0,63,63,72,1,REAL,FALSA
,,,,,,,5fbb445fed317dc4907cfad4,001,2020-12-13_21h54.37.293,lextale_sp,2020.2.3,MacIntel,60,,,,,,,,,78,frondoso,1,,,0,0,1.117335,0,64,64,77,1,REAL,FALSA
,,,,,,,5fbb445fed317dc4907cfad4,001,2020-12-13_21h54.37.293,lextale_sp,2020.2.3,MacIntel,60,,,,,,,,,28,merodear,1,,,0,0,1.44358,0,65,65,27,1,REAL,FALSA
,,,,,,,5fbb445fed317dc4907cfad4,001,2020-12-13_21h54.37.293,lextale_sp,2020.2.3,MacIntel,60,,,,,,,,,23,lampera,0,,,1,0,1.92021,0,66,66,22,1,REAL,FALSA
,,,,,,,5fbb445fed317dc4907cfad4,001,2020-12-13_21h54.37.293,lextale_sp,2020.2.3,MacIntel,60,,,,,,,,,56,musgo,1,,,0,0,1.36744,0,67,67,55,1,REAL,FALSA
,,,,,,,5fbb445fed317dc4907cfad4,001,2020-12-13_21h54.37.293,lextale_sp,2020.2.3,MacIntel,60,,,,,,,,,55,nevar,1,,,1,1,1.084255,0,68,68,54,1,REAL,FALSA
,,,,,,,5fbb445fed317dc4907cfad4,001,2020-12-13_21h54.37.293,lextale_sp,2020.2.3,MacIntel,60,,,,,,,,,63,esposante,0,,,1,0,1.099805,0,69,69,62,1,REAL,FALSA
,,,,,,,5fbb445fed317dc4907cfad4,001,2020-12-13_21h54.37.293,lextale_sp,2020.2.3,MacIntel,60,,,,,,,,,39,torpe,1,,,1,1,0.717,0,70,70,38,1,REAL,FALSA
,,,,,,,5fbb445fed317dc4907cfad4,001,2020-12-13_21h54.37.293,lextale_sp,2020.2.3,MacIntel,60,,,,,,,,,24,látigo,1,,,1,1,1.21673,0,71,71,23,1,REAL,FALSA
,,,,,,,5fbb445fed317dc4907cfad4,001,2020-12-13_21h54.37.293,lextale_sp,2020.2.3,MacIntel,60,,,,,,,,,80,hormiga,1,,,1,1,0.850075,0,72,72,79,1,REAL,FALSA
,,,,,,,5fbb445fed317dc4907cfad4,001,2020-12-13_21h54.37.293,lextale_sp,2020.2.3,MacIntel,60,,,,,,,,,26,secuestro,1,,,1,1,0.81278,0,73,73,25,1,REAL,FALSA
,,,,,,,5fbb445fed317dc4907cfad4,001,2020-12-13_21h54.37.293,lextale_sp,2020.2.3,MacIntel,60,,,,,,,,,57,tacaño,1,,,1,1,1.1288,0,74,74,56,1,REAL,FALSA
,,,,,,,5fbb445fed317dc4907cfad4,001,2020-12-13_21h54.37.293,lextale_sp,2020.2.3,MacIntel,60,,,,,,,,,33,pauca,0,,,0,1,0.89828,0,75,75,32,1,REAL,FALSA
,,,,,,,5fbb445fed317dc4907cfad4,001,2020-12-13_21h54.37.293,lextale_sp,2020.2.3,MacIntel,60,,,,,,,,,81,pozo,1,,,1,1,1.36726,0,76,76,80,1,REAL,FALSA
,,,,,,,5fbb445fed317dc4907cfad4,001,2020-12-13_21h54.37.293,lextale_sp,2020.2.3,MacIntel,60,,,,,,,,,58,plaudir,0,,,0,1,1.83298,0,77,77,57,1,REAL,FALSA
,,,,,,,5fbb445fed317dc4907cfad4,001,2020-12-13_21h54.37.293,lextale_sp,2020.2.3,MacIntel,60,,,,,,,,,90,clavel,1,,,0,0,4.26748,0,78,78,89,1,REAL,FALSA
,,,,,,,5fbb445fed317dc4907cfad4,001,2020-12-13_21h54.37.293,lextale_sp,2020.2.3,MacIntel,60,,,,,,,,,1,terzo,0,,,0,1,1.649955,0,79,79,0,1,REAL,FALSA
,,,,,,,5fbb445fed317dc4907cfad4,001,2020-12-13_21h54.37.293,lextale_sp,2020.2.3,MacIntel,60,,,,,,,,,71,polvoriento,1,,,0,0,1.516625,0,80,80,70,1,REAL,FALSA
,,,,,,,5fbb445fed317dc4907cfad4,001,2020-12-13_21h54.37.293,lextale_sp,2020.2.3,MacIntel,60,,,,,,,,,53,vegada,0,,,0,1,1.19717,0,81,81,52,1,REAL,FALSA
,,,,,,,5fbb445fed317dc4907cfad4,001,2020-12-13_21h54.37.293,lextale_sp,2020.2.3,MacIntel,60,,,,,,,,,51,candado,1,,,0,0,1.11594,0,82,82,50,1,REAL,FALSA
,,,,,,,5fbb445fed317dc4907cfad4,001,2020-12-13_21h54.37.293,lextale_sp,2020.2.3,MacIntel,60,,,,,,,,,59,besar,1,,,1,1,0.91923,0,83,83,58,1,REAL,FALSA
,,,,,,,5fbb445fed317dc4907cfad4,001,2020-12-13_21h54.37.293,lextale_sp,2020.2.3,MacIntel,60,,,,,,,,,11,cenefa,1,,,0,0,1.22938,0,84,84,10,1,REAL,FALSA
,,,,,,,5fbb445fed317dc4907cfad4,001,2020-12-13_21h54.37.293,lextale_sp,2020.2.3,MacIntel,60,,,,,,,,,14,yunque,1,,,0,0,1.266385,0,85,85,13,1,REAL,FALSA
,,,,,,,5fbb445fed317dc4907cfad4,001,2020-12-13_21h54.37.293,lextale_sp,2020.2.3,MacIntel,60,,,,,,,,,16,abracer,0,,,0,1,3.67963,0,86,86,15,1,REAL,FALSA
,,,,,,,5fbb445fed317dc4907cfad4,001,2020-12-13_21h54.37.293,lextale_sp,2020.2.3,MacIntel,60,,,,,,,,,3,pulmones,1,,,1,1,0.83459,0,87,87,2,1,REAL,FALSA
,,,,,,,5fbb445fed317dc4907cfad4,001,2020-12-13_21h54.37.293,lextale_sp,2020.2.3,MacIntel,60,,,,,,,,,61,seda,1,,,1,1,1.96813,0,88,88,60,1,REAL,FALSA
,,,,,,,5fbb445fed317dc4907cfad4,001,2020-12-13_21h54.37.293,lextale_sp,2020.2.3,MacIntel,60,,,,,,,,,5,zapato,1,,,1,1,0.81591,0,89,89,4,1,REAL,FALSA
