lextale_instructions_loop.thisRepN,lextale_instructions_loop.thisTrialN,lextale_instructions_loop.thisN,lextale_instructions_loop.thisIndex,lextale_instructions_loop.ran,instructions_text,continue_text,participant,session,date,expName,psychopyVersion,OS,frameRate,key_resp_lextale_practice.keys,key_resp_lextale_practice.corr,key_resp_lextale_practice.rt,lextale_practice_trials.thisRepN,lextale_practice_trials.thisTrialN,lextale_practice_trials.thisN,lextale_practice_trials.thisIndex,lextale_practice_trials.ran,stim,word,correct_response,prac_button_real,prac_button_false,key_resp_lextale_trial.keys,key_resp_lextale_trial.corr,key_resp_lextale_trial.rt,lextail_trials.thisRepN,lextail_trials.thisTrialN,lextail_trials.thisN,lextail_trials.thisIndex,lextail_trials.ran,button_real,button_false
0,0,0,0,1,"Este es un test de vocabulario en español. 
  
  A continuación vas a ver 90 secuencias de letras que parecen 'españolas'.
  
  Solo algunas de ellas son palabras de verdad.",(presiona la barra espaciadora para continuar),5fbe5815ac295e370d46b29f,001,2020-12-14_08h54.32.261,lextale_sp,2020.2.3,Win32,60,,,,,,,,,,,,,,,,,,,,,,,
0,1,1,1,1,"Por favor, señala las palabras que tú conoces (aquellas que estás convencido que son palabras españolas, incluso aunque no seas capaz de dar el significado preciso).",(presiona la barra espaciadora para continuar),5fbe5815ac295e370d46b29f,001,2020-12-14_08h54.32.261,lextale_sp,2020.2.3,Win32,60,,,,,,,,,,,,,,,,,,,,,,,
0,2,2,2,1,Pero cuidado: los errores se penalizan. Por eso no tiene sentido tratar de incrementar tu puntuación marcando como reales palabras que nunca has visto.,(presiona la barra espaciadora para continuar),5fbe5815ac295e370d46b29f,001,2020-12-14_08h54.32.261,lextale_sp,2020.2.3,Win32,60,,,,,,,,,,,,,,,,,,,,,,,
0,3,3,3,1,"Presiona la tecla 1 si piensas que es una palabra real y la tecla 
  0 si piensas que es una palabra falsa. 
  
  Vamos a practicar un poco...",(presiona la barra espaciadora para continuar),5fbe5815ac295e370d46b29f,001,2020-12-14_08h54.32.261,lextale_sp,2020.2.3,Win32,60,,,,,,,,,,,,,,,,,,,,,,,
,,,,,,,5fbe5815ac295e370d46b29f,001,2020-12-14_08h54.32.261,lextale_sp,2020.2.3,Win32,60,0,1,5.34965,0,0,0,0,1,0,depiste,0,REAL,FALSA,,,,,,,,,,
,,,,,,,5fbe5815ac295e370d46b29f,001,2020-12-14_08h54.32.261,lextale_sp,2020.2.3,Win32,60,1,1,1.701215,0,1,1,1,1,0,sí,1,REAL,FALSA,,,,,,,,,,
,,,,,,,5fbe5815ac295e370d46b29f,001,2020-12-14_08h54.32.261,lextale_sp,2020.2.3,Win32,60,0,1,3.383715,0,2,2,2,1,0,coné,0,REAL,FALSA,,,,,,,,,,
,,,,,,,5fbe5815ac295e370d46b29f,001,2020-12-14_08h54.32.261,lextale_sp,2020.2.3,Win32,60,1,0,1.36858,0,3,3,3,1,0,calpar,0,REAL,FALSA,,,,,,,,,,
,,,,,,,5fbe5815ac295e370d46b29f,001,2020-12-14_08h54.32.261,lextale_sp,2020.2.3,Win32,60,1,0,1.4184,0,4,4,4,1,0,joten,0,REAL,FALSA,,,,,,,,,,
,,,,,,,5fbe5815ac295e370d46b29f,001,2020-12-14_08h54.32.261,lextale_sp,2020.2.3,Win32,60,1,1,1.817125,0,5,5,5,1,0,sacapuntas,1,REAL,FALSA,,,,,,,,,,
,,,,,,,5fbe5815ac295e370d46b29f,001,2020-12-14_08h54.32.261,lextale_sp,2020.2.3,Win32,60,1,0,1.75064,0,6,6,6,1,0,priba,0,REAL,FALSA,,,,,,,,,,
,,,,,,,5fbe5815ac295e370d46b29f,001,2020-12-14_08h54.32.261,lextale_sp,2020.2.3,Win32,60,1,0,3.417965,0,7,7,7,1,0,pelasula,0,REAL,FALSA,,,,,,,,,,
,,,,,,,5fbe5815ac295e370d46b29f,001,2020-12-14_08h54.32.261,lextale_sp,2020.2.3,Win32,60,1,1,0.867555,0,8,8,8,1,0,bien,1,REAL,FALSA,,,,,,,,,,
,,,,,,,5fbe5815ac295e370d46b29f,001,2020-12-14_08h54.32.261,lextale_sp,2020.2.3,Win32,60,1,1,0.81828,0,9,9,9,1,0,casa,1,REAL,FALSA,,,,,,,,,,
,,,,,,,5fbe5815ac295e370d46b29f,001,2020-12-14_08h54.32.261,lextale_sp,2020.2.3,Win32,60,1,0,0.751335,0,10,10,10,1,0,lejo,0,REAL,FALSA,,,,,,,,,,
,,,,,,,5fbe5815ac295e370d46b29f,001,2020-12-14_08h54.32.261,lextale_sp,2020.2.3,Win32,60,0,1,1.434785,0,11,11,11,1,0,pretantas,0,REAL,FALSA,,,,,,,,,,
,,,,,,,5fbe5815ac295e370d46b29f,001,2020-12-14_08h54.32.261,lextale_sp,2020.2.3,Win32,60,,,,,,,,,46,martillo,1,,,1,1,2.06754,0,0,0,45,1,REAL,FALSA
,,,,,,,5fbe5815ac295e370d46b29f,001,2020-12-14_08h54.32.261,lextale_sp,2020.2.3,Win32,60,,,,,,,,,37,granuja,1,,,0,0,1.53423,0,1,1,36,1,REAL,FALSA
,,,,,,,5fbe5815ac295e370d46b29f,001,2020-12-14_08h54.32.261,lextale_sp,2020.2.3,Win32,60,,,,,,,,,22,lacayo,1,,,0,0,1.36803,0,2,2,21,1,REAL,FALSA
,,,,,,,5fbe5815ac295e370d46b29f,001,2020-12-14_08h54.32.261,lextale_sp,2020.2.3,Win32,60,,,,,,,,,90,clavel,1,,,1,1,0.9842,0,3,3,89,1,REAL,FALSA
,,,,,,,5fbe5815ac295e370d46b29f,001,2020-12-14_08h54.32.261,lextale_sp,2020.2.3,Win32,60,,,,,,,,,23,lampera,0,,,1,0,0.8186,0,4,4,22,1,REAL,FALSA
,,,,,,,5fbe5815ac295e370d46b29f,001,2020-12-14_08h54.32.261,lextale_sp,2020.2.3,Win32,60,,,,,,,,,17,floroso,0,,,1,0,1.467495,0,5,5,16,1,REAL,FALSA
,,,,,,,5fbe5815ac295e370d46b29f,001,2020-12-14_08h54.32.261,lextale_sp,2020.2.3,Win32,60,,,,,,,,,1,terzo,0,,,1,0,2.384335,0,6,6,0,1,REAL,FALSA
,,,,,,,5fbe5815ac295e370d46b29f,001,2020-12-14_08h54.32.261,lextale_sp,2020.2.3,Win32,60,,,,,,,,,32,fatacidad,0,,,0,1,2.35032,0,7,7,31,1,REAL,FALSA
,,,,,,,5fbe5815ac295e370d46b29f,001,2020-12-14_08h54.32.261,lextale_sp,2020.2.3,Win32,60,,,,,,,,,63,esposante,0,,,1,0,0.919465,0,8,8,62,1,REAL,FALSA
,,,,,,,5fbe5815ac295e370d46b29f,001,2020-12-14_08h54.32.261,lextale_sp,2020.2.3,Win32,60,,,,,,,,,84,escuto,0,,,1,0,1.70542,0,9,9,83,1,REAL,FALSA
,,,,,,,5fbe5815ac295e370d46b29f,001,2020-12-14_08h54.32.261,lextale_sp,2020.2.3,Win32,60,,,,,,,,,3,pulmones,1,,,1,1,0.835225,0,10,10,2,1,REAL,FALSA
,,,,,,,5fbe5815ac295e370d46b29f,001,2020-12-14_08h54.32.261,lextale_sp,2020.2.3,Win32,60,,,,,,,,,69,engatusar,1,,,0,0,1.966825,0,11,11,68,1,REAL,FALSA
,,,,,,,5fbe5815ac295e370d46b29f,001,2020-12-14_08h54.32.261,lextale_sp,2020.2.3,Win32,60,,,,,,,,,66,hacido,0,,,1,0,1.987315,0,12,12,65,1,REAL,FALSA
,,,,,,,5fbe5815ac295e370d46b29f,001,2020-12-14_08h54.32.261,lextale_sp,2020.2.3,Win32,60,,,,,,,,,53,vegada,0,,,0,1,0.842375,0,13,13,52,1,REAL,FALSA
,,,,,,,5fbe5815ac295e370d46b29f,001,2020-12-14_08h54.32.261,lextale_sp,2020.2.3,Win32,60,,,,,,,,,15,regar,1,,,1,1,0.754895,0,14,14,14,1,REAL,FALSA
,,,,,,,5fbe5815ac295e370d46b29f,001,2020-12-14_08h54.32.261,lextale_sp,2020.2.3,Win32,60,,,,,,,,,19,brecedad,0,,,1,0,1.523515,0,15,15,18,1,REAL,FALSA
,,,,,,,5fbe5815ac295e370d46b29f,001,2020-12-14_08h54.32.261,lextale_sp,2020.2.3,Win32,60,,,,,,,,,72,pemición,0,,,0,1,3.333225,0,16,16,71,1,REAL,FALSA
,,,,,,,5fbe5815ac295e370d46b29f,001,2020-12-14_08h54.32.261,lextale_sp,2020.2.3,Win32,60,,,,,,,,,35,rompido,0,,,1,0,1.33426,0,17,17,34,1,REAL,FALSA
,,,,,,,5fbe5815ac295e370d46b29f,001,2020-12-14_08h54.32.261,lextale_sp,2020.2.3,Win32,60,,,,,,,,,33,pauca,0,,,0,1,3.72059,0,18,18,32,1,REAL,FALSA
,,,,,,,5fbe5815ac295e370d46b29f,001,2020-12-14_08h54.32.261,lextale_sp,2020.2.3,Win32,60,,,,,,,,,11,cenefa,1,,,0,0,1.256005,0,19,19,10,1,REAL,FALSA
,,,,,,,5fbe5815ac295e370d46b29f,001,2020-12-14_08h54.32.261,lextale_sp,2020.2.3,Win32,60,,,,,,,,,5,zapato,1,,,1,1,1.103035,0,20,20,4,1,REAL,FALSA
,,,,,,,5fbe5815ac295e370d46b29f,001,2020-12-14_08h54.32.261,lextale_sp,2020.2.3,Win32,60,,,,,,,,,25,bisagra,1,,,0,0,1.920045,0,21,21,24,1,REAL,FALSA
,,,,,,,5fbe5815ac295e370d46b29f,001,2020-12-14_08h54.32.261,lextale_sp,2020.2.3,Win32,60,,,,,,,,,40,alfombra,1,,,1,1,0.68439,0,22,22,39,1,REAL,FALSA
,,,,,,,5fbe5815ac295e370d46b29f,001,2020-12-14_08h54.32.261,lextale_sp,2020.2.3,Win32,60,,,,,,,,,85,laúd,1,,,0,0,0.904475,0,23,23,84,1,REAL,FALSA
,,,,,,,5fbe5815ac295e370d46b29f,001,2020-12-14_08h54.32.261,lextale_sp,2020.2.3,Win32,60,,,,,,,,,47,cartinar,0,,,0,1,34.40542,0,24,24,46,1,REAL,FALSA
,,,,,,,5fbe5815ac295e370d46b29f,001,2020-12-14_08h54.32.261,lextale_sp,2020.2.3,Win32,60,,,,,,,,,51,candado,1,,,1,1,5.15849,0,25,25,50,1,REAL,FALSA
,,,,,,,5fbe5815ac295e370d46b29f,001,2020-12-14_08h54.32.261,lextale_sp,2020.2.3,Win32,60,,,,,,,,,77,tiburón,1,,,1,1,5.25155,0,26,26,76,1,REAL,FALSA
,,,,,,,5fbe5815ac295e370d46b29f,001,2020-12-14_08h54.32.261,lextale_sp,2020.2.3,Win32,60,,,,,,,,,41,rebuscar,1,,,1,1,2.227825,0,27,27,40,1,REAL,FALSA
,,,,,,,5fbe5815ac295e370d46b29f,001,2020-12-14_08h54.32.261,lextale_sp,2020.2.3,Win32,60,,,,,,,,,10,antar,0,,,0,1,4.57047,0,28,28,9,1,REAL,FALSA
,,,,,,,5fbe5815ac295e370d46b29f,001,2020-12-14_08h54.32.261,lextale_sp,2020.2.3,Win32,60,,,,,,,,,12,asesinato,1,,,1,1,6.498885,0,29,29,11,1,REAL,FALSA
,,,,,,,5fbe5815ac295e370d46b29f,001,2020-12-14_08h54.32.261,lextale_sp,2020.2.3,Win32,60,,,,,,,,,83,guante,1,,,1,1,4.6411,0,30,30,82,1,REAL,FALSA
,,,,,,,5fbe5815ac295e370d46b29f,001,2020-12-14_08h54.32.261,lextale_sp,2020.2.3,Win32,60,,,,,,,,,86,barato,1,,,1,1,0.977715,0,31,31,85,1,REAL,FALSA
,,,,,,,5fbe5815ac295e370d46b29f,001,2020-12-14_08h54.32.261,lextale_sp,2020.2.3,Win32,60,,,,,,,,,49,ganar,1,,,1,1,0.65124,0,32,32,48,1,REAL,FALSA
,,,,,,,5fbe5815ac295e370d46b29f,001,2020-12-14_08h54.32.261,lextale_sp,2020.2.3,Win32,60,,,,,,,,,38,estornudar,1,,,1,1,6.17577,0,33,33,37,1,REAL,FALSA
,,,,,,,5fbe5815ac295e370d46b29f,001,2020-12-14_08h54.32.261,lextale_sp,2020.2.3,Win32,60,,,,,,,,,57,tacaño,1,,,1,1,4.46623,0,34,34,56,1,REAL,FALSA
,,,,,,,5fbe5815ac295e370d46b29f,001,2020-12-14_08h54.32.261,lextale_sp,2020.2.3,Win32,60,,,,,,,,,50,flamida,0,,,0,1,6.17783,0,35,35,49,1,REAL,FALSA
,,,,,,,5fbe5815ac295e370d46b29f,001,2020-12-14_08h54.32.261,lextale_sp,2020.2.3,Win32,60,,,,,,,,,18,arsa,0,,,0,1,4.83348,0,36,36,17,1,REAL,FALSA
,,,,,,,5fbe5815ac295e370d46b29f,001,2020-12-14_08h54.32.261,lextale_sp,2020.2.3,Win32,60,,,,,,,,,64,orgulloso,1,,,1,1,0.78413,0,37,37,63,1,REAL,FALSA
,,,,,,,5fbe5815ac295e370d46b29f,001,2020-12-14_08h54.32.261,lextale_sp,2020.2.3,Win32,60,,,,,,,,,14,yunque,1,,,0,0,1.53368,0,38,38,13,1,REAL,FALSA
,,,,,,,5fbe5815ac295e370d46b29f,001,2020-12-14_08h54.32.261,lextale_sp,2020.2.3,Win32,60,,,,,,,,,31,pandilla,1,,,1,1,4.557975,0,39,39,30,1,REAL,FALSA
,,,,,,,5fbe5815ac295e370d46b29f,001,2020-12-14_08h54.32.261,lextale_sp,2020.2.3,Win32,60,,,,,,,,,9,hacha,1,,,1,1,3.88285,0,40,40,8,1,REAL,FALSA
,,,,,,,5fbe5815ac295e370d46b29f,001,2020-12-14_08h54.32.261,lextale_sp,2020.2.3,Win32,60,,,,,,,,,43,canela,1,,,1,1,1.145045,0,41,41,42,1,REAL,FALSA
,,,,,,,5fbe5815ac295e370d46b29f,001,2020-12-14_08h54.32.261,lextale_sp,2020.2.3,Win32,60,,,,,,,,,16,abracer,0,,,0,1,8.44382,0,42,42,15,1,REAL,FALSA
,,,,,,,5fbe5815ac295e370d46b29f,001,2020-12-14_08h54.32.261,lextale_sp,2020.2.3,Win32,60,,,,,,,,,28,merodear,1,,,1,1,4.38397,0,43,43,27,1,REAL,FALSA
,,,,,,,5fbe5815ac295e370d46b29f,001,2020-12-14_08h54.32.261,lextale_sp,2020.2.3,Win32,60,,,,,,,,,88,acantilado,1,,,0,0,3.274685,0,44,44,87,1,REAL,FALSA
,,,,,,,5fbe5815ac295e370d46b29f,001,2020-12-14_08h54.32.261,lextale_sp,2020.2.3,Win32,60,,,,,,,,,60,matar,1,,,1,1,0.5326,0,45,45,59,1,REAL,FALSA
,,,,,,,5fbe5815ac295e370d46b29f,001,2020-12-14_08h54.32.261,lextale_sp,2020.2.3,Win32,60,,,,,,,,,27,acutación,0,,,0,1,3.319235,0,46,46,26,1,REAL,FALSA
,,,,,,,5fbe5815ac295e370d46b29f,001,2020-12-14_08h54.32.261,lextale_sp,2020.2.3,Win32,60,,,,,,,,,71,polvoriento,1,,,0,0,10.19804,0,47,47,70,1,REAL,FALSA
,,,,,,,5fbe5815ac295e370d46b29f,001,2020-12-14_08h54.32.261,lextale_sp,2020.2.3,Win32,60,,,,,,,,,74,cintro,0,,,0,1,5.28679,0,48,48,73,1,REAL,FALSA
,,,,,,,5fbe5815ac295e370d46b29f,001,2020-12-14_08h54.32.261,lextale_sp,2020.2.3,Win32,60,,,,,,,,,42,cadallo,0,,,0,1,5.62792,0,49,49,41,1,REAL,FALSA
,,,,,,,5fbe5815ac295e370d46b29f,001,2020-12-14_08h54.32.261,lextale_sp,2020.2.3,Win32,60,,,,,,,,,54,fomentar,1,,,1,1,0.707455,0,50,50,53,1,REAL,FALSA
,,,,,,,5fbe5815ac295e370d46b29f,001,2020-12-14_08h54.32.261,lextale_sp,2020.2.3,Win32,60,,,,,,,,,8,cadeña,0,,,1,0,1.005555,0,51,51,7,1,REAL,FALSA
,,,,,,,5fbe5815ac295e370d46b29f,001,2020-12-14_08h54.32.261,lextale_sp,2020.2.3,Win32,60,,,,,,,,,68,alegre,1,,,1,1,1.00859,0,52,52,67,1,REAL,FALSA
,,,,,,,5fbe5815ac295e370d46b29f,001,2020-12-14_08h54.32.261,lextale_sp,2020.2.3,Win32,60,,,,,,,,,67,cabello,1,,,1,1,0.600845,0,53,53,66,1,REAL,FALSA
,,,,,,,5fbe5815ac295e370d46b29f,001,2020-12-14_08h54.32.261,lextale_sp,2020.2.3,Win32,60,,,,,,,,,80,hormiga,1,,,1,1,4.484035,0,54,54,79,1,REAL,FALSA
,,,,,,,5fbe5815ac295e370d46b29f,001,2020-12-14_08h54.32.261,lextale_sp,2020.2.3,Win32,60,,,,,,,,,52,camisa,1,,,1,1,0.578605,0,55,55,51,1,REAL,FALSA
,,,,,,,5fbe5815ac295e370d46b29f,001,2020-12-14_08h54.32.261,lextale_sp,2020.2.3,Win32,60,,,,,,,,,48,ladrón,1,,,1,1,1.123855,0,56,56,47,1,REAL,FALSA
,,,,,,,5fbe5815ac295e370d46b29f,001,2020-12-14_08h54.32.261,lextale_sp,2020.2.3,Win32,60,,,,,,,,,76,atar,1,,,1,1,3.50008,0,57,57,75,1,REAL,FALSA
,,,,,,,5fbe5815ac295e370d46b29f,001,2020-12-14_08h54.32.261,lextale_sp,2020.2.3,Win32,60,,,,,,,,,79,tropaje,0,,,0,1,5.283875,0,58,58,78,1,REAL,FALSA
,,,,,,,5fbe5815ac295e370d46b29f,001,2020-12-14_08h54.32.261,lextale_sp,2020.2.3,Win32,60,,,,,,,,,55,nevar,1,,,1,1,1.21729,0,59,59,54,1,REAL,FALSA
,,,,,,,5fbe5815ac295e370d46b29f,001,2020-12-14_08h54.32.261,lextale_sp,2020.2.3,Win32,60,,,,,,,,,29,decar,0,,,0,1,3.250185,0,60,60,28,1,REAL,FALSA
,,,,,,,5fbe5815ac295e370d46b29f,001,2020-12-14_08h54.32.261,lextale_sp,2020.2.3,Win32,60,,,,,,,,,24,látigo,1,,,1,1,4.21573,0,61,61,23,1,REAL,FALSA
,,,,,,,5fbe5815ac295e370d46b29f,001,2020-12-14_08h54.32.261,lextale_sp,2020.2.3,Win32,60,,,,,,,,,82,empirador,0,,,0,1,6.434385,0,62,62,81,1,REAL,FALSA
,,,,,,,5fbe5815ac295e370d46b29f,001,2020-12-14_08h54.32.261,lextale_sp,2020.2.3,Win32,60,,,,,,,,,73,hervidor,1,,,1,1,4.848585,0,63,63,72,1,REAL,FALSA
,,,,,,,5fbe5815ac295e370d46b29f,001,2020-12-14_08h54.32.261,lextale_sp,2020.2.3,Win32,60,,,,,,,,,20,ávido,1,,,1,1,3.41752,0,64,64,19,1,REAL,FALSA
,,,,,,,5fbe5815ac295e370d46b29f,001,2020-12-14_08h54.32.261,lextale_sp,2020.2.3,Win32,60,,,,,,,,,89,prisa,1,,,1,1,1.877815,0,65,65,88,1,REAL,FALSA
,,,,,,,5fbe5815ac295e370d46b29f,001,2020-12-14_08h54.32.261,lextale_sp,2020.2.3,Win32,60,,,,,,,,,34,aviso,1,,,1,1,1.668,0,66,66,33,1,REAL,FALSA
,,,,,,,5fbe5815ac295e370d46b29f,001,2020-12-14_08h54.32.261,lextale_sp,2020.2.3,Win32,60,,,,,,,,,81,pozo,1,,,1,1,3.250365,0,67,67,80,1,REAL,FALSA
,,,,,,,5fbe5815ac295e370d46b29f,001,2020-12-14_08h54.32.261,lextale_sp,2020.2.3,Win32,60,,,,,,,,,2,pellizcar,1,,,0,0,1.77036,0,68,68,1,1,REAL,FALSA
,,,,,,,5fbe5815ac295e370d46b29f,001,2020-12-14_08h54.32.261,lextale_sp,2020.2.3,Win32,60,,,,,,,,,61,seda,1,,,1,1,1.03405,0,69,69,60,1,REAL,FALSA
,,,,,,,5fbe5815ac295e370d46b29f,001,2020-12-14_08h54.32.261,lextale_sp,2020.2.3,Win32,60,,,,,,,,,78,frondoso,1,,,1,1,4.566355,0,70,70,77,1,REAL,FALSA
,,,,,,,5fbe5815ac295e370d46b29f,001,2020-12-14_08h54.32.261,lextale_sp,2020.2.3,Win32,60,,,,,,,,,26,secuestro,1,,,1,1,0.76816,0,71,71,25,1,REAL,FALSA
,,,,,,,5fbe5815ac295e370d46b29f,001,2020-12-14_08h54.32.261,lextale_sp,2020.2.3,Win32,60,,,,,,,,,30,alardio,0,,,0,1,1.242145,0,72,72,29,1,REAL,FALSA
,,,,,,,5fbe5815ac295e370d46b29f,001,2020-12-14_08h54.32.261,lextale_sp,2020.2.3,Win32,60,,,,,,,,,65,bizcocho,1,,,1,1,5.56125,0,73,73,64,1,REAL,FALSA
,,,,,,,5fbe5815ac295e370d46b29f,001,2020-12-14_08h54.32.261,lextale_sp,2020.2.3,Win32,60,,,,,,,,,21,capillo,0,,,0,1,6.21621,0,74,74,20,1,REAL,FALSA
,,,,,,,5fbe5815ac295e370d46b29f,001,2020-12-14_08h54.32.261,lextale_sp,2020.2.3,Win32,60,,,,,,,,,13,helar,1,,,1,1,1.500655,0,75,75,12,1,REAL,FALSA
,,,,,,,5fbe5815ac295e370d46b29f,001,2020-12-14_08h54.32.261,lextale_sp,2020.2.3,Win32,60,,,,,,,,,62,flaco,1,,,1,1,0.566695,0,76,76,61,1,REAL,FALSA
,,,,,,,5fbe5815ac295e370d46b29f,001,2020-12-14_08h54.32.261,lextale_sp,2020.2.3,Win32,60,,,,,,,,,36,loro,1,,,1,1,3.666965,0,77,77,35,1,REAL,FALSA
,,,,,,,5fbe5815ac295e370d46b29f,001,2020-12-14_08h54.32.261,lextale_sp,2020.2.3,Win32,60,,,,,,,,,56,musgo,1,,,1,1,4.93784,0,78,78,55,1,REAL,FALSA
,,,,,,,5fbe5815ac295e370d46b29f,001,2020-12-14_08h54.32.261,lextale_sp,2020.2.3,Win32,60,,,,,,,,,45,jilguero,1,,,1,1,6.190725,0,79,79,44,1,REAL,FALSA
,,,,,,,5fbe5815ac295e370d46b29f,001,2020-12-14_08h54.32.261,lextale_sp,2020.2.3,Win32,60,,,,,,,,,75,yacer,1,,,1,1,3.094255,0,80,80,74,1,REAL,FALSA
,,,,,,,5fbe5815ac295e370d46b29f,001,2020-12-14_08h54.32.261,lextale_sp,2020.2.3,Win32,60,,,,,,,,,70,temblo,0,,,0,1,7.65864,0,81,81,69,1,REAL,FALSA
,,,,,,,5fbe5815ac295e370d46b29f,001,2020-12-14_08h54.32.261,lextale_sp,2020.2.3,Win32,60,,,,,,,,,87,grodo,0,,,0,1,5.15522,0,82,82,86,1,REAL,FALSA
,,,,,,,5fbe5815ac295e370d46b29f,001,2020-12-14_08h54.32.261,lextale_sp,2020.2.3,Win32,60,,,,,,,,,58,plaudir,0,,,0,1,1.30127,0,83,83,57,1,REAL,FALSA
,,,,,,,5fbe5815ac295e370d46b29f,001,2020-12-14_08h54.32.261,lextale_sp,2020.2.3,Win32,60,,,,,,,,,4,batillón,0,,,1,0,0.55342,0,84,84,3,1,REAL,FALSA
,,,,,,,5fbe5815ac295e370d46b29f,001,2020-12-14_08h54.32.261,lextale_sp,2020.2.3,Win32,60,,,,,,,,,44,cuchara,1,,,1,1,0.823245,0,85,85,43,1,REAL,FALSA
,,,,,,,5fbe5815ac295e370d46b29f,001,2020-12-14_08h54.32.261,lextale_sp,2020.2.3,Win32,60,,,,,,,,,6,tergiversar,1,,,1,1,6.49927,0,86,86,5,1,REAL,FALSA
,,,,,,,5fbe5815ac295e370d46b29f,001,2020-12-14_08h54.32.261,lextale_sp,2020.2.3,Win32,60,,,,,,,,,7,pésimo,1,,,1,1,3.42699,0,87,87,6,1,REAL,FALSA
,,,,,,,5fbe5815ac295e370d46b29f,001,2020-12-14_08h54.32.261,lextale_sp,2020.2.3,Win32,60,,,,,,,,,59,besar,1,,,1,1,1.07271,0,88,88,58,1,REAL,FALSA
,,,,,,,5fbe5815ac295e370d46b29f,001,2020-12-14_08h54.32.261,lextale_sp,2020.2.3,Win32,60,,,,,,,,,39,torpe,1,,,1,1,0.757495,0,89,89,38,1,REAL,FALSA
