lextale_instructions_loop.thisRepN,lextale_instructions_loop.thisTrialN,lextale_instructions_loop.thisN,lextale_instructions_loop.thisIndex,lextale_instructions_loop.ran,instructions_text,continue_text,participant,session,date,expName,psychopyVersion,OS,frameRate,key_resp_lextale_practice.keys,key_resp_lextale_practice.corr,key_resp_lextale_practice.rt,lextale_practice_trials.thisRepN,lextale_practice_trials.thisTrialN,lextale_practice_trials.thisN,lextale_practice_trials.thisIndex,lextale_practice_trials.ran,stim,word,correct_response,prac_button_real,prac_button_false,key_resp_lextale_trial.keys,key_resp_lextale_trial.corr,key_resp_lextale_trial.rt,lextail_trials.thisRepN,lextail_trials.thisTrialN,lextail_trials.thisN,lextail_trials.thisIndex,lextail_trials.ran,button_real,button_false
0,0,0,0,1,"Este es un test de vocabulario en español. 
  
  A continuación vas a ver 90 secuencias de letras que parecen 'españolas'.
  
  Solo algunas de ellas son palabras de verdad.",(presiona la barra espaciadora para continuar),5fcb21b003aca580eb04ec18,001,2020-12-14_00h56.33.589,lextale_sp,2020.2.3,Win32,60,,,,,,,,,,,,,,,,,,,,,,,
0,1,1,1,1,"Por favor, señala las palabras que tú conoces (aquellas que estás convencido que son palabras españolas, incluso aunque no seas capaz de dar el significado preciso).",(presiona la barra espaciadora para continuar),5fcb21b003aca580eb04ec18,001,2020-12-14_00h56.33.589,lextale_sp,2020.2.3,Win32,60,,,,,,,,,,,,,,,,,,,,,,,
0,2,2,2,1,Pero cuidado: los errores se penalizan. Por eso no tiene sentido tratar de incrementar tu puntuación marcando como reales palabras que nunca has visto.,(presiona la barra espaciadora para continuar),5fcb21b003aca580eb04ec18,001,2020-12-14_00h56.33.589,lextale_sp,2020.2.3,Win32,60,,,,,,,,,,,,,,,,,,,,,,,
0,3,3,3,1,"Presiona la tecla 1 si piensas que es una palabra real y la tecla 
  0 si piensas que es una palabra falsa. 
  
  Vamos a practicar un poco...",(presiona la barra espaciadora para continuar),5fcb21b003aca580eb04ec18,001,2020-12-14_00h56.33.589,lextale_sp,2020.2.3,Win32,60,,,,,,,,,,,,,,,,,,,,,,,
,,,,,,,5fcb21b003aca580eb04ec18,001,2020-12-14_00h56.33.589,lextale_sp,2020.2.3,Win32,60,0,1,10.16448,0,0,0,0,1,0,depiste,0,REAL,FALSA,,,,,,,,,,
,,,,,,,5fcb21b003aca580eb04ec18,001,2020-12-14_00h56.33.589,lextale_sp,2020.2.3,Win32,60,1,1,1.028295,0,1,1,1,1,0,sí,1,REAL,FALSA,,,,,,,,,,
,,,,,,,5fcb21b003aca580eb04ec18,001,2020-12-14_00h56.33.589,lextale_sp,2020.2.3,Win32,60,1,0,1.27304,0,2,2,2,1,0,coné,0,REAL,FALSA,,,,,,,,,,
,,,,,,,5fcb21b003aca580eb04ec18,001,2020-12-14_00h56.33.589,lextale_sp,2020.2.3,Win32,60,0,1,1.113335,0,3,3,3,1,0,calpar,0,REAL,FALSA,,,,,,,,,,
,,,,,,,5fcb21b003aca580eb04ec18,001,2020-12-14_00h56.33.589,lextale_sp,2020.2.3,Win32,60,1,0,1.2212,0,4,4,4,1,0,joten,0,REAL,FALSA,,,,,,,,,,
,,,,,,,5fcb21b003aca580eb04ec18,001,2020-12-14_00h56.33.589,lextale_sp,2020.2.3,Win32,60,1,1,1.66582,0,5,5,5,1,0,sacapuntas,1,REAL,FALSA,,,,,,,,,,
,,,,,,,5fcb21b003aca580eb04ec18,001,2020-12-14_00h56.33.589,lextale_sp,2020.2.3,Win32,60,0,1,1.31604,0,6,6,6,1,0,priba,0,REAL,FALSA,,,,,,,,,,
,,,,,,,5fcb21b003aca580eb04ec18,001,2020-12-14_00h56.33.589,lextale_sp,2020.2.3,Win32,60,1,0,2.46972,0,7,7,7,1,0,pelasula,0,REAL,FALSA,,,,,,,,,,
,,,,,,,5fcb21b003aca580eb04ec18,001,2020-12-14_00h56.33.589,lextale_sp,2020.2.3,Win32,60,1,1,0.853755,0,8,8,8,1,0,bien,1,REAL,FALSA,,,,,,,,,,
,,,,,,,5fcb21b003aca580eb04ec18,001,2020-12-14_00h56.33.589,lextale_sp,2020.2.3,Win32,60,1,1,0.90374,0,9,9,9,1,0,casa,1,REAL,FALSA,,,,,,,,,,
,,,,,,,5fcb21b003aca580eb04ec18,001,2020-12-14_00h56.33.589,lextale_sp,2020.2.3,Win32,60,1,0,1.35481,0,10,10,10,1,0,lejo,0,REAL,FALSA,,,,,,,,,,
,,,,,,,5fcb21b003aca580eb04ec18,001,2020-12-14_00h56.33.589,lextale_sp,2020.2.3,Win32,60,1,0,6.119865,0,11,11,11,1,0,pretantas,0,REAL,FALSA,,,,,,,,,,
,,,,,,,5fcb21b003aca580eb04ec18,001,2020-12-14_00h56.33.589,lextale_sp,2020.2.3,Win32,60,,,,,,,,,38,estornudar,1,,,1,1,3.57335,0,0,0,37,1,REAL,FALSA
,,,,,,,5fcb21b003aca580eb04ec18,001,2020-12-14_00h56.33.589,lextale_sp,2020.2.3,Win32,60,,,,,,,,,39,torpe,1,,,0,0,1.680635,0,1,1,38,1,REAL,FALSA
,,,,,,,5fcb21b003aca580eb04ec18,001,2020-12-14_00h56.33.589,lextale_sp,2020.2.3,Win32,60,,,,,,,,,4,batillón,0,,,1,0,2.07899,0,2,2,3,1,REAL,FALSA
,,,,,,,5fcb21b003aca580eb04ec18,001,2020-12-14_00h56.33.589,lextale_sp,2020.2.3,Win32,60,,,,,,,,,28,merodear,1,,,0,0,2.38895,0,3,3,27,1,REAL,FALSA
,,,,,,,5fcb21b003aca580eb04ec18,001,2020-12-14_00h56.33.589,lextale_sp,2020.2.3,Win32,60,,,,,,,,,49,ganar,1,,,1,1,2.062065,0,4,4,48,1,REAL,FALSA
,,,,,,,5fcb21b003aca580eb04ec18,001,2020-12-14_00h56.33.589,lextale_sp,2020.2.3,Win32,60,,,,,,,,,20,ávido,1,,,1,1,2.61053,0,5,5,19,1,REAL,FALSA
,,,,,,,5fcb21b003aca580eb04ec18,001,2020-12-14_00h56.33.589,lextale_sp,2020.2.3,Win32,60,,,,,,,,,35,rompido,0,,,0,1,2.05644,0,6,6,34,1,REAL,FALSA
,,,,,,,5fcb21b003aca580eb04ec18,001,2020-12-14_00h56.33.589,lextale_sp,2020.2.3,Win32,60,,,,,,,,,27,acutación,0,,,1,0,2.45242,0,7,7,26,1,REAL,FALSA
,,,,,,,5fcb21b003aca580eb04ec18,001,2020-12-14_00h56.33.589,lextale_sp,2020.2.3,Win32,60,,,,,,,,,23,lampera,0,,,1,0,1.96505,0,8,8,22,1,REAL,FALSA
,,,,,,,5fcb21b003aca580eb04ec18,001,2020-12-14_00h56.33.589,lextale_sp,2020.2.3,Win32,60,,,,,,,,,80,hormiga,1,,,0,0,1.286,0,9,9,79,1,REAL,FALSA
,,,,,,,5fcb21b003aca580eb04ec18,001,2020-12-14_00h56.33.589,lextale_sp,2020.2.3,Win32,60,,,,,,,,,68,alegre,1,,,0,0,2.462725,0,10,10,67,1,REAL,FALSA
,,,,,,,5fcb21b003aca580eb04ec18,001,2020-12-14_00h56.33.589,lextale_sp,2020.2.3,Win32,60,,,,,,,,,75,yacer,1,,,0,0,1.796625,0,11,11,74,1,REAL,FALSA
,,,,,,,5fcb21b003aca580eb04ec18,001,2020-12-14_00h56.33.589,lextale_sp,2020.2.3,Win32,60,,,,,,,,,24,látigo,1,,,1,1,1.596625,0,12,12,23,1,REAL,FALSA
,,,,,,,5fcb21b003aca580eb04ec18,001,2020-12-14_00h56.33.589,lextale_sp,2020.2.3,Win32,60,,,,,,,,,59,besar,1,,,1,1,1.570725,0,13,13,58,1,REAL,FALSA
,,,,,,,5fcb21b003aca580eb04ec18,001,2020-12-14_00h56.33.589,lextale_sp,2020.2.3,Win32,60,,,,,,,,,82,empirador,0,,,1,0,2.276045,0,14,14,81,1,REAL,FALSA
,,,,,,,5fcb21b003aca580eb04ec18,001,2020-12-14_00h56.33.589,lextale_sp,2020.2.3,Win32,60,,,,,,,,,7,pésimo,1,,,1,1,3.806185,0,15,15,6,1,REAL,FALSA
,,,,,,,5fcb21b003aca580eb04ec18,001,2020-12-14_00h56.33.589,lextale_sp,2020.2.3,Win32,60,,,,,,,,,42,cadallo,0,,,0,1,1.47754,0,16,16,41,1,REAL,FALSA
,,,,,,,5fcb21b003aca580eb04ec18,001,2020-12-14_00h56.33.589,lextale_sp,2020.2.3,Win32,60,,,,,,,,,46,martillo,1,,,0,0,2.09869,0,17,17,45,1,REAL,FALSA
,,,,,,,5fcb21b003aca580eb04ec18,001,2020-12-14_00h56.33.589,lextale_sp,2020.2.3,Win32,60,,,,,,,,,77,tiburón,1,,,1,1,1.32346,0,18,18,76,1,REAL,FALSA
,,,,,,,5fcb21b003aca580eb04ec18,001,2020-12-14_00h56.33.589,lextale_sp,2020.2.3,Win32,60,,,,,,,,,83,guante,1,,,0,0,2.052735,0,19,19,82,1,REAL,FALSA
,,,,,,,5fcb21b003aca580eb04ec18,001,2020-12-14_00h56.33.589,lextale_sp,2020.2.3,Win32,60,,,,,,,,,1,terzo,0,,,1,0,1.561255,0,20,20,0,1,REAL,FALSA
,,,,,,,5fcb21b003aca580eb04ec18,001,2020-12-14_00h56.33.589,lextale_sp,2020.2.3,Win32,60,,,,,,,,,47,cartinar,0,,,1,0,1.70998,0,21,21,46,1,REAL,FALSA
,,,,,,,5fcb21b003aca580eb04ec18,001,2020-12-14_00h56.33.589,lextale_sp,2020.2.3,Win32,60,,,,,,,,,41,rebuscar,1,,,1,1,1.69184,0,22,22,40,1,REAL,FALSA
,,,,,,,5fcb21b003aca580eb04ec18,001,2020-12-14_00h56.33.589,lextale_sp,2020.2.3,Win32,60,,,,,,,,,67,cabello,1,,,0,0,2.32194,0,23,23,66,1,REAL,FALSA
,,,,,,,5fcb21b003aca580eb04ec18,001,2020-12-14_00h56.33.589,lextale_sp,2020.2.3,Win32,60,,,,,,,,,62,flaco,1,,,0,0,2.290665,0,24,24,61,1,REAL,FALSA
,,,,,,,5fcb21b003aca580eb04ec18,001,2020-12-14_00h56.33.589,lextale_sp,2020.2.3,Win32,60,,,,,,,,,26,secuestro,1,,,1,1,2.417195,0,25,25,25,1,REAL,FALSA
,,,,,,,5fcb21b003aca580eb04ec18,001,2020-12-14_00h56.33.589,lextale_sp,2020.2.3,Win32,60,,,,,,,,,40,alfombra,1,,,0,0,2.020075,0,26,26,39,1,REAL,FALSA
,,,,,,,5fcb21b003aca580eb04ec18,001,2020-12-14_00h56.33.589,lextale_sp,2020.2.3,Win32,60,,,,,,,,,70,temblo,0,,,0,1,2.511955,0,27,27,69,1,REAL,FALSA
,,,,,,,5fcb21b003aca580eb04ec18,001,2020-12-14_00h56.33.589,lextale_sp,2020.2.3,Win32,60,,,,,,,,,14,yunque,1,,,0,0,1.99776,0,28,28,13,1,REAL,FALSA
,,,,,,,5fcb21b003aca580eb04ec18,001,2020-12-14_00h56.33.589,lextale_sp,2020.2.3,Win32,60,,,,,,,,,25,bisagra,1,,,1,1,4.036345,0,29,29,24,1,REAL,FALSA
,,,,,,,5fcb21b003aca580eb04ec18,001,2020-12-14_00h56.33.589,lextale_sp,2020.2.3,Win32,60,,,,,,,,,69,engatusar,1,,,1,1,3.55115,0,30,30,68,1,REAL,FALSA
,,,,,,,5fcb21b003aca580eb04ec18,001,2020-12-14_00h56.33.589,lextale_sp,2020.2.3,Win32,60,,,,,,,,,2,pellizcar,1,,,1,1,4.04713,0,31,31,1,1,REAL,FALSA
,,,,,,,5fcb21b003aca580eb04ec18,001,2020-12-14_00h56.33.589,lextale_sp,2020.2.3,Win32,60,,,,,,,,,85,laúd,1,,,0,0,1.184895,0,32,32,84,1,REAL,FALSA
,,,,,,,5fcb21b003aca580eb04ec18,001,2020-12-14_00h56.33.589,lextale_sp,2020.2.3,Win32,60,,,,,,,,,55,nevar,1,,,0,0,1.98882,0,33,33,54,1,REAL,FALSA
,,,,,,,5fcb21b003aca580eb04ec18,001,2020-12-14_00h56.33.589,lextale_sp,2020.2.3,Win32,60,,,,,,,,,13,helar,1,,,0,0,1.30345,0,34,34,12,1,REAL,FALSA
,,,,,,,5fcb21b003aca580eb04ec18,001,2020-12-14_00h56.33.589,lextale_sp,2020.2.3,Win32,60,,,,,,,,,71,polvoriento,1,,,1,1,1.55417,0,35,35,70,1,REAL,FALSA
,,,,,,,5fcb21b003aca580eb04ec18,001,2020-12-14_00h56.33.589,lextale_sp,2020.2.3,Win32,60,,,,,,,,,53,vegada,0,,,0,1,3.074905,0,36,36,52,1,REAL,FALSA
,,,,,,,5fcb21b003aca580eb04ec18,001,2020-12-14_00h56.33.589,lextale_sp,2020.2.3,Win32,60,,,,,,,,,63,esposante,0,,,0,1,1.580285,0,37,37,62,1,REAL,FALSA
,,,,,,,5fcb21b003aca580eb04ec18,001,2020-12-14_00h56.33.589,lextale_sp,2020.2.3,Win32,60,,,,,,,,,45,jilguero,1,,,0,0,2.367455,0,38,38,44,1,REAL,FALSA
,,,,,,,5fcb21b003aca580eb04ec18,001,2020-12-14_00h56.33.589,lextale_sp,2020.2.3,Win32,60,,,,,,,,,51,candado,1,,,1,1,2.431135,0,39,39,50,1,REAL,FALSA
,,,,,,,5fcb21b003aca580eb04ec18,001,2020-12-14_00h56.33.589,lextale_sp,2020.2.3,Win32,60,,,,,,,,,31,pandilla,1,,,1,1,1.211825,0,40,40,30,1,REAL,FALSA
,,,,,,,5fcb21b003aca580eb04ec18,001,2020-12-14_00h56.33.589,lextale_sp,2020.2.3,Win32,60,,,,,,,,,74,cintro,0,,,0,1,3.01425,0,41,41,73,1,REAL,FALSA
,,,,,,,5fcb21b003aca580eb04ec18,001,2020-12-14_00h56.33.589,lextale_sp,2020.2.3,Win32,60,,,,,,,,,3,pulmones,1,,,1,1,1.676385,0,42,42,2,1,REAL,FALSA
,,,,,,,5fcb21b003aca580eb04ec18,001,2020-12-14_00h56.33.589,lextale_sp,2020.2.3,Win32,60,,,,,,,,,56,musgo,1,,,0,0,2.273695,0,43,43,55,1,REAL,FALSA
,,,,,,,5fcb21b003aca580eb04ec18,001,2020-12-14_00h56.33.589,lextale_sp,2020.2.3,Win32,60,,,,,,,,,22,lacayo,1,,,0,0,3.49403,0,44,44,21,1,REAL,FALSA
,,,,,,,5fcb21b003aca580eb04ec18,001,2020-12-14_00h56.33.589,lextale_sp,2020.2.3,Win32,60,,,,,,,,,9,hacha,1,,,0,0,1.650025,0,45,45,8,1,REAL,FALSA
,,,,,,,5fcb21b003aca580eb04ec18,001,2020-12-14_00h56.33.589,lextale_sp,2020.2.3,Win32,60,,,,,,,,,84,escuto,0,,,0,1,2.296825,0,46,46,83,1,REAL,FALSA
,,,,,,,5fcb21b003aca580eb04ec18,001,2020-12-14_00h56.33.589,lextale_sp,2020.2.3,Win32,60,,,,,,,,,81,pozo,1,,,1,1,0.97744,0,47,47,80,1,REAL,FALSA
,,,,,,,5fcb21b003aca580eb04ec18,001,2020-12-14_00h56.33.589,lextale_sp,2020.2.3,Win32,60,,,,,,,,,34,aviso,1,,,1,1,1.21595,0,48,48,33,1,REAL,FALSA
,,,,,,,5fcb21b003aca580eb04ec18,001,2020-12-14_00h56.33.589,lextale_sp,2020.2.3,Win32,60,,,,,,,,,86,barato,1,,,0,0,1.1441,0,49,49,85,1,REAL,FALSA
,,,,,,,5fcb21b003aca580eb04ec18,001,2020-12-14_00h56.33.589,lextale_sp,2020.2.3,Win32,60,,,,,,,,,16,abracer,0,,,1,0,1.895245,0,50,50,15,1,REAL,FALSA
,,,,,,,5fcb21b003aca580eb04ec18,001,2020-12-14_00h56.33.589,lextale_sp,2020.2.3,Win32,60,,,,,,,,,12,asesinato,1,,,0,0,4.36543,0,51,51,11,1,REAL,FALSA
,,,,,,,5fcb21b003aca580eb04ec18,001,2020-12-14_00h56.33.589,lextale_sp,2020.2.3,Win32,60,,,,,,,,,66,hacido,0,,,1,0,2.561455,0,52,52,65,1,REAL,FALSA
,,,,,,,5fcb21b003aca580eb04ec18,001,2020-12-14_00h56.33.589,lextale_sp,2020.2.3,Win32,60,,,,,,,,,88,acantilado,1,,,0,0,1.530085,0,53,53,87,1,REAL,FALSA
,,,,,,,5fcb21b003aca580eb04ec18,001,2020-12-14_00h56.33.589,lextale_sp,2020.2.3,Win32,60,,,,,,,,,60,matar,1,,,0,0,1.68414,0,54,54,59,1,REAL,FALSA
,,,,,,,5fcb21b003aca580eb04ec18,001,2020-12-14_00h56.33.589,lextale_sp,2020.2.3,Win32,60,,,,,,,,,19,brecedad,0,,,0,1,2.54417,0,55,55,18,1,REAL,FALSA
,,,,,,,5fcb21b003aca580eb04ec18,001,2020-12-14_00h56.33.589,lextale_sp,2020.2.3,Win32,60,,,,,,,,,5,zapato,1,,,1,1,1.010635,0,56,56,4,1,REAL,FALSA
,,,,,,,5fcb21b003aca580eb04ec18,001,2020-12-14_00h56.33.589,lextale_sp,2020.2.3,Win32,60,,,,,,,,,29,decar,0,,,1,0,1.15052,0,57,57,28,1,REAL,FALSA
,,,,,,,5fcb21b003aca580eb04ec18,001,2020-12-14_00h56.33.589,lextale_sp,2020.2.3,Win32,60,,,,,,,,,73,hervidor,1,,,1,1,2.474695,0,58,58,72,1,REAL,FALSA
,,,,,,,5fcb21b003aca580eb04ec18,001,2020-12-14_00h56.33.589,lextale_sp,2020.2.3,Win32,60,,,,,,,,,30,alardio,0,,,0,1,3.67315,0,59,59,29,1,REAL,FALSA
,,,,,,,5fcb21b003aca580eb04ec18,001,2020-12-14_00h56.33.589,lextale_sp,2020.2.3,Win32,60,,,,,,,,,90,clavel,1,,,0,0,3.50296,0,60,60,89,1,REAL,FALSA
,,,,,,,5fcb21b003aca580eb04ec18,001,2020-12-14_00h56.33.589,lextale_sp,2020.2.3,Win32,60,,,,,,,,,87,grodo,0,,,0,1,1.89892,0,61,61,86,1,REAL,FALSA
,,,,,,,5fcb21b003aca580eb04ec18,001,2020-12-14_00h56.33.589,lextale_sp,2020.2.3,Win32,60,,,,,,,,,21,capillo,0,,,0,1,1.262565,0,62,62,20,1,REAL,FALSA
,,,,,,,5fcb21b003aca580eb04ec18,001,2020-12-14_00h56.33.589,lextale_sp,2020.2.3,Win32,60,,,,,,,,,44,cuchara,1,,,1,1,1.93491,0,63,63,43,1,REAL,FALSA
,,,,,,,5fcb21b003aca580eb04ec18,001,2020-12-14_00h56.33.589,lextale_sp,2020.2.3,Win32,60,,,,,,,,,76,atar,1,,,1,1,0.93069,0,64,64,75,1,REAL,FALSA
,,,,,,,5fcb21b003aca580eb04ec18,001,2020-12-14_00h56.33.589,lextale_sp,2020.2.3,Win32,60,,,,,,,,,6,tergiversar,1,,,0,0,0.955575,0,65,65,5,1,REAL,FALSA
,,,,,,,5fcb21b003aca580eb04ec18,001,2020-12-14_00h56.33.589,lextale_sp,2020.2.3,Win32,60,,,,,,,,,64,orgulloso,1,,,1,1,1.136015,0,66,66,63,1,REAL,FALSA
,,,,,,,5fcb21b003aca580eb04ec18,001,2020-12-14_00h56.33.589,lextale_sp,2020.2.3,Win32,60,,,,,,,,,8,cadeña,0,,,1,0,1.291625,0,67,67,7,1,REAL,FALSA
,,,,,,,5fcb21b003aca580eb04ec18,001,2020-12-14_00h56.33.589,lextale_sp,2020.2.3,Win32,60,,,,,,,,,78,frondoso,1,,,0,0,2.00257,0,68,68,77,1,REAL,FALSA
,,,,,,,5fcb21b003aca580eb04ec18,001,2020-12-14_00h56.33.589,lextale_sp,2020.2.3,Win32,60,,,,,,,,,33,pauca,0,,,1,0,2.02487,0,69,69,32,1,REAL,FALSA
,,,,,,,5fcb21b003aca580eb04ec18,001,2020-12-14_00h56.33.589,lextale_sp,2020.2.3,Win32,60,,,,,,,,,48,ladrón,1,,,1,1,1.255165,0,70,70,47,1,REAL,FALSA
,,,,,,,5fcb21b003aca580eb04ec18,001,2020-12-14_00h56.33.589,lextale_sp,2020.2.3,Win32,60,,,,,,,,,10,antar,0,,,1,0,1.11248,0,71,71,9,1,REAL,FALSA
,,,,,,,5fcb21b003aca580eb04ec18,001,2020-12-14_00h56.33.589,lextale_sp,2020.2.3,Win32,60,,,,,,,,,58,plaudir,0,,,1,0,1.395425,0,72,72,57,1,REAL,FALSA
,,,,,,,5fcb21b003aca580eb04ec18,001,2020-12-14_00h56.33.589,lextale_sp,2020.2.3,Win32,60,,,,,,,,,32,fatacidad,0,,,0,1,1.130765,0,73,73,31,1,REAL,FALSA
,,,,,,,5fcb21b003aca580eb04ec18,001,2020-12-14_00h56.33.589,lextale_sp,2020.2.3,Win32,60,,,,,,,,,43,canela,1,,,0,0,1.84509,0,74,74,42,1,REAL,FALSA
,,,,,,,5fcb21b003aca580eb04ec18,001,2020-12-14_00h56.33.589,lextale_sp,2020.2.3,Win32,60,,,,,,,,,54,fomentar,1,,,0,0,1.33857,0,75,75,53,1,REAL,FALSA
,,,,,,,5fcb21b003aca580eb04ec18,001,2020-12-14_00h56.33.589,lextale_sp,2020.2.3,Win32,60,,,,,,,,,65,bizcocho,1,,,0,0,2.451355,0,76,76,64,1,REAL,FALSA
,,,,,,,5fcb21b003aca580eb04ec18,001,2020-12-14_00h56.33.589,lextale_sp,2020.2.3,Win32,60,,,,,,,,,17,floroso,0,,,1,0,1.74871,0,77,77,16,1,REAL,FALSA
,,,,,,,5fcb21b003aca580eb04ec18,001,2020-12-14_00h56.33.589,lextale_sp,2020.2.3,Win32,60,,,,,,,,,37,granuja,1,,,0,0,1.93996,0,78,78,36,1,REAL,FALSA
,,,,,,,5fcb21b003aca580eb04ec18,001,2020-12-14_00h56.33.589,lextale_sp,2020.2.3,Win32,60,,,,,,,,,57,tacaño,1,,,0,0,2.581015,0,79,79,56,1,REAL,FALSA
,,,,,,,5fcb21b003aca580eb04ec18,001,2020-12-14_00h56.33.589,lextale_sp,2020.2.3,Win32,60,,,,,,,,,79,tropaje,0,,,1,0,1.15378,0,80,80,78,1,REAL,FALSA
,,,,,,,5fcb21b003aca580eb04ec18,001,2020-12-14_00h56.33.589,lextale_sp,2020.2.3,Win32,60,,,,,,,,,72,pemición,0,,,1,0,1.414645,0,81,81,71,1,REAL,FALSA
,,,,,,,5fcb21b003aca580eb04ec18,001,2020-12-14_00h56.33.589,lextale_sp,2020.2.3,Win32,60,,,,,,,,,61,seda,1,,,0,0,1.8174,0,82,82,60,1,REAL,FALSA
,,,,,,,5fcb21b003aca580eb04ec18,001,2020-12-14_00h56.33.589,lextale_sp,2020.2.3,Win32,60,,,,,,,,,11,cenefa,1,,,0,0,3.314375,0,83,83,10,1,REAL,FALSA
,,,,,,,5fcb21b003aca580eb04ec18,001,2020-12-14_00h56.33.589,lextale_sp,2020.2.3,Win32,60,,,,,,,,,52,camisa,1,,,1,1,1.109125,0,84,84,51,1,REAL,FALSA
,,,,,,,5fcb21b003aca580eb04ec18,001,2020-12-14_00h56.33.589,lextale_sp,2020.2.3,Win32,60,,,,,,,,,89,prisa,1,,,0,0,1.109375,0,85,85,88,1,REAL,FALSA
,,,,,,,5fcb21b003aca580eb04ec18,001,2020-12-14_00h56.33.589,lextale_sp,2020.2.3,Win32,60,,,,,,,,,50,flamida,0,,,0,1,1.0461,0,86,86,49,1,REAL,FALSA
,,,,,,,5fcb21b003aca580eb04ec18,001,2020-12-14_00h56.33.589,lextale_sp,2020.2.3,Win32,60,,,,,,,,,36,loro,1,,,0,0,1.35059,0,87,87,35,1,REAL,FALSA
,,,,,,,5fcb21b003aca580eb04ec18,001,2020-12-14_00h56.33.589,lextale_sp,2020.2.3,Win32,60,,,,,,,,,15,regar,1,,,0,0,1.81207,0,88,88,14,1,REAL,FALSA
,,,,,,,5fcb21b003aca580eb04ec18,001,2020-12-14_00h56.33.589,lextale_sp,2020.2.3,Win32,60,,,,,,,,,18,arsa,0,,,0,1,0.870815,0,89,89,17,1,REAL,FALSA
