lextale_instructions_loop.thisRepN,lextale_instructions_loop.thisTrialN,lextale_instructions_loop.thisN,lextale_instructions_loop.thisIndex,lextale_instructions_loop.ran,instructions_text,continue_text,participant,session,date,expName,psychopyVersion,OS,frameRate,key_resp_lextale_practice.keys,key_resp_lextale_practice.corr,key_resp_lextale_practice.rt,lextale_practice_trials.thisRepN,lextale_practice_trials.thisTrialN,lextale_practice_trials.thisN,lextale_practice_trials.thisIndex,lextale_practice_trials.ran,stim,word,correct_response,prac_button_real,prac_button_false,key_resp_lextale_trial.keys,key_resp_lextale_trial.corr,key_resp_lextale_trial.rt,lextail_trials.thisRepN,lextail_trials.thisTrialN,lextail_trials.thisN,lextail_trials.thisIndex,lextail_trials.ran,button_real,button_false
0,0,0,0,1,"Este es un test de vocabulario en español. 
  
  A continuación vas a ver 90 secuencias de letras que parecen 'españolas'.
  
  Solo algunas de ellas son palabras de verdad.",(presiona la barra espaciadora para continuar),jhon miller,001,2021-01-28_18h24.24.917,lextale_sp,2020.2.3,Win32,60,,,,,,,,,,,,,,,,,,,,,,,
0,1,1,1,1,"Por favor, señala las palabras que tú conoces (aquellas que estás convencido que son palabras españolas, incluso aunque no seas capaz de dar el significado preciso).",(presiona la barra espaciadora para continuar),jhon miller,001,2021-01-28_18h24.24.917,lextale_sp,2020.2.3,Win32,60,,,,,,,,,,,,,,,,,,,,,,,
0,2,2,2,1,Pero cuidado: los errores se penalizan. Por eso no tiene sentido tratar de incrementar tu puntuación marcando como reales palabras que nunca has visto.,(presiona la barra espaciadora para continuar),jhon miller,001,2021-01-28_18h24.24.917,lextale_sp,2020.2.3,Win32,60,,,,,,,,,,,,,,,,,,,,,,,
0,3,3,3,1,"Presiona la tecla 1 si piensas que es una palabra real y la tecla 
  0 si piensas que es una palabra falsa. 
  
  Vamos a practicar un poco...",(presiona la barra espaciadora para continuar),jhon miller,001,2021-01-28_18h24.24.917,lextale_sp,2020.2.3,Win32,60,,,,,,,,,,,,,,,,,,,,,,,
,,,,,,,jhon miller,001,2021-01-28_18h24.24.917,lextale_sp,2020.2.3,Win32,60,0,1,4.611355,0,0,0,0,1,0,depiste,0,REAL,FALSA,,,,,,,,,,
,,,,,,,jhon miller,001,2021-01-28_18h24.24.917,lextale_sp,2020.2.3,Win32,60,1,1,1.831815,0,1,1,1,1,0,sí,1,REAL,FALSA,,,,,,,,,,
,,,,,,,jhon miller,001,2021-01-28_18h24.24.917,lextale_sp,2020.2.3,Win32,60,0,1,1.597465,0,2,2,2,1,0,coné,0,REAL,FALSA,,,,,,,,,,
,,,,,,,jhon miller,001,2021-01-28_18h24.24.917,lextale_sp,2020.2.3,Win32,60,0,1,0.96903,0,3,3,3,1,0,calpar,0,REAL,FALSA,,,,,,,,,,
,,,,,,,jhon miller,001,2021-01-28_18h24.24.917,lextale_sp,2020.2.3,Win32,60,0,1,0.821535,0,4,4,4,1,0,joten,0,REAL,FALSA,,,,,,,,,,
,,,,,,,jhon miller,001,2021-01-28_18h24.24.917,lextale_sp,2020.2.3,Win32,60,1,1,1.656635,0,5,5,5,1,0,sacapuntas,1,REAL,FALSA,,,,,,,,,,
,,,,,,,jhon miller,001,2021-01-28_18h24.24.917,lextale_sp,2020.2.3,Win32,60,0,1,1.47344,0,6,6,6,1,0,priba,0,REAL,FALSA,,,,,,,,,,
,,,,,,,jhon miller,001,2021-01-28_18h24.24.917,lextale_sp,2020.2.3,Win32,60,0,1,1.693055,0,7,7,7,1,0,pelasula,0,REAL,FALSA,,,,,,,,,,
,,,,,,,jhon miller,001,2021-01-28_18h24.24.917,lextale_sp,2020.2.3,Win32,60,1,1,1.56741,0,8,8,8,1,0,bien,1,REAL,FALSA,,,,,,,,,,
,,,,,,,jhon miller,001,2021-01-28_18h24.24.917,lextale_sp,2020.2.3,Win32,60,1,1,0.931475,0,9,9,9,1,0,casa,1,REAL,FALSA,,,,,,,,,,
,,,,,,,jhon miller,001,2021-01-28_18h24.24.917,lextale_sp,2020.2.3,Win32,60,1,0,1.733215,0,10,10,10,1,0,lejo,0,REAL,FALSA,,,,,,,,,,
,,,,,,,jhon miller,001,2021-01-28_18h24.24.917,lextale_sp,2020.2.3,Win32,60,0,1,2.005075,0,11,11,11,1,0,pretantas,0,REAL,FALSA,,,,,,,,,,
,,,,,,,jhon miller,001,2021-01-28_18h24.24.917,lextale_sp,2020.2.3,Win32,60,,,,,,,,,28,merodear,1,,,1,1,1.50041,0,0,0,27,1,REAL,FALSA
,,,,,,,jhon miller,001,2021-01-28_18h24.24.917,lextale_sp,2020.2.3,Win32,60,,,,,,,,,32,fatacidad,0,,,0,1,1.88924,0,1,1,31,1,REAL,FALSA
,,,,,,,jhon miller,001,2021-01-28_18h24.24.917,lextale_sp,2020.2.3,Win32,60,,,,,,,,,49,ganar,1,,,1,1,0.788515,0,2,2,48,1,REAL,FALSA
,,,,,,,jhon miller,001,2021-01-28_18h24.24.917,lextale_sp,2020.2.3,Win32,60,,,,,,,,,35,rompido,0,,,1,0,0.76526,0,3,3,34,1,REAL,FALSA
,,,,,,,jhon miller,001,2021-01-28_18h24.24.917,lextale_sp,2020.2.3,Win32,60,,,,,,,,,65,bizcocho,1,,,1,1,0.69474,0,4,4,64,1,REAL,FALSA
,,,,,,,jhon miller,001,2021-01-28_18h24.24.917,lextale_sp,2020.2.3,Win32,60,,,,,,,,,34,aviso,1,,,1,1,0.584615,0,5,5,33,1,REAL,FALSA
,,,,,,,jhon miller,001,2021-01-28_18h24.24.917,lextale_sp,2020.2.3,Win32,60,,,,,,,,,69,engatusar,1,,,0,0,0.782835,0,6,6,68,1,REAL,FALSA
,,,,,,,jhon miller,001,2021-01-28_18h24.24.917,lextale_sp,2020.2.3,Win32,60,,,,,,,,,50,flamida,0,,,0,1,1.116635,0,7,7,49,1,REAL,FALSA
,,,,,,,jhon miller,001,2021-01-28_18h24.24.917,lextale_sp,2020.2.3,Win32,60,,,,,,,,,40,alfombra,1,,,1,1,0.772675,0,8,8,39,1,REAL,FALSA
,,,,,,,jhon miller,001,2021-01-28_18h24.24.917,lextale_sp,2020.2.3,Win32,60,,,,,,,,,87,grodo,0,,,0,1,0.74913,0,9,9,86,1,REAL,FALSA
,,,,,,,jhon miller,001,2021-01-28_18h24.24.917,lextale_sp,2020.2.3,Win32,60,,,,,,,,,31,pandilla,1,,,1,1,0.637005,0,10,10,30,1,REAL,FALSA
,,,,,,,jhon miller,001,2021-01-28_18h24.24.917,lextale_sp,2020.2.3,Win32,60,,,,,,,,,4,batillón,0,,,0,1,1.53326,0,11,11,3,1,REAL,FALSA
,,,,,,,jhon miller,001,2021-01-28_18h24.24.917,lextale_sp,2020.2.3,Win32,60,,,,,,,,,14,yunque,1,,,1,1,0.84764,0,12,12,13,1,REAL,FALSA
,,,,,,,jhon miller,001,2021-01-28_18h24.24.917,lextale_sp,2020.2.3,Win32,60,,,,,,,,,27,acutación,0,,,1,0,0.826295,0,13,13,26,1,REAL,FALSA
,,,,,,,jhon miller,001,2021-01-28_18h24.24.917,lextale_sp,2020.2.3,Win32,60,,,,,,,,,55,nevar,1,,,1,1,0.77225,0,14,14,54,1,REAL,FALSA
,,,,,,,jhon miller,001,2021-01-28_18h24.24.917,lextale_sp,2020.2.3,Win32,60,,,,,,,,,81,pozo,1,,,1,1,0.532185,0,15,15,80,1,REAL,FALSA
,,,,,,,jhon miller,001,2021-01-28_18h24.24.917,lextale_sp,2020.2.3,Win32,60,,,,,,,,,71,polvoriento,1,,,1,1,1.00726,0,16,16,70,1,REAL,FALSA
,,,,,,,jhon miller,001,2021-01-28_18h24.24.917,lextale_sp,2020.2.3,Win32,60,,,,,,,,,76,atar,1,,,0,0,0.820495,0,17,17,75,1,REAL,FALSA
,,,,,,,jhon miller,001,2021-01-28_18h24.24.917,lextale_sp,2020.2.3,Win32,60,,,,,,,,,36,loro,1,,,1,1,3.081155,0,18,18,35,1,REAL,FALSA
,,,,,,,jhon miller,001,2021-01-28_18h24.24.917,lextale_sp,2020.2.3,Win32,60,,,,,,,,,75,yacer,1,,,0,0,0.71546,0,19,19,74,1,REAL,FALSA
,,,,,,,jhon miller,001,2021-01-28_18h24.24.917,lextale_sp,2020.2.3,Win32,60,,,,,,,,,83,guante,1,,,1,1,0.8317,0,20,20,82,1,REAL,FALSA
,,,,,,,jhon miller,001,2021-01-28_18h24.24.917,lextale_sp,2020.2.3,Win32,60,,,,,,,,,2,pellizcar,1,,,1,1,0.78277,0,21,21,1,1,REAL,FALSA
,,,,,,,jhon miller,001,2021-01-28_18h24.24.917,lextale_sp,2020.2.3,Win32,60,,,,,,,,,13,helar,1,,,1,1,1.237965,0,22,22,12,1,REAL,FALSA
,,,,,,,jhon miller,001,2021-01-28_18h24.24.917,lextale_sp,2020.2.3,Win32,60,,,,,,,,,44,cuchara,1,,,1,1,0.621395,0,23,23,43,1,REAL,FALSA
,,,,,,,jhon miller,001,2021-01-28_18h24.24.917,lextale_sp,2020.2.3,Win32,60,,,,,,,,,45,jilguero,1,,,0,0,0.987175,0,24,24,44,1,REAL,FALSA
,,,,,,,jhon miller,001,2021-01-28_18h24.24.917,lextale_sp,2020.2.3,Win32,60,,,,,,,,,54,fomentar,1,,,0,0,1.13923,0,25,25,53,1,REAL,FALSA
,,,,,,,jhon miller,001,2021-01-28_18h24.24.917,lextale_sp,2020.2.3,Win32,60,,,,,,,,,6,tergiversar,1,,,0,0,0.908195,0,26,26,5,1,REAL,FALSA
,,,,,,,jhon miller,001,2021-01-28_18h24.24.917,lextale_sp,2020.2.3,Win32,60,,,,,,,,,51,candado,1,,,1,1,1.05029,0,27,27,50,1,REAL,FALSA
,,,,,,,jhon miller,001,2021-01-28_18h24.24.917,lextale_sp,2020.2.3,Win32,60,,,,,,,,,53,vegada,0,,,0,1,0.90293,0,28,28,52,1,REAL,FALSA
,,,,,,,jhon miller,001,2021-01-28_18h24.24.917,lextale_sp,2020.2.3,Win32,60,,,,,,,,,38,estornudar,1,,,1,1,0.68182,0,29,29,37,1,REAL,FALSA
,,,,,,,jhon miller,001,2021-01-28_18h24.24.917,lextale_sp,2020.2.3,Win32,60,,,,,,,,,66,hacido,0,,,1,0,0.848655,0,30,30,65,1,REAL,FALSA
,,,,,,,jhon miller,001,2021-01-28_18h24.24.917,lextale_sp,2020.2.3,Win32,60,,,,,,,,,39,torpe,1,,,1,1,1.82448,0,31,31,38,1,REAL,FALSA
,,,,,,,jhon miller,001,2021-01-28_18h24.24.917,lextale_sp,2020.2.3,Win32,60,,,,,,,,,37,granuja,1,,,0,0,0.99409,0,32,32,36,1,REAL,FALSA
,,,,,,,jhon miller,001,2021-01-28_18h24.24.917,lextale_sp,2020.2.3,Win32,60,,,,,,,,,64,orgulloso,1,,,1,1,0.589845,0,33,33,63,1,REAL,FALSA
,,,,,,,jhon miller,001,2021-01-28_18h24.24.917,lextale_sp,2020.2.3,Win32,60,,,,,,,,,56,musgo,1,,,0,0,0.948545,0,34,34,55,1,REAL,FALSA
,,,,,,,jhon miller,001,2021-01-28_18h24.24.917,lextale_sp,2020.2.3,Win32,60,,,,,,,,,82,empirador,0,,,0,1,1.05524,0,35,35,81,1,REAL,FALSA
,,,,,,,jhon miller,001,2021-01-28_18h24.24.917,lextale_sp,2020.2.3,Win32,60,,,,,,,,,74,cintro,0,,,0,1,0.853405,0,36,36,73,1,REAL,FALSA
,,,,,,,jhon miller,001,2021-01-28_18h24.24.917,lextale_sp,2020.2.3,Win32,60,,,,,,,,,29,decar,0,,,0,1,1.173985,0,37,37,28,1,REAL,FALSA
,,,,,,,jhon miller,001,2021-01-28_18h24.24.917,lextale_sp,2020.2.3,Win32,60,,,,,,,,,88,acantilado,1,,,1,1,0.990075,0,38,38,87,1,REAL,FALSA
,,,,,,,jhon miller,001,2021-01-28_18h24.24.917,lextale_sp,2020.2.3,Win32,60,,,,,,,,,10,antar,0,,,0,1,1.748705,0,39,39,9,1,REAL,FALSA
,,,,,,,jhon miller,001,2021-01-28_18h24.24.917,lextale_sp,2020.2.3,Win32,60,,,,,,,,,20,ávido,1,,,0,0,0.85364,0,40,40,19,1,REAL,FALSA
,,,,,,,jhon miller,001,2021-01-28_18h24.24.917,lextale_sp,2020.2.3,Win32,60,,,,,,,,,58,plaudir,0,,,0,1,0.96103,0,41,41,57,1,REAL,FALSA
,,,,,,,jhon miller,001,2021-01-28_18h24.24.917,lextale_sp,2020.2.3,Win32,60,,,,,,,,,3,pulmones,1,,,1,1,0.645855,0,42,42,2,1,REAL,FALSA
,,,,,,,jhon miller,001,2021-01-28_18h24.24.917,lextale_sp,2020.2.3,Win32,60,,,,,,,,,63,esposante,0,,,0,1,1.122755,0,43,43,62,1,REAL,FALSA
,,,,,,,jhon miller,001,2021-01-28_18h24.24.917,lextale_sp,2020.2.3,Win32,60,,,,,,,,,18,arsa,0,,,0,1,1.102285,0,44,44,17,1,REAL,FALSA
,,,,,,,jhon miller,001,2021-01-28_18h24.24.917,lextale_sp,2020.2.3,Win32,60,,,,,,,,,72,pemición,0,,,0,1,0.925075,0,45,45,71,1,REAL,FALSA
,,,,,,,jhon miller,001,2021-01-28_18h24.24.917,lextale_sp,2020.2.3,Win32,60,,,,,,,,,62,flaco,1,,,1,1,0.67663,0,46,46,61,1,REAL,FALSA
,,,,,,,jhon miller,001,2021-01-28_18h24.24.917,lextale_sp,2020.2.3,Win32,60,,,,,,,,,42,cadallo,0,,,0,1,1.599435,0,47,47,41,1,REAL,FALSA
,,,,,,,jhon miller,001,2021-01-28_18h24.24.917,lextale_sp,2020.2.3,Win32,60,,,,,,,,,7,pésimo,1,,,1,1,0.832945,0,48,48,6,1,REAL,FALSA
,,,,,,,jhon miller,001,2021-01-28_18h24.24.917,lextale_sp,2020.2.3,Win32,60,,,,,,,,,19,brecedad,0,,,0,1,0.656655,0,49,49,18,1,REAL,FALSA
,,,,,,,jhon miller,001,2021-01-28_18h24.24.917,lextale_sp,2020.2.3,Win32,60,,,,,,,,,47,cartinar,0,,,0,1,0.710405,0,50,50,46,1,REAL,FALSA
,,,,,,,jhon miller,001,2021-01-28_18h24.24.917,lextale_sp,2020.2.3,Win32,60,,,,,,,,,41,rebuscar,1,,,1,1,0.87732,0,51,51,40,1,REAL,FALSA
,,,,,,,jhon miller,001,2021-01-28_18h24.24.917,lextale_sp,2020.2.3,Win32,60,,,,,,,,,17,floroso,0,,,0,1,1.626015,0,52,52,16,1,REAL,FALSA
,,,,,,,jhon miller,001,2021-01-28_18h24.24.917,lextale_sp,2020.2.3,Win32,60,,,,,,,,,23,lampera,0,,,0,1,0.98203,0,53,53,22,1,REAL,FALSA
,,,,,,,jhon miller,001,2021-01-28_18h24.24.917,lextale_sp,2020.2.3,Win32,60,,,,,,,,,79,tropaje,0,,,0,1,0.889805,0,54,54,78,1,REAL,FALSA
,,,,,,,jhon miller,001,2021-01-28_18h24.24.917,lextale_sp,2020.2.3,Win32,60,,,,,,,,,9,hacha,1,,,1,1,1.01818,0,55,55,8,1,REAL,FALSA
,,,,,,,jhon miller,001,2021-01-28_18h24.24.917,lextale_sp,2020.2.3,Win32,60,,,,,,,,,70,temblo,0,,,1,0,0.689685,0,56,56,69,1,REAL,FALSA
,,,,,,,jhon miller,001,2021-01-28_18h24.24.917,lextale_sp,2020.2.3,Win32,60,,,,,,,,,22,lacayo,1,,,0,0,0.664995,0,57,57,21,1,REAL,FALSA
,,,,,,,jhon miller,001,2021-01-28_18h24.24.917,lextale_sp,2020.2.3,Win32,60,,,,,,,,,30,alardio,0,,,0,1,0.77125,0,58,58,29,1,REAL,FALSA
,,,,,,,jhon miller,001,2021-01-28_18h24.24.917,lextale_sp,2020.2.3,Win32,60,,,,,,,,,46,martillo,1,,,1,1,0.742355,0,59,59,45,1,REAL,FALSA
,,,,,,,jhon miller,001,2021-01-28_18h24.24.917,lextale_sp,2020.2.3,Win32,60,,,,,,,,,68,alegre,1,,,1,1,0.66511,0,60,60,67,1,REAL,FALSA
,,,,,,,jhon miller,001,2021-01-28_18h24.24.917,lextale_sp,2020.2.3,Win32,60,,,,,,,,,60,matar,1,,,1,1,0.73278,0,61,61,59,1,REAL,FALSA
,,,,,,,jhon miller,001,2021-01-28_18h24.24.917,lextale_sp,2020.2.3,Win32,60,,,,,,,,,12,asesinato,1,,,1,1,0.592415,0,62,62,11,1,REAL,FALSA
,,,,,,,jhon miller,001,2021-01-28_18h24.24.917,lextale_sp,2020.2.3,Win32,60,,,,,,,,,52,camisa,1,,,1,1,0.543275,0,63,63,51,1,REAL,FALSA
,,,,,,,jhon miller,001,2021-01-28_18h24.24.917,lextale_sp,2020.2.3,Win32,60,,,,,,,,,8,cadeña,0,,,0,1,1.220505,0,64,64,7,1,REAL,FALSA
,,,,,,,jhon miller,001,2021-01-28_18h24.24.917,lextale_sp,2020.2.3,Win32,60,,,,,,,,,16,abracer,0,,,0,1,0.98608,0,65,65,15,1,REAL,FALSA
,,,,,,,jhon miller,001,2021-01-28_18h24.24.917,lextale_sp,2020.2.3,Win32,60,,,,,,,,,43,canela,1,,,1,1,0.64854,0,66,66,42,1,REAL,FALSA
,,,,,,,jhon miller,001,2021-01-28_18h24.24.917,lextale_sp,2020.2.3,Win32,60,,,,,,,,,61,seda,1,,,1,1,0.823775,0,67,67,60,1,REAL,FALSA
,,,,,,,jhon miller,001,2021-01-28_18h24.24.917,lextale_sp,2020.2.3,Win32,60,,,,,,,,,73,hervidor,1,,,1,1,1.153435,0,68,68,72,1,REAL,FALSA
,,,,,,,jhon miller,001,2021-01-28_18h24.24.917,lextale_sp,2020.2.3,Win32,60,,,,,,,,,5,zapato,1,,,1,1,0.85632,0,69,69,4,1,REAL,FALSA
,,,,,,,jhon miller,001,2021-01-28_18h24.24.917,lextale_sp,2020.2.3,Win32,60,,,,,,,,,21,capillo,0,,,1,0,0.865395,0,70,70,20,1,REAL,FALSA
,,,,,,,jhon miller,001,2021-01-28_18h24.24.917,lextale_sp,2020.2.3,Win32,60,,,,,,,,,90,clavel,1,,,0,0,0.74479,0,71,71,89,1,REAL,FALSA
,,,,,,,jhon miller,001,2021-01-28_18h24.24.917,lextale_sp,2020.2.3,Win32,60,,,,,,,,,33,pauca,0,,,0,1,0.644125,0,72,72,32,1,REAL,FALSA
,,,,,,,jhon miller,001,2021-01-28_18h24.24.917,lextale_sp,2020.2.3,Win32,60,,,,,,,,,1,terzo,0,,,0,1,0.533025,0,73,73,0,1,REAL,FALSA
,,,,,,,jhon miller,001,2021-01-28_18h24.24.917,lextale_sp,2020.2.3,Win32,60,,,,,,,,,86,barato,1,,,1,1,0.774515,0,74,74,85,1,REAL,FALSA
,,,,,,,jhon miller,001,2021-01-28_18h24.24.917,lextale_sp,2020.2.3,Win32,60,,,,,,,,,80,hormiga,1,,,1,1,0.869535,0,75,75,79,1,REAL,FALSA
,,,,,,,jhon miller,001,2021-01-28_18h24.24.917,lextale_sp,2020.2.3,Win32,60,,,,,,,,,78,frondoso,1,,,1,1,1.03462,0,76,76,77,1,REAL,FALSA
,,,,,,,jhon miller,001,2021-01-28_18h24.24.917,lextale_sp,2020.2.3,Win32,60,,,,,,,,,48,ladrón,1,,,1,1,0.644795,0,77,77,47,1,REAL,FALSA
,,,,,,,jhon miller,001,2021-01-28_18h24.24.917,lextale_sp,2020.2.3,Win32,60,,,,,,,,,26,secuestro,1,,,1,1,0.575055,0,78,78,25,1,REAL,FALSA
,,,,,,,jhon miller,001,2021-01-28_18h24.24.917,lextale_sp,2020.2.3,Win32,60,,,,,,,,,84,escuto,0,,,0,1,0.85016,0,79,79,83,1,REAL,FALSA
,,,,,,,jhon miller,001,2021-01-28_18h24.24.917,lextale_sp,2020.2.3,Win32,60,,,,,,,,,85,laúd,1,,,0,0,0.6534,0,80,80,84,1,REAL,FALSA
,,,,,,,jhon miller,001,2021-01-28_18h24.24.917,lextale_sp,2020.2.3,Win32,60,,,,,,,,,59,besar,1,,,1,1,0.786635,0,81,81,58,1,REAL,FALSA
,,,,,,,jhon miller,001,2021-01-28_18h24.24.917,lextale_sp,2020.2.3,Win32,60,,,,,,,,,24,látigo,1,,,1,1,0.65031,0,82,82,23,1,REAL,FALSA
,,,,,,,jhon miller,001,2021-01-28_18h24.24.917,lextale_sp,2020.2.3,Win32,60,,,,,,,,,11,cenefa,1,,,0,0,0.544225,0,83,83,10,1,REAL,FALSA
,,,,,,,jhon miller,001,2021-01-28_18h24.24.917,lextale_sp,2020.2.3,Win32,60,,,,,,,,,77,tiburón,1,,,1,1,0.643845,0,84,84,76,1,REAL,FALSA
,,,,,,,jhon miller,001,2021-01-28_18h24.24.917,lextale_sp,2020.2.3,Win32,60,,,,,,,,,25,bisagra,1,,,0,0,2.40861,0,85,85,24,1,REAL,FALSA
,,,,,,,jhon miller,001,2021-01-28_18h24.24.917,lextale_sp,2020.2.3,Win32,60,,,,,,,,,67,cabello,1,,,1,1,0.55673,0,86,86,66,1,REAL,FALSA
,,,,,,,jhon miller,001,2021-01-28_18h24.24.917,lextale_sp,2020.2.3,Win32,60,,,,,,,,,89,prisa,1,,,0,0,1.25272,0,87,87,88,1,REAL,FALSA
,,,,,,,jhon miller,001,2021-01-28_18h24.24.917,lextale_sp,2020.2.3,Win32,60,,,,,,,,,57,tacaño,1,,,1,1,1.099855,0,88,88,56,1,REAL,FALSA
,,,,,,,jhon miller,001,2021-01-28_18h24.24.917,lextale_sp,2020.2.3,Win32,60,,,,,,,,,15,regar,1,,,1,1,0.857625,0,89,89,14,1,REAL,FALSA
