lextale_instructions_loop.thisRepN,lextale_instructions_loop.thisTrialN,lextale_instructions_loop.thisN,lextale_instructions_loop.thisIndex,lextale_instructions_loop.ran,instructions_text,continue_text,participant,session,date,expName,psychopyVersion,OS,frameRate,key_resp_lextale_practice.keys,key_resp_lextale_practice.corr,key_resp_lextale_practice.rt,lextale_practice_trials.thisRepN,lextale_practice_trials.thisTrialN,lextale_practice_trials.thisN,lextale_practice_trials.thisIndex,lextale_practice_trials.ran,stim,word,correct_response,prac_button_real,prac_button_false,key_resp_lextale_trial.keys,key_resp_lextale_trial.corr,key_resp_lextale_trial.rt,lextail_trials.thisRepN,lextail_trials.thisTrialN,lextail_trials.thisN,lextail_trials.thisIndex,lextail_trials.ran,button_real,button_false
0,0,0,0,1,"Este es un test de vocabulario en español. 
  
  A continuación vas a ver 90 secuencias de letras que parecen 'españolas'.
  
  Solo algunas de ellas son palabras de verdad.",(presiona la barra espaciadora para continuar),,001,2020-12-31_10h56.08.912,lextale_sp,2020.2.3,Win32,60,,,,,,,,,,,,,,,,,,,,,,,
0,1,1,1,1,"Por favor, señala las palabras que tú conoces (aquellas que estás convencido que son palabras españolas, incluso aunque no seas capaz de dar el significado preciso).",(presiona la barra espaciadora para continuar),,001,2020-12-31_10h56.08.912,lextale_sp,2020.2.3,Win32,60,,,,,,,,,,,,,,,,,,,,,,,
0,2,2,2,1,Pero cuidado: los errores se penalizan. Por eso no tiene sentido tratar de incrementar tu puntuación marcando como reales palabras que nunca has visto.,(presiona la barra espaciadora para continuar),,001,2020-12-31_10h56.08.912,lextale_sp,2020.2.3,Win32,60,,,,,,,,,,,,,,,,,,,,,,,
0,3,3,3,1,"Presiona la tecla 1 si piensas que es una palabra real y la tecla 
  0 si piensas que es una palabra falsa. 
  
  Vamos a practicar un poco...",(presiona la barra espaciadora para continuar),,001,2020-12-31_10h56.08.912,lextale_sp,2020.2.3,Win32,60,,,,,,,,,,,,,,,,,,,,,,,
,,,,,,,,001,2020-12-31_10h56.08.912,lextale_sp,2020.2.3,Win32,60,1,0,11.120485,0,0,0,0,1,0,depiste,0,REAL,FALSA,,,,,,,,,,
,,,,,,,,001,2020-12-31_10h56.08.912,lextale_sp,2020.2.3,Win32,60,1,1,1.427845,0,1,1,1,1,0,sí,1,REAL,FALSA,,,,,,,,,,
,,,,,,,,001,2020-12-31_10h56.08.912,lextale_sp,2020.2.3,Win32,60,1,0,1.688215,0,2,2,2,1,0,coné,0,REAL,FALSA,,,,,,,,,,
,,,,,,,,001,2020-12-31_10h56.08.912,lextale_sp,2020.2.3,Win32,60,0,1,1.36743,0,3,3,3,1,0,calpar,0,REAL,FALSA,,,,,,,,,,
,,,,,,,,001,2020-12-31_10h56.08.912,lextale_sp,2020.2.3,Win32,60,0,1,1.059795,0,4,4,4,1,0,joten,0,REAL,FALSA,,,,,,,,,,
,,,,,,,,001,2020-12-31_10h56.08.912,lextale_sp,2020.2.3,Win32,60,1,1,2.023005,0,5,5,5,1,0,sacapuntas,1,REAL,FALSA,,,,,,,,,,
,,,,,,,,001,2020-12-31_10h56.08.912,lextale_sp,2020.2.3,Win32,60,1,0,1.1352,0,6,6,6,1,0,priba,0,REAL,FALSA,,,,,,,,,,
,,,,,,,,001,2020-12-31_10h56.08.912,lextale_sp,2020.2.3,Win32,60,0,1,1.20921,0,7,7,7,1,0,pelasula,0,REAL,FALSA,,,,,,,,,,
,,,,,,,,001,2020-12-31_10h56.08.912,lextale_sp,2020.2.3,Win32,60,1,1,0.61877,0,8,8,8,1,0,bien,1,REAL,FALSA,,,,,,,,,,
,,,,,,,,001,2020-12-31_10h56.08.912,lextale_sp,2020.2.3,Win32,60,1,1,0.621785,0,9,9,9,1,0,casa,1,REAL,FALSA,,,,,,,,,,
,,,,,,,,001,2020-12-31_10h56.08.912,lextale_sp,2020.2.3,Win32,60,0,1,0.801515,0,10,10,10,1,0,lejo,0,REAL,FALSA,,,,,,,,,,
,,,,,,,,001,2020-12-31_10h56.08.912,lextale_sp,2020.2.3,Win32,60,1,0,1.16462,0,11,11,11,1,0,pretantas,0,REAL,FALSA,,,,,,,,,,
,,,,,,,,001,2020-12-31_10h56.08.912,lextale_sp,2020.2.3,Win32,60,,,,,,,,,3,pulmones,1,,,0,0,1.187405,0,0,0,2,1,REAL,FALSA
,,,,,,,,001,2020-12-31_10h56.08.912,lextale_sp,2020.2.3,Win32,60,,,,,,,,,36,loro,1,,,0,0,1.19419,0,1,1,35,1,REAL,FALSA
,,,,,,,,001,2020-12-31_10h56.08.912,lextale_sp,2020.2.3,Win32,60,,,,,,,,,10,antar,0,,,1,0,0.917245,0,2,2,9,1,REAL,FALSA
,,,,,,,,001,2020-12-31_10h56.08.912,lextale_sp,2020.2.3,Win32,60,,,,,,,,,46,martillo,1,,,0,0,1.768165,0,3,3,45,1,REAL,FALSA
,,,,,,,,001,2020-12-31_10h56.08.912,lextale_sp,2020.2.3,Win32,60,,,,,,,,,12,asesinato,1,,,1,1,2.111675,0,4,4,11,1,REAL,FALSA
,,,,,,,,001,2020-12-31_10h56.08.912,lextale_sp,2020.2.3,Win32,60,,,,,,,,,45,jilguero,1,,,0,0,1.3964,0,5,5,44,1,REAL,FALSA
,,,,,,,,001,2020-12-31_10h56.08.912,lextale_sp,2020.2.3,Win32,60,,,,,,,,,47,cartinar,0,,,1,0,0.78105,0,6,6,46,1,REAL,FALSA
,,,,,,,,001,2020-12-31_10h56.08.912,lextale_sp,2020.2.3,Win32,60,,,,,,,,,69,engatusar,1,,,0,0,1.657775,0,7,7,68,1,REAL,FALSA
,,,,,,,,001,2020-12-31_10h56.08.912,lextale_sp,2020.2.3,Win32,60,,,,,,,,,5,zapato,1,,,1,1,0.74246,0,8,8,4,1,REAL,FALSA
,,,,,,,,001,2020-12-31_10h56.08.912,lextale_sp,2020.2.3,Win32,60,,,,,,,,,32,fatacidad,0,,,0,1,1.65039,0,9,9,31,1,REAL,FALSA
,,,,,,,,001,2020-12-31_10h56.08.912,lextale_sp,2020.2.3,Win32,60,,,,,,,,,54,fomentar,1,,,1,1,1.11657,0,10,10,53,1,REAL,FALSA
,,,,,,,,001,2020-12-31_10h56.08.912,lextale_sp,2020.2.3,Win32,60,,,,,,,,,64,orgulloso,1,,,1,1,1.168315,0,11,11,63,1,REAL,FALSA
,,,,,,,,001,2020-12-31_10h56.08.912,lextale_sp,2020.2.3,Win32,60,,,,,,,,,16,abracer,0,,,1,0,0.634535,0,12,12,15,1,REAL,FALSA
,,,,,,,,001,2020-12-31_10h56.08.912,lextale_sp,2020.2.3,Win32,60,,,,,,,,,17,floroso,0,,,1,0,0.718705,0,13,13,16,1,REAL,FALSA
,,,,,,,,001,2020-12-31_10h56.08.912,lextale_sp,2020.2.3,Win32,60,,,,,,,,,82,empirador,0,,,1,0,1.117465,0,14,14,81,1,REAL,FALSA
,,,,,,,,001,2020-12-31_10h56.08.912,lextale_sp,2020.2.3,Win32,60,,,,,,,,,2,pellizcar,1,,,0,0,0.93468,0,15,15,1,1,REAL,FALSA
,,,,,,,,001,2020-12-31_10h56.08.912,lextale_sp,2020.2.3,Win32,60,,,,,,,,,78,frondoso,1,,,0,0,0.859905,0,16,16,77,1,REAL,FALSA
,,,,,,,,001,2020-12-31_10h56.08.912,lextale_sp,2020.2.3,Win32,60,,,,,,,,,34,aviso,1,,,0,0,0.576305,0,17,17,33,1,REAL,FALSA
,,,,,,,,001,2020-12-31_10h56.08.912,lextale_sp,2020.2.3,Win32,60,,,,,,,,,73,hervidor,1,,,0,0,0.72227,0,18,18,72,1,REAL,FALSA
,,,,,,,,001,2020-12-31_10h56.08.912,lextale_sp,2020.2.3,Win32,60,,,,,,,,,88,acantilado,1,,,1,1,0.874745,0,19,19,87,1,REAL,FALSA
,,,,,,,,001,2020-12-31_10h56.08.912,lextale_sp,2020.2.3,Win32,60,,,,,,,,,29,decar,0,,,1,0,0.568815,0,20,20,28,1,REAL,FALSA
,,,,,,,,001,2020-12-31_10h56.08.912,lextale_sp,2020.2.3,Win32,60,,,,,,,,,57,tacaño,1,,,0,0,1.577355,0,21,21,56,1,REAL,FALSA
,,,,,,,,001,2020-12-31_10h56.08.912,lextale_sp,2020.2.3,Win32,60,,,,,,,,,7,pésimo,1,,,1,1,0.666635,0,22,22,6,1,REAL,FALSA
,,,,,,,,001,2020-12-31_10h56.08.912,lextale_sp,2020.2.3,Win32,60,,,,,,,,,49,ganar,1,,,1,1,0.81825,0,23,23,48,1,REAL,FALSA
,,,,,,,,001,2020-12-31_10h56.08.912,lextale_sp,2020.2.3,Win32,60,,,,,,,,,79,tropaje,0,,,1,0,0.968005,0,24,24,78,1,REAL,FALSA
,,,,,,,,001,2020-12-31_10h56.08.912,lextale_sp,2020.2.3,Win32,60,,,,,,,,,37,granuja,1,,,1,1,0.73798,0,25,25,36,1,REAL,FALSA
,,,,,,,,001,2020-12-31_10h56.08.912,lextale_sp,2020.2.3,Win32,60,,,,,,,,,4,batillón,0,,,0,1,2.056385,0,26,26,3,1,REAL,FALSA
,,,,,,,,001,2020-12-31_10h56.08.912,lextale_sp,2020.2.3,Win32,60,,,,,,,,,31,pandilla,1,,,1,1,0.922095,0,27,27,30,1,REAL,FALSA
,,,,,,,,001,2020-12-31_10h56.08.912,lextale_sp,2020.2.3,Win32,60,,,,,,,,,20,ávido,1,,,0,0,1.11503,0,28,28,19,1,REAL,FALSA
,,,,,,,,001,2020-12-31_10h56.08.912,lextale_sp,2020.2.3,Win32,60,,,,,,,,,35,rompido,0,,,1,0,0.78033,0,29,29,34,1,REAL,FALSA
,,,,,,,,001,2020-12-31_10h56.08.912,lextale_sp,2020.2.3,Win32,60,,,,,,,,,33,pauca,0,,,0,1,0.75158,0,30,30,32,1,REAL,FALSA
,,,,,,,,001,2020-12-31_10h56.08.912,lextale_sp,2020.2.3,Win32,60,,,,,,,,,65,bizcocho,1,,,0,0,0.682785,0,31,31,64,1,REAL,FALSA
,,,,,,,,001,2020-12-31_10h56.08.912,lextale_sp,2020.2.3,Win32,60,,,,,,,,,84,escuto,0,,,1,0,0.70212,0,32,32,83,1,REAL,FALSA
,,,,,,,,001,2020-12-31_10h56.08.912,lextale_sp,2020.2.3,Win32,60,,,,,,,,,26,secuestro,1,,,1,1,0.68504,0,33,33,25,1,REAL,FALSA
,,,,,,,,001,2020-12-31_10h56.08.912,lextale_sp,2020.2.3,Win32,60,,,,,,,,,61,seda,1,,,0,0,0.69286,0,34,34,60,1,REAL,FALSA
,,,,,,,,001,2020-12-31_10h56.08.912,lextale_sp,2020.2.3,Win32,60,,,,,,,,,51,candado,1,,,1,1,0.89661,0,35,35,50,1,REAL,FALSA
,,,,,,,,001,2020-12-31_10h56.08.912,lextale_sp,2020.2.3,Win32,60,,,,,,,,,23,lampera,0,,,1,0,0.68508,0,36,36,22,1,REAL,FALSA
,,,,,,,,001,2020-12-31_10h56.08.912,lextale_sp,2020.2.3,Win32,60,,,,,,,,,87,grodo,0,,,0,1,0.55413,0,37,37,86,1,REAL,FALSA
,,,,,,,,001,2020-12-31_10h56.08.912,lextale_sp,2020.2.3,Win32,60,,,,,,,,,62,flaco,1,,,1,1,0.651845,0,38,38,61,1,REAL,FALSA
,,,,,,,,001,2020-12-31_10h56.08.912,lextale_sp,2020.2.3,Win32,60,,,,,,,,,70,temblo,0,,,0,1,1.137805,0,39,39,69,1,REAL,FALSA
,,,,,,,,001,2020-12-31_10h56.08.912,lextale_sp,2020.2.3,Win32,60,,,,,,,,,11,cenefa,1,,,0,0,0.990995,0,40,40,10,1,REAL,FALSA
,,,,,,,,001,2020-12-31_10h56.08.912,lextale_sp,2020.2.3,Win32,60,,,,,,,,,71,polvoriento,1,,,0,0,1.313255,0,41,41,70,1,REAL,FALSA
,,,,,,,,001,2020-12-31_10h56.08.912,lextale_sp,2020.2.3,Win32,60,,,,,,,,,42,cadallo,0,,,0,1,1.284715,0,42,42,41,1,REAL,FALSA
,,,,,,,,001,2020-12-31_10h56.08.912,lextale_sp,2020.2.3,Win32,60,,,,,,,,,77,tiburón,1,,,1,1,1.305565,0,43,43,76,1,REAL,FALSA
,,,,,,,,001,2020-12-31_10h56.08.912,lextale_sp,2020.2.3,Win32,60,,,,,,,,,43,canela,1,,,0,0,1.805215,0,44,44,42,1,REAL,FALSA
,,,,,,,,001,2020-12-31_10h56.08.912,lextale_sp,2020.2.3,Win32,60,,,,,,,,,52,camisa,1,,,1,1,0.595405,0,45,45,51,1,REAL,FALSA
,,,,,,,,001,2020-12-31_10h56.08.912,lextale_sp,2020.2.3,Win32,60,,,,,,,,,55,nevar,1,,,1,1,0.74449,0,46,46,54,1,REAL,FALSA
,,,,,,,,001,2020-12-31_10h56.08.912,lextale_sp,2020.2.3,Win32,60,,,,,,,,,56,musgo,1,,,0,0,0.66365,0,47,47,55,1,REAL,FALSA
,,,,,,,,001,2020-12-31_10h56.08.912,lextale_sp,2020.2.3,Win32,60,,,,,,,,,76,atar,1,,,1,1,0.651075,0,48,48,75,1,REAL,FALSA
,,,,,,,,001,2020-12-31_10h56.08.912,lextale_sp,2020.2.3,Win32,60,,,,,,,,,38,estornudar,1,,,1,1,2.103755,0,49,49,37,1,REAL,FALSA
,,,,,,,,001,2020-12-31_10h56.08.912,lextale_sp,2020.2.3,Win32,60,,,,,,,,,90,clavel,1,,,0,0,0.775025,0,50,50,89,1,REAL,FALSA
,,,,,,,,001,2020-12-31_10h56.08.912,lextale_sp,2020.2.3,Win32,60,,,,,,,,,1,terzo,0,,,0,1,1.14536,0,51,51,0,1,REAL,FALSA
,,,,,,,,001,2020-12-31_10h56.08.912,lextale_sp,2020.2.3,Win32,60,,,,,,,,,50,flamida,0,,,1,0,0.75947,0,52,52,49,1,REAL,FALSA
,,,,,,,,001,2020-12-31_10h56.08.912,lextale_sp,2020.2.3,Win32,60,,,,,,,,,85,laúd,1,,,0,0,0.775355,0,53,53,84,1,REAL,FALSA
,,,,,,,,001,2020-12-31_10h56.08.912,lextale_sp,2020.2.3,Win32,60,,,,,,,,,72,pemición,0,,,1,0,1.072255,0,54,54,71,1,REAL,FALSA
,,,,,,,,001,2020-12-31_10h56.08.912,lextale_sp,2020.2.3,Win32,60,,,,,,,,,44,cuchara,1,,,1,1,1.335735,0,55,55,43,1,REAL,FALSA
,,,,,,,,001,2020-12-31_10h56.08.912,lextale_sp,2020.2.3,Win32,60,,,,,,,,,8,cadeña,0,,,0,1,2.05227,0,56,56,7,1,REAL,FALSA
,,,,,,,,001,2020-12-31_10h56.08.912,lextale_sp,2020.2.3,Win32,60,,,,,,,,,18,arsa,0,,,0,1,1.58593,0,57,57,17,1,REAL,FALSA
,,,,,,,,001,2020-12-31_10h56.08.912,lextale_sp,2020.2.3,Win32,60,,,,,,,,,24,látigo,1,,,1,1,0.89336,0,58,58,23,1,REAL,FALSA
,,,,,,,,001,2020-12-31_10h56.08.912,lextale_sp,2020.2.3,Win32,60,,,,,,,,,27,acutación,0,,,0,1,0.881685,0,59,59,26,1,REAL,FALSA
,,,,,,,,001,2020-12-31_10h56.08.912,lextale_sp,2020.2.3,Win32,60,,,,,,,,,59,besar,1,,,0,0,0.691925,0,60,60,58,1,REAL,FALSA
,,,,,,,,001,2020-12-31_10h56.08.912,lextale_sp,2020.2.3,Win32,60,,,,,,,,,67,cabello,1,,,1,1,0.884915,0,61,61,66,1,REAL,FALSA
,,,,,,,,001,2020-12-31_10h56.08.912,lextale_sp,2020.2.3,Win32,60,,,,,,,,,40,alfombra,1,,,0,0,0.840665,0,62,62,39,1,REAL,FALSA
,,,,,,,,001,2020-12-31_10h56.08.912,lextale_sp,2020.2.3,Win32,60,,,,,,,,,81,pozo,1,,,0,0,0.59244,0,63,63,80,1,REAL,FALSA
,,,,,,,,001,2020-12-31_10h56.08.912,lextale_sp,2020.2.3,Win32,60,,,,,,,,,19,brecedad,0,,,0,1,1.07928,0,64,64,18,1,REAL,FALSA
,,,,,,,,001,2020-12-31_10h56.08.912,lextale_sp,2020.2.3,Win32,60,,,,,,,,,22,lacayo,1,,,1,1,0.810955,0,65,65,21,1,REAL,FALSA
,,,,,,,,001,2020-12-31_10h56.08.912,lextale_sp,2020.2.3,Win32,60,,,,,,,,,68,alegre,1,,,1,1,0.57764,0,66,66,67,1,REAL,FALSA
,,,,,,,,001,2020-12-31_10h56.08.912,lextale_sp,2020.2.3,Win32,60,,,,,,,,,14,yunque,1,,,0,0,0.66162,0,67,67,13,1,REAL,FALSA
,,,,,,,,001,2020-12-31_10h56.08.912,lextale_sp,2020.2.3,Win32,60,,,,,,,,,63,esposante,0,,,1,0,0.78996,0,68,68,62,1,REAL,FALSA
,,,,,,,,001,2020-12-31_10h56.08.912,lextale_sp,2020.2.3,Win32,60,,,,,,,,,6,tergiversar,1,,,0,0,1.519965,0,69,69,5,1,REAL,FALSA
,,,,,,,,001,2020-12-31_10h56.08.912,lextale_sp,2020.2.3,Win32,60,,,,,,,,,66,hacido,0,,,1,0,0.70593,0,70,70,65,1,REAL,FALSA
,,,,,,,,001,2020-12-31_10h56.08.912,lextale_sp,2020.2.3,Win32,60,,,,,,,,,53,vegada,0,,,1,0,0.61454,0,71,71,52,1,REAL,FALSA
,,,,,,,,001,2020-12-31_10h56.08.912,lextale_sp,2020.2.3,Win32,60,,,,,,,,,15,regar,1,,,1,1,0.6817,0,72,72,14,1,REAL,FALSA
,,,,,,,,001,2020-12-31_10h56.08.912,lextale_sp,2020.2.3,Win32,60,,,,,,,,,25,bisagra,1,,,0,0,0.91871,0,73,73,24,1,REAL,FALSA
,,,,,,,,001,2020-12-31_10h56.08.912,lextale_sp,2020.2.3,Win32,60,,,,,,,,,83,guante,1,,,1,1,0.88565,0,74,74,82,1,REAL,FALSA
,,,,,,,,001,2020-12-31_10h56.08.912,lextale_sp,2020.2.3,Win32,60,,,,,,,,,74,cintro,0,,,1,0,1.35004,0,75,75,73,1,REAL,FALSA
,,,,,,,,001,2020-12-31_10h56.08.912,lextale_sp,2020.2.3,Win32,60,,,,,,,,,9,hacha,1,,,0,0,1.295745,0,76,76,8,1,REAL,FALSA
,,,,,,,,001,2020-12-31_10h56.08.912,lextale_sp,2020.2.3,Win32,60,,,,,,,,,39,torpe,1,,,0,0,0.875685,0,77,77,38,1,REAL,FALSA
,,,,,,,,001,2020-12-31_10h56.08.912,lextale_sp,2020.2.3,Win32,60,,,,,,,,,41,rebuscar,1,,,1,1,0.90585,0,78,78,40,1,REAL,FALSA
,,,,,,,,001,2020-12-31_10h56.08.912,lextale_sp,2020.2.3,Win32,60,,,,,,,,,30,alardio,0,,,1,0,0.930075,0,79,79,29,1,REAL,FALSA
,,,,,,,,001,2020-12-31_10h56.08.912,lextale_sp,2020.2.3,Win32,60,,,,,,,,,75,yacer,1,,,1,1,1.144895,0,80,80,74,1,REAL,FALSA
,,,,,,,,001,2020-12-31_10h56.08.912,lextale_sp,2020.2.3,Win32,60,,,,,,,,,60,matar,1,,,0,0,0.642685,0,81,81,59,1,REAL,FALSA
,,,,,,,,001,2020-12-31_10h56.08.912,lextale_sp,2020.2.3,Win32,60,,,,,,,,,28,merodear,1,,,0,0,1.175065,0,82,82,27,1,REAL,FALSA
,,,,,,,,001,2020-12-31_10h56.08.912,lextale_sp,2020.2.3,Win32,60,,,,,,,,,89,prisa,1,,,1,1,0.978595,0,83,83,88,1,REAL,FALSA
,,,,,,,,001,2020-12-31_10h56.08.912,lextale_sp,2020.2.3,Win32,60,,,,,,,,,48,ladrón,1,,,0,0,0.75858,0,84,84,47,1,REAL,FALSA
,,,,,,,,001,2020-12-31_10h56.08.912,lextale_sp,2020.2.3,Win32,60,,,,,,,,,58,plaudir,0,,,1,0,0.72353,0,85,85,57,1,REAL,FALSA
,,,,,,,,001,2020-12-31_10h56.08.912,lextale_sp,2020.2.3,Win32,60,,,,,,,,,13,helar,1,,,1,1,1.035295,0,86,86,12,1,REAL,FALSA
,,,,,,,,001,2020-12-31_10h56.08.912,lextale_sp,2020.2.3,Win32,60,,,,,,,,,86,barato,1,,,1,1,1.402725,0,87,87,85,1,REAL,FALSA
,,,,,,,,001,2020-12-31_10h56.08.912,lextale_sp,2020.2.3,Win32,60,,,,,,,,,21,capillo,0,,,1,0,0.82941,0,88,88,20,1,REAL,FALSA
,,,,,,,,001,2020-12-31_10h56.08.912,lextale_sp,2020.2.3,Win32,60,,,,,,,,,80,hormiga,1,,,0,0,0.63807,0,89,89,79,1,REAL,FALSA
