lextale_instructions_loop.thisRepN,lextale_instructions_loop.thisTrialN,lextale_instructions_loop.thisN,lextale_instructions_loop.thisIndex,lextale_instructions_loop.ran,instructions_text,continue_text,participant,session,date,expName,psychopyVersion,OS,frameRate,key_resp_lextale_practice.keys,key_resp_lextale_practice.corr,key_resp_lextale_practice.rt,lextale_practice_trials.thisRepN,lextale_practice_trials.thisTrialN,lextale_practice_trials.thisN,lextale_practice_trials.thisIndex,lextale_practice_trials.ran,stim,word,correct_response,prac_button_real,prac_button_false,key_resp_lextale_trial.keys,key_resp_lextale_trial.corr,key_resp_lextale_trial.rt,lextail_trials.thisRepN,lextail_trials.thisTrialN,lextail_trials.thisN,lextail_trials.thisIndex,lextail_trials.ran,button_real,button_false
0,0,0,0,1,"Este es un test de vocabulario en español. 
  
  A continuación vas a ver 90 secuencias de letras que parecen 'españolas'.
  
  Solo algunas de ellas son palabras de verdad.",(presiona la barra espaciadora para continuar),,001,2020-10-29_12h26.48.077,lextale_sp,2020.2.3,Win32,60,,,,,,,,,,,,,,,,,,,,,,,
0,1,1,1,1,"Por favor, señala las palabras que tú conoces (aquellas que estás convencido que son palabras españolas, incluso aunque no seas capaz de dar el significado preciso).",(presiona la barra espaciadora para continuar),,001,2020-10-29_12h26.48.077,lextale_sp,2020.2.3,Win32,60,,,,,,,,,,,,,,,,,,,,,,,
0,2,2,2,1,Pero cuidado: los errores se penalizan. Por eso no tiene sentido tratar de incrementar tu puntuación marcando como reales palabras que nunca has visto.,(presiona la barra espaciadora para continuar),,001,2020-10-29_12h26.48.077,lextale_sp,2020.2.3,Win32,60,,,,,,,,,,,,,,,,,,,,,,,
0,3,3,3,1,"Presiona la tecla 1 si piensas que es una palabra real y la tecla 
  0 si piensas que es una palabra falsa. 
  
  Vamos a practicar un poco...",(presiona la barra espaciadora para continuar),,001,2020-10-29_12h26.48.077,lextale_sp,2020.2.3,Win32,60,,,,,,,,,,,,,,,,,,,,,,,
,,,,,,,,001,2020-10-29_12h26.48.077,lextale_sp,2020.2.3,Win32,60,0,1,2.91522,0,0,0,0,1,0,depiste,0,REAL,FALSA,,,,,,,,,,
,,,,,,,,001,2020-10-29_12h26.48.077,lextale_sp,2020.2.3,Win32,60,1,1,1.05989,0,1,1,1,1,0,sí,1,REAL,FALSA,,,,,,,,,,
,,,,,,,,001,2020-10-29_12h26.48.077,lextale_sp,2020.2.3,Win32,60,0,1,2.360305,0,2,2,2,1,0,coné,0,REAL,FALSA,,,,,,,,,,
,,,,,,,,001,2020-10-29_12h26.48.077,lextale_sp,2020.2.3,Win32,60,1,0,1.668165,0,3,3,3,1,0,calpar,0,REAL,FALSA,,,,,,,,,,
,,,,,,,,001,2020-10-29_12h26.48.077,lextale_sp,2020.2.3,Win32,60,0,1,1.387575,0,4,4,4,1,0,joten,0,REAL,FALSA,,,,,,,,,,
,,,,,,,,001,2020-10-29_12h26.48.077,lextale_sp,2020.2.3,Win32,60,1,1,1.31059,0,5,5,5,1,0,sacapuntas,1,REAL,FALSA,,,,,,,,,,
,,,,,,,,001,2020-10-29_12h26.48.077,lextale_sp,2020.2.3,Win32,60,0,1,1.904,0,6,6,6,1,0,priba,0,REAL,FALSA,,,,,,,,,,
,,,,,,,,001,2020-10-29_12h26.48.077,lextale_sp,2020.2.3,Win32,60,0,1,3.20981,0,7,7,7,1,0,pelasula,0,REAL,FALSA,,,,,,,,,,
,,,,,,,,001,2020-10-29_12h26.48.077,lextale_sp,2020.2.3,Win32,60,1,1,3.97793,0,8,8,8,1,0,bien,1,REAL,FALSA,,,,,,,,,,
,,,,,,,,001,2020-10-29_12h26.48.077,lextale_sp,2020.2.3,Win32,60,1,1,6.150005,0,9,9,9,1,0,casa,1,REAL,FALSA,,,,,,,,,,
,,,,,,,,001,2020-10-29_12h26.48.077,lextale_sp,2020.2.3,Win32,60,0,1,1.551435,0,10,10,10,1,0,lejo,0,REAL,FALSA,,,,,,,,,,
,,,,,,,,001,2020-10-29_12h26.48.077,lextale_sp,2020.2.3,Win32,60,0,1,3.21183,0,11,11,11,1,0,pretantas,0,REAL,FALSA,,,,,,,,,,
,,,,,,,,001,2020-10-29_12h26.48.077,lextale_sp,2020.2.3,Win32,60,,,,,,,,,3,pulmones,1,,,1,1,1.304765,0,0,0,2,1,REAL,FALSA
,,,,,,,,001,2020-10-29_12h26.48.077,lextale_sp,2020.2.3,Win32,60,,,,,,,,,17,floroso,0,,,0,1,1.526915,0,1,1,16,1,REAL,FALSA
,,,,,,,,001,2020-10-29_12h26.48.077,lextale_sp,2020.2.3,Win32,60,,,,,,,,,7,pésimo,1,,,1,1,1.96349,0,2,2,6,1,REAL,FALSA
,,,,,,,,001,2020-10-29_12h26.48.077,lextale_sp,2020.2.3,Win32,60,,,,,,,,,26,secuestro,1,,,1,1,1.32963,0,3,3,25,1,REAL,FALSA
,,,,,,,,001,2020-10-29_12h26.48.077,lextale_sp,2020.2.3,Win32,60,,,,,,,,,38,estornudar,1,,,1,1,1.97114,0,4,4,37,1,REAL,FALSA
,,,,,,,,001,2020-10-29_12h26.48.077,lextale_sp,2020.2.3,Win32,60,,,,,,,,,21,capillo,0,,,1,0,2.94956,0,5,5,20,1,REAL,FALSA
,,,,,,,,001,2020-10-29_12h26.48.077,lextale_sp,2020.2.3,Win32,60,,,,,,,,,43,canela,1,,,1,1,1.8804,0,6,6,42,1,REAL,FALSA
,,,,,,,,001,2020-10-29_12h26.48.077,lextale_sp,2020.2.3,Win32,60,,,,,,,,,31,pandilla,1,,,1,1,1.08675,0,7,7,30,1,REAL,FALSA
,,,,,,,,001,2020-10-29_12h26.48.077,lextale_sp,2020.2.3,Win32,60,,,,,,,,,44,cuchara,1,,,0,0,0.972045,0,8,8,43,1,REAL,FALSA
,,,,,,,,001,2020-10-29_12h26.48.077,lextale_sp,2020.2.3,Win32,60,,,,,,,,,62,flaco,1,,,1,1,0.95045,0,9,9,61,1,REAL,FALSA
,,,,,,,,001,2020-10-29_12h26.48.077,lextale_sp,2020.2.3,Win32,60,,,,,,,,,68,alegre,1,,,1,1,1.180175,0,10,10,67,1,REAL,FALSA
,,,,,,,,001,2020-10-29_12h26.48.077,lextale_sp,2020.2.3,Win32,60,,,,,,,,,39,torpe,1,,,0,0,0.86416,0,11,11,38,1,REAL,FALSA
,,,,,,,,001,2020-10-29_12h26.48.077,lextale_sp,2020.2.3,Win32,60,,,,,,,,,5,zapato,1,,,1,1,0.73162,0,12,12,4,1,REAL,FALSA
,,,,,,,,001,2020-10-29_12h26.48.077,lextale_sp,2020.2.3,Win32,60,,,,,,,,,45,jilguero,1,,,0,0,1.131055,0,13,13,44,1,REAL,FALSA
,,,,,,,,001,2020-10-29_12h26.48.077,lextale_sp,2020.2.3,Win32,60,,,,,,,,,14,yunque,1,,,1,1,1.094005,0,14,14,13,1,REAL,FALSA
,,,,,,,,001,2020-10-29_12h26.48.077,lextale_sp,2020.2.3,Win32,60,,,,,,,,,49,ganar,1,,,1,1,0.721105,0,15,15,48,1,REAL,FALSA
,,,,,,,,001,2020-10-29_12h26.48.077,lextale_sp,2020.2.3,Win32,60,,,,,,,,,64,orgulloso,1,,,1,1,0.54192,0,16,16,63,1,REAL,FALSA
,,,,,,,,001,2020-10-29_12h26.48.077,lextale_sp,2020.2.3,Win32,60,,,,,,,,,19,brecedad,0,,,0,1,0.865325,0,17,17,18,1,REAL,FALSA
,,,,,,,,001,2020-10-29_12h26.48.077,lextale_sp,2020.2.3,Win32,60,,,,,,,,,70,temblo,0,,,1,0,2.61452,0,18,18,69,1,REAL,FALSA
,,,,,,,,001,2020-10-29_12h26.48.077,lextale_sp,2020.2.3,Win32,60,,,,,,,,,35,rompido,0,,,0,1,0.858485,0,19,19,34,1,REAL,FALSA
,,,,,,,,001,2020-10-29_12h26.48.077,lextale_sp,2020.2.3,Win32,60,,,,,,,,,83,guante,1,,,1,1,0.85078,0,20,20,82,1,REAL,FALSA
,,,,,,,,001,2020-10-29_12h26.48.077,lextale_sp,2020.2.3,Win32,60,,,,,,,,,82,empirador,0,,,0,1,1.095495,0,21,21,81,1,REAL,FALSA
,,,,,,,,001,2020-10-29_12h26.48.077,lextale_sp,2020.2.3,Win32,60,,,,,,,,,11,cenefa,1,,,0,0,0.950485,0,22,22,10,1,REAL,FALSA
,,,,,,,,001,2020-10-29_12h26.48.077,lextale_sp,2020.2.3,Win32,60,,,,,,,,,36,loro,1,,,1,1,2.03354,0,23,23,35,1,REAL,FALSA
,,,,,,,,001,2020-10-29_12h26.48.077,lextale_sp,2020.2.3,Win32,60,,,,,,,,,78,frondoso,1,,,0,0,0.757495,0,24,24,77,1,REAL,FALSA
,,,,,,,,001,2020-10-29_12h26.48.077,lextale_sp,2020.2.3,Win32,60,,,,,,,,,22,lacayo,1,,,0,0,1.411485,0,25,25,21,1,REAL,FALSA
,,,,,,,,001,2020-10-29_12h26.48.077,lextale_sp,2020.2.3,Win32,60,,,,,,,,,33,pauca,0,,,0,1,1.16077,0,26,26,32,1,REAL,FALSA
,,,,,,,,001,2020-10-29_12h26.48.077,lextale_sp,2020.2.3,Win32,60,,,,,,,,,61,seda,1,,,1,1,0.91809,0,27,27,60,1,REAL,FALSA
,,,,,,,,001,2020-10-29_12h26.48.077,lextale_sp,2020.2.3,Win32,60,,,,,,,,,51,candado,1,,,0,0,1.17433,0,28,28,50,1,REAL,FALSA
,,,,,,,,001,2020-10-29_12h26.48.077,lextale_sp,2020.2.3,Win32,60,,,,,,,,,56,musgo,1,,,0,0,0.922595,0,29,29,55,1,REAL,FALSA
,,,,,,,,001,2020-10-29_12h26.48.077,lextale_sp,2020.2.3,Win32,60,,,,,,,,,25,bisagra,1,,,0,0,0.83089,0,30,30,24,1,REAL,FALSA
,,,,,,,,001,2020-10-29_12h26.48.077,lextale_sp,2020.2.3,Win32,60,,,,,,,,,89,prisa,1,,,1,1,1.35746,0,31,31,88,1,REAL,FALSA
,,,,,,,,001,2020-10-29_12h26.48.077,lextale_sp,2020.2.3,Win32,60,,,,,,,,,75,yacer,1,,,0,0,0.72004,0,32,32,74,1,REAL,FALSA
,,,,,,,,001,2020-10-29_12h26.48.077,lextale_sp,2020.2.3,Win32,60,,,,,,,,,90,clavel,1,,,1,1,3.034585,0,33,33,89,1,REAL,FALSA
,,,,,,,,001,2020-10-29_12h26.48.077,lextale_sp,2020.2.3,Win32,60,,,,,,,,,54,fomentar,1,,,1,1,1.044235,0,34,34,53,1,REAL,FALSA
,,,,,,,,001,2020-10-29_12h26.48.077,lextale_sp,2020.2.3,Win32,60,,,,,,,,,50,flamida,0,,,0,1,0.952175,0,35,35,49,1,REAL,FALSA
,,,,,,,,001,2020-10-29_12h26.48.077,lextale_sp,2020.2.3,Win32,60,,,,,,,,,29,decar,0,,,0,1,1.403285,0,36,36,28,1,REAL,FALSA
,,,,,,,,001,2020-10-29_12h26.48.077,lextale_sp,2020.2.3,Win32,60,,,,,,,,,77,tiburón,1,,,1,1,0.69878,0,37,37,76,1,REAL,FALSA
,,,,,,,,001,2020-10-29_12h26.48.077,lextale_sp,2020.2.3,Win32,60,,,,,,,,,20,ávido,1,,,0,0,1.05633,0,38,38,19,1,REAL,FALSA
,,,,,,,,001,2020-10-29_12h26.48.077,lextale_sp,2020.2.3,Win32,60,,,,,,,,,60,matar,1,,,1,1,0.72571,0,39,39,59,1,REAL,FALSA
,,,,,,,,001,2020-10-29_12h26.48.077,lextale_sp,2020.2.3,Win32,60,,,,,,,,,67,cabello,1,,,1,1,0.848505,0,40,40,66,1,REAL,FALSA
,,,,,,,,001,2020-10-29_12h26.48.077,lextale_sp,2020.2.3,Win32,60,,,,,,,,,34,aviso,1,,,1,1,0.6653,0,41,41,33,1,REAL,FALSA
,,,,,,,,001,2020-10-29_12h26.48.077,lextale_sp,2020.2.3,Win32,60,,,,,,,,,13,helar,1,,,1,1,1.30249,0,42,42,12,1,REAL,FALSA
,,,,,,,,001,2020-10-29_12h26.48.077,lextale_sp,2020.2.3,Win32,60,,,,,,,,,37,granuja,1,,,0,0,0.715335,0,43,43,36,1,REAL,FALSA
,,,,,,,,001,2020-10-29_12h26.48.077,lextale_sp,2020.2.3,Win32,60,,,,,,,,,81,pozo,1,,,1,1,0.672455,0,44,44,80,1,REAL,FALSA
,,,,,,,,001,2020-10-29_12h26.48.077,lextale_sp,2020.2.3,Win32,60,,,,,,,,,87,grodo,0,,,0,1,0.6635,0,45,45,86,1,REAL,FALSA
,,,,,,,,001,2020-10-29_12h26.48.077,lextale_sp,2020.2.3,Win32,60,,,,,,,,,27,acutación,0,,,0,1,3.312345,0,46,46,26,1,REAL,FALSA
,,,,,,,,001,2020-10-29_12h26.48.077,lextale_sp,2020.2.3,Win32,60,,,,,,,,,88,acantilado,1,,,0,0,0.823865,0,47,47,87,1,REAL,FALSA
,,,,,,,,001,2020-10-29_12h26.48.077,lextale_sp,2020.2.3,Win32,60,,,,,,,,,40,alfombra,1,,,1,1,0.77518,0,48,48,39,1,REAL,FALSA
,,,,,,,,001,2020-10-29_12h26.48.077,lextale_sp,2020.2.3,Win32,60,,,,,,,,,12,asesinato,1,,,1,1,1.389355,0,49,49,11,1,REAL,FALSA
,,,,,,,,001,2020-10-29_12h26.48.077,lextale_sp,2020.2.3,Win32,60,,,,,,,,,53,vegada,0,,,0,1,0.708035,0,50,50,52,1,REAL,FALSA
,,,,,,,,001,2020-10-29_12h26.48.077,lextale_sp,2020.2.3,Win32,60,,,,,,,,,8,cadeña,0,,,1,0,1.45865,0,51,51,7,1,REAL,FALSA
,,,,,,,,001,2020-10-29_12h26.48.077,lextale_sp,2020.2.3,Win32,60,,,,,,,,,66,hacido,0,,,1,0,1.474445,0,52,52,65,1,REAL,FALSA
,,,,,,,,001,2020-10-29_12h26.48.077,lextale_sp,2020.2.3,Win32,60,,,,,,,,,65,bizcocho,1,,,1,1,0.94349,0,53,53,64,1,REAL,FALSA
,,,,,,,,001,2020-10-29_12h26.48.077,lextale_sp,2020.2.3,Win32,60,,,,,,,,,41,rebuscar,1,,,0,0,0.748505,0,54,54,40,1,REAL,FALSA
,,,,,,,,001,2020-10-29_12h26.48.077,lextale_sp,2020.2.3,Win32,60,,,,,,,,,16,abracer,0,,,1,0,2.42408,0,55,55,15,1,REAL,FALSA
,,,,,,,,001,2020-10-29_12h26.48.077,lextale_sp,2020.2.3,Win32,60,,,,,,,,,71,polvoriento,1,,,0,0,1.00702,0,56,56,70,1,REAL,FALSA
,,,,,,,,001,2020-10-29_12h26.48.077,lextale_sp,2020.2.3,Win32,60,,,,,,,,,58,plaudir,0,,,0,1,0.96337,0,57,57,57,1,REAL,FALSA
,,,,,,,,001,2020-10-29_12h26.48.077,lextale_sp,2020.2.3,Win32,60,,,,,,,,,86,barato,1,,,1,1,0.84385,0,58,58,85,1,REAL,FALSA
,,,,,,,,001,2020-10-29_12h26.48.077,lextale_sp,2020.2.3,Win32,60,,,,,,,,,69,engatusar,1,,,0,0,0.672315,0,59,59,68,1,REAL,FALSA
,,,,,,,,001,2020-10-29_12h26.48.077,lextale_sp,2020.2.3,Win32,60,,,,,,,,,47,cartinar,0,,,0,1,0.93659,0,60,60,46,1,REAL,FALSA
,,,,,,,,001,2020-10-29_12h26.48.077,lextale_sp,2020.2.3,Win32,60,,,,,,,,,9,hacha,1,,,0,0,1.049385,0,61,61,8,1,REAL,FALSA
,,,,,,,,001,2020-10-29_12h26.48.077,lextale_sp,2020.2.3,Win32,60,,,,,,,,,23,lampera,0,,,0,1,0.73004,0,62,62,22,1,REAL,FALSA
,,,,,,,,001,2020-10-29_12h26.48.077,lextale_sp,2020.2.3,Win32,60,,,,,,,,,85,laúd,1,,,0,0,0.86853,0,63,63,84,1,REAL,FALSA
,,,,,,,,001,2020-10-29_12h26.48.077,lextale_sp,2020.2.3,Win32,60,,,,,,,,,84,escuto,0,,,1,0,0.828205,0,64,64,83,1,REAL,FALSA
,,,,,,,,001,2020-10-29_12h26.48.077,lextale_sp,2020.2.3,Win32,60,,,,,,,,,73,hervidor,1,,,0,0,0.846965,0,65,65,72,1,REAL,FALSA
,,,,,,,,001,2020-10-29_12h26.48.077,lextale_sp,2020.2.3,Win32,60,,,,,,,,,76,atar,1,,,1,1,1.187565,0,66,66,75,1,REAL,FALSA
,,,,,,,,001,2020-10-29_12h26.48.077,lextale_sp,2020.2.3,Win32,60,,,,,,,,,28,merodear,1,,,0,0,0.865265,0,67,67,27,1,REAL,FALSA
,,,,,,,,001,2020-10-29_12h26.48.077,lextale_sp,2020.2.3,Win32,60,,,,,,,,,80,hormiga,1,,,1,1,1.481685,0,68,68,79,1,REAL,FALSA
,,,,,,,,001,2020-10-29_12h26.48.077,lextale_sp,2020.2.3,Win32,60,,,,,,,,,4,batillón,0,,,0,1,0.8326,0,69,69,3,1,REAL,FALSA
,,,,,,,,001,2020-10-29_12h26.48.077,lextale_sp,2020.2.3,Win32,60,,,,,,,,,52,camisa,1,,,1,1,1.1006,0,70,70,51,1,REAL,FALSA
,,,,,,,,001,2020-10-29_12h26.48.077,lextale_sp,2020.2.3,Win32,60,,,,,,,,,6,tergiversar,1,,,0,0,0.73929,0,71,71,5,1,REAL,FALSA
,,,,,,,,001,2020-10-29_12h26.48.077,lextale_sp,2020.2.3,Win32,60,,,,,,,,,48,ladrón,1,,,1,1,0.684805,0,72,72,47,1,REAL,FALSA
,,,,,,,,001,2020-10-29_12h26.48.077,lextale_sp,2020.2.3,Win32,60,,,,,,,,,1,terzo,0,,,0,1,1.807565,0,73,73,0,1,REAL,FALSA
,,,,,,,,001,2020-10-29_12h26.48.077,lextale_sp,2020.2.3,Win32,60,,,,,,,,,2,pellizcar,1,,,0,0,0.660905,0,74,74,1,1,REAL,FALSA
,,,,,,,,001,2020-10-29_12h26.48.077,lextale_sp,2020.2.3,Win32,60,,,,,,,,,18,arsa,0,,,0,1,0.79812,0,75,75,17,1,REAL,FALSA
,,,,,,,,001,2020-10-29_12h26.48.077,lextale_sp,2020.2.3,Win32,60,,,,,,,,,72,pemición,0,,,0,1,0.74924,0,76,76,71,1,REAL,FALSA
,,,,,,,,001,2020-10-29_12h26.48.077,lextale_sp,2020.2.3,Win32,60,,,,,,,,,30,alardio,0,,,1,0,0.88366,0,77,77,29,1,REAL,FALSA
,,,,,,,,001,2020-10-29_12h26.48.077,lextale_sp,2020.2.3,Win32,60,,,,,,,,,10,antar,0,,,0,1,0.785295,0,78,78,9,1,REAL,FALSA
,,,,,,,,001,2020-10-29_12h26.48.077,lextale_sp,2020.2.3,Win32,60,,,,,,,,,79,tropaje,0,,,0,1,0.81543,0,79,79,78,1,REAL,FALSA
,,,,,,,,001,2020-10-29_12h26.48.077,lextale_sp,2020.2.3,Win32,60,,,,,,,,,59,besar,1,,,1,1,0.704475,0,80,80,58,1,REAL,FALSA
,,,,,,,,001,2020-10-29_12h26.48.077,lextale_sp,2020.2.3,Win32,60,,,,,,,,,15,regar,1,,,0,0,1.393345,0,81,81,14,1,REAL,FALSA
,,,,,,,,001,2020-10-29_12h26.48.077,lextale_sp,2020.2.3,Win32,60,,,,,,,,,32,fatacidad,0,,,0,1,1.00029,0,82,82,31,1,REAL,FALSA
,,,,,,,,001,2020-10-29_12h26.48.077,lextale_sp,2020.2.3,Win32,60,,,,,,,,,63,esposante,0,,,0,1,0.861585,0,83,83,62,1,REAL,FALSA
,,,,,,,,001,2020-10-29_12h26.48.077,lextale_sp,2020.2.3,Win32,60,,,,,,,,,57,tacaño,1,,,0,0,0.94136,0,84,84,56,1,REAL,FALSA
,,,,,,,,001,2020-10-29_12h26.48.077,lextale_sp,2020.2.3,Win32,60,,,,,,,,,74,cintro,0,,,0,1,0.846545,0,85,85,73,1,REAL,FALSA
,,,,,,,,001,2020-10-29_12h26.48.077,lextale_sp,2020.2.3,Win32,60,,,,,,,,,46,martillo,1,,,1,1,0.86526,0,86,86,45,1,REAL,FALSA
,,,,,,,,001,2020-10-29_12h26.48.077,lextale_sp,2020.2.3,Win32,60,,,,,,,,,24,látigo,1,,,1,1,1.870345,0,87,87,23,1,REAL,FALSA
,,,,,,,,001,2020-10-29_12h26.48.077,lextale_sp,2020.2.3,Win32,60,,,,,,,,,42,cadallo,0,,,0,1,0.69993,0,88,88,41,1,REAL,FALSA
,,,,,,,,001,2020-10-29_12h26.48.077,lextale_sp,2020.2.3,Win32,60,,,,,,,,,55,nevar,1,,,1,1,0.771535,0,89,89,54,1,REAL,FALSA
