lextale_instructions_loop.thisRepN,lextale_instructions_loop.thisTrialN,lextale_instructions_loop.thisN,lextale_instructions_loop.thisIndex,lextale_instructions_loop.ran,instructions_text,continue_text,participant,session,date,expName,psychopyVersion,OS,frameRate,key_resp_lextale_practice.keys,key_resp_lextale_practice.corr,key_resp_lextale_practice.rt,lextale_practice_trials.thisRepN,lextale_practice_trials.thisTrialN,lextale_practice_trials.thisN,lextale_practice_trials.thisIndex,lextale_practice_trials.ran,stim,word,correct_response,prac_button_real,prac_button_false,key_resp_lextale_trial.keys,key_resp_lextale_trial.corr,key_resp_lextale_trial.rt,lextail_trials.thisRepN,lextail_trials.thisTrialN,lextail_trials.thisN,lextail_trials.thisIndex,lextail_trials.ran,button_real,button_false
0,0,0,0,1,"Este es un test de vocabulario en español. 
  
  A continuación vas a ver 90 secuencias de letras que parecen 'españolas'.
  
  Solo algunas de ellas son palabras de verdad.",(presiona la barra espaciadora para continuar),,001,2020-12-22_11h08.51.892,lextale_sp,2020.2.3,Win32,60,,,,,,,,,,,,,,,,,,,,,,,
0,1,1,1,1,"Por favor, señala las palabras que tú conoces (aquellas que estás convencido que son palabras españolas, incluso aunque no seas capaz de dar el significado preciso).",(presiona la barra espaciadora para continuar),,001,2020-12-22_11h08.51.892,lextale_sp,2020.2.3,Win32,60,,,,,,,,,,,,,,,,,,,,,,,
0,2,2,2,1,Pero cuidado: los errores se penalizan. Por eso no tiene sentido tratar de incrementar tu puntuación marcando como reales palabras que nunca has visto.,(presiona la barra espaciadora para continuar),,001,2020-12-22_11h08.51.892,lextale_sp,2020.2.3,Win32,60,,,,,,,,,,,,,,,,,,,,,,,
0,3,3,3,1,"Presiona la tecla 1 si piensas que es una palabra real y la tecla 
  0 si piensas que es una palabra falsa. 
  
  Vamos a practicar un poco...",(presiona la barra espaciadora para continuar),,001,2020-12-22_11h08.51.892,lextale_sp,2020.2.3,Win32,60,,,,,,,,,,,,,,,,,,,,,,,
,,,,,,,,001,2020-12-22_11h08.51.892,lextale_sp,2020.2.3,Win32,60,0,1,1.232145,0,0,0,0,1,0,depiste,0,REAL,FALSA,,,,,,,,,,
,,,,,,,,001,2020-12-22_11h08.51.892,lextale_sp,2020.2.3,Win32,60,1,1,0.536715,0,1,1,1,1,0,sí,1,REAL,FALSA,,,,,,,,,,
,,,,,,,,001,2020-12-22_11h08.51.892,lextale_sp,2020.2.3,Win32,60,0,1,0.685595,0,2,2,2,1,0,coné,0,REAL,FALSA,,,,,,,,,,
,,,,,,,,001,2020-12-22_11h08.51.892,lextale_sp,2020.2.3,Win32,60,0,1,0.64724,0,3,3,3,1,0,calpar,0,REAL,FALSA,,,,,,,,,,
,,,,,,,,001,2020-12-22_11h08.51.892,lextale_sp,2020.2.3,Win32,60,0,1,0.587535,0,4,4,4,1,0,joten,0,REAL,FALSA,,,,,,,,,,
,,,,,,,,001,2020-12-22_11h08.51.892,lextale_sp,2020.2.3,Win32,60,1,1,0.69749,0,5,5,5,1,0,sacapuntas,1,REAL,FALSA,,,,,,,,,,
,,,,,,,,001,2020-12-22_11h08.51.892,lextale_sp,2020.2.3,Win32,60,0,1,0.731255,0,6,6,6,1,0,priba,0,REAL,FALSA,,,,,,,,,,
,,,,,,,,001,2020-12-22_11h08.51.892,lextale_sp,2020.2.3,Win32,60,0,1,0.82295,0,7,7,7,1,0,pelasula,0,REAL,FALSA,,,,,,,,,,
,,,,,,,,001,2020-12-22_11h08.51.892,lextale_sp,2020.2.3,Win32,60,1,1,0.55334,0,8,8,8,1,0,bien,1,REAL,FALSA,,,,,,,,,,
,,,,,,,,001,2020-12-22_11h08.51.892,lextale_sp,2020.2.3,Win32,60,1,1,0.46649,0,9,9,9,1,0,casa,1,REAL,FALSA,,,,,,,,,,
,,,,,,,,001,2020-12-22_11h08.51.892,lextale_sp,2020.2.3,Win32,60,0,1,0.46721,0,10,10,10,1,0,lejo,0,REAL,FALSA,,,,,,,,,,
,,,,,,,,001,2020-12-22_11h08.51.892,lextale_sp,2020.2.3,Win32,60,0,1,0.746885,0,11,11,11,1,0,pretantas,0,REAL,FALSA,,,,,,,,,,
,,,,,,,,001,2020-12-22_11h08.51.892,lextale_sp,2020.2.3,Win32,60,,,,,,,,,81,pozo,1,,,1,1,0.747225,0,0,0,80,1,REAL,FALSA
,,,,,,,,001,2020-12-22_11h08.51.892,lextale_sp,2020.2.3,Win32,60,,,,,,,,,83,guante,1,,,1,1,0.63624,0,1,1,82,1,REAL,FALSA
,,,,,,,,001,2020-12-22_11h08.51.892,lextale_sp,2020.2.3,Win32,60,,,,,,,,,55,nevar,1,,,1,1,0.656305,0,2,2,54,1,REAL,FALSA
,,,,,,,,001,2020-12-22_11h08.51.892,lextale_sp,2020.2.3,Win32,60,,,,,,,,,43,canela,1,,,1,1,0.686285,0,3,3,42,1,REAL,FALSA
,,,,,,,,001,2020-12-22_11h08.51.892,lextale_sp,2020.2.3,Win32,60,,,,,,,,,11,cenefa,1,,,0,0,0.556885,0,4,4,10,1,REAL,FALSA
,,,,,,,,001,2020-12-22_11h08.51.892,lextale_sp,2020.2.3,Win32,60,,,,,,,,,78,frondoso,1,,,1,1,0.63448,0,5,5,77,1,REAL,FALSA
,,,,,,,,001,2020-12-22_11h08.51.892,lextale_sp,2020.2.3,Win32,60,,,,,,,,,50,flamida,0,,,0,1,0.675125,0,6,6,49,1,REAL,FALSA
,,,,,,,,001,2020-12-22_11h08.51.892,lextale_sp,2020.2.3,Win32,60,,,,,,,,,3,pulmones,1,,,1,1,0.60589,0,7,7,2,1,REAL,FALSA
,,,,,,,,001,2020-12-22_11h08.51.892,lextale_sp,2020.2.3,Win32,60,,,,,,,,,29,decar,0,,,0,1,0.65896,0,8,8,28,1,REAL,FALSA
,,,,,,,,001,2020-12-22_11h08.51.892,lextale_sp,2020.2.3,Win32,60,,,,,,,,,37,granuja,1,,,0,0,0.63336,0,9,9,36,1,REAL,FALSA
,,,,,,,,001,2020-12-22_11h08.51.892,lextale_sp,2020.2.3,Win32,60,,,,,,,,,49,ganar,1,,,1,1,0.681345,0,10,10,48,1,REAL,FALSA
,,,,,,,,001,2020-12-22_11h08.51.892,lextale_sp,2020.2.3,Win32,60,,,,,,,,,19,brecedad,0,,,0,1,0.68952,0,11,11,18,1,REAL,FALSA
,,,,,,,,001,2020-12-22_11h08.51.892,lextale_sp,2020.2.3,Win32,60,,,,,,,,,86,barato,1,,,1,1,0.581285,0,12,12,85,1,REAL,FALSA
,,,,,,,,001,2020-12-22_11h08.51.892,lextale_sp,2020.2.3,Win32,60,,,,,,,,,39,torpe,1,,,1,1,0.631405,0,13,13,38,1,REAL,FALSA
,,,,,,,,001,2020-12-22_11h08.51.892,lextale_sp,2020.2.3,Win32,60,,,,,,,,,10,antar,0,,,0,1,0.721285,0,14,14,9,1,REAL,FALSA
,,,,,,,,001,2020-12-22_11h08.51.892,lextale_sp,2020.2.3,Win32,60,,,,,,,,,90,clavel,1,,,1,1,0.505235,0,15,15,89,1,REAL,FALSA
,,,,,,,,001,2020-12-22_11h08.51.892,lextale_sp,2020.2.3,Win32,60,,,,,,,,,82,empirador,0,,,0,1,0.845625,0,16,16,81,1,REAL,FALSA
,,,,,,,,001,2020-12-22_11h08.51.892,lextale_sp,2020.2.3,Win32,60,,,,,,,,,42,cadallo,0,,,0,1,0.62524,0,17,17,41,1,REAL,FALSA
,,,,,,,,001,2020-12-22_11h08.51.892,lextale_sp,2020.2.3,Win32,60,,,,,,,,,35,rompido,0,,,0,1,0.83088,0,18,18,34,1,REAL,FALSA
,,,,,,,,001,2020-12-22_11h08.51.892,lextale_sp,2020.2.3,Win32,60,,,,,,,,,23,lampera,0,,,0,1,0.66754,0,19,19,22,1,REAL,FALSA
,,,,,,,,001,2020-12-22_11h08.51.892,lextale_sp,2020.2.3,Win32,60,,,,,,,,,51,candado,1,,,1,1,0.61219,0,20,20,50,1,REAL,FALSA
,,,,,,,,001,2020-12-22_11h08.51.892,lextale_sp,2020.2.3,Win32,60,,,,,,,,,2,pellizcar,1,,,1,1,0.63929,0,21,21,1,1,REAL,FALSA
,,,,,,,,001,2020-12-22_11h08.51.892,lextale_sp,2020.2.3,Win32,60,,,,,,,,,18,arsa,0,,,0,1,0.68614,0,22,22,17,1,REAL,FALSA
,,,,,,,,001,2020-12-22_11h08.51.892,lextale_sp,2020.2.3,Win32,60,,,,,,,,,74,cintro,0,,,0,1,0.616985,0,23,23,73,1,REAL,FALSA
,,,,,,,,001,2020-12-22_11h08.51.892,lextale_sp,2020.2.3,Win32,60,,,,,,,,,5,zapato,1,,,1,1,0.5478,0,24,24,4,1,REAL,FALSA
,,,,,,,,001,2020-12-22_11h08.51.892,lextale_sp,2020.2.3,Win32,60,,,,,,,,,45,jilguero,1,,,0,0,0.58313,0,25,25,44,1,REAL,FALSA
,,,,,,,,001,2020-12-22_11h08.51.892,lextale_sp,2020.2.3,Win32,60,,,,,,,,,44,cuchara,1,,,1,1,0.648485,0,26,26,43,1,REAL,FALSA
,,,,,,,,001,2020-12-22_11h08.51.892,lextale_sp,2020.2.3,Win32,60,,,,,,,,,59,besar,1,,,1,1,0.614905,0,27,27,58,1,REAL,FALSA
,,,,,,,,001,2020-12-22_11h08.51.892,lextale_sp,2020.2.3,Win32,60,,,,,,,,,17,floroso,0,,,0,1,0.933205,0,28,28,16,1,REAL,FALSA
,,,,,,,,001,2020-12-22_11h08.51.892,lextale_sp,2020.2.3,Win32,60,,,,,,,,,52,camisa,1,,,1,1,0.54994,0,29,29,51,1,REAL,FALSA
,,,,,,,,001,2020-12-22_11h08.51.892,lextale_sp,2020.2.3,Win32,60,,,,,,,,,31,pandilla,1,,,1,1,0.59358,0,30,30,30,1,REAL,FALSA
,,,,,,,,001,2020-12-22_11h08.51.892,lextale_sp,2020.2.3,Win32,60,,,,,,,,,73,hervidor,1,,,1,1,0.974335,0,31,31,72,1,REAL,FALSA
,,,,,,,,001,2020-12-22_11h08.51.892,lextale_sp,2020.2.3,Win32,60,,,,,,,,,14,yunque,1,,,1,1,0.65077,0,32,32,13,1,REAL,FALSA
,,,,,,,,001,2020-12-22_11h08.51.892,lextale_sp,2020.2.3,Win32,60,,,,,,,,,33,pauca,0,,,0,1,0.640675,0,33,33,32,1,REAL,FALSA
,,,,,,,,001,2020-12-22_11h08.51.892,lextale_sp,2020.2.3,Win32,60,,,,,,,,,13,helar,1,,,1,1,0.665815,0,34,34,12,1,REAL,FALSA
,,,,,,,,001,2020-12-22_11h08.51.892,lextale_sp,2020.2.3,Win32,60,,,,,,,,,68,alegre,1,,,1,1,0.563555,0,35,35,67,1,REAL,FALSA
,,,,,,,,001,2020-12-22_11h08.51.892,lextale_sp,2020.2.3,Win32,60,,,,,,,,,89,prisa,1,,,1,1,0.52596,0,36,36,88,1,REAL,FALSA
,,,,,,,,001,2020-12-22_11h08.51.892,lextale_sp,2020.2.3,Win32,60,,,,,,,,,63,esposante,0,,,0,1,1.53334,0,37,37,62,1,REAL,FALSA
,,,,,,,,001,2020-12-22_11h08.51.892,lextale_sp,2020.2.3,Win32,60,,,,,,,,,4,batillón,0,,,0,1,0.72251,0,38,38,3,1,REAL,FALSA
,,,,,,,,001,2020-12-22_11h08.51.892,lextale_sp,2020.2.3,Win32,60,,,,,,,,,70,temblo,0,,,0,1,0.767275,0,39,39,69,1,REAL,FALSA
,,,,,,,,001,2020-12-22_11h08.51.892,lextale_sp,2020.2.3,Win32,60,,,,,,,,,8,cadeña,0,,,0,1,0.63262,0,40,40,7,1,REAL,FALSA
,,,,,,,,001,2020-12-22_11h08.51.892,lextale_sp,2020.2.3,Win32,60,,,,,,,,,21,capillo,0,,,0,1,0.755315,0,41,41,20,1,REAL,FALSA
,,,,,,,,001,2020-12-22_11h08.51.892,lextale_sp,2020.2.3,Win32,60,,,,,,,,,65,bizcocho,1,,,1,1,0.664325,0,42,42,64,1,REAL,FALSA
,,,,,,,,001,2020-12-22_11h08.51.892,lextale_sp,2020.2.3,Win32,60,,,,,,,,,84,escuto,0,,,0,1,0.66485,0,43,43,83,1,REAL,FALSA
,,,,,,,,001,2020-12-22_11h08.51.892,lextale_sp,2020.2.3,Win32,60,,,,,,,,,25,bisagra,1,,,1,1,1.068015,0,44,44,24,1,REAL,FALSA
,,,,,,,,001,2020-12-22_11h08.51.892,lextale_sp,2020.2.3,Win32,60,,,,,,,,,12,asesinato,1,,,1,1,0.6315,0,45,45,11,1,REAL,FALSA
,,,,,,,,001,2020-12-22_11h08.51.892,lextale_sp,2020.2.3,Win32,60,,,,,,,,,75,yacer,1,,,0,0,0.728635,0,46,46,74,1,REAL,FALSA
,,,,,,,,001,2020-12-22_11h08.51.892,lextale_sp,2020.2.3,Win32,60,,,,,,,,,76,atar,1,,,1,1,1.48813,0,47,47,75,1,REAL,FALSA
,,,,,,,,001,2020-12-22_11h08.51.892,lextale_sp,2020.2.3,Win32,60,,,,,,,,,1,terzo,0,,,0,1,0.655635,0,48,48,0,1,REAL,FALSA
,,,,,,,,001,2020-12-22_11h08.51.892,lextale_sp,2020.2.3,Win32,60,,,,,,,,,71,polvoriento,1,,,1,1,0.72157,0,49,49,70,1,REAL,FALSA
,,,,,,,,001,2020-12-22_11h08.51.892,lextale_sp,2020.2.3,Win32,60,,,,,,,,,67,cabello,1,,,1,1,0.65267,0,50,50,66,1,REAL,FALSA
,,,,,,,,001,2020-12-22_11h08.51.892,lextale_sp,2020.2.3,Win32,60,,,,,,,,,88,acantilado,1,,,1,1,1.02485,0,51,51,87,1,REAL,FALSA
,,,,,,,,001,2020-12-22_11h08.51.892,lextale_sp,2020.2.3,Win32,60,,,,,,,,,20,ávido,1,,,0,0,0.851625,0,52,52,19,1,REAL,FALSA
,,,,,,,,001,2020-12-22_11h08.51.892,lextale_sp,2020.2.3,Win32,60,,,,,,,,,85,laúd,1,,,0,0,0.62091,0,53,53,84,1,REAL,FALSA
,,,,,,,,001,2020-12-22_11h08.51.892,lextale_sp,2020.2.3,Win32,60,,,,,,,,,64,orgulloso,1,,,1,1,0.583685,0,54,54,63,1,REAL,FALSA
,,,,,,,,001,2020-12-22_11h08.51.892,lextale_sp,2020.2.3,Win32,60,,,,,,,,,30,alardio,0,,,0,1,1.06545,0,55,55,29,1,REAL,FALSA
,,,,,,,,001,2020-12-22_11h08.51.892,lextale_sp,2020.2.3,Win32,60,,,,,,,,,38,estornudar,1,,,1,1,0.80482,0,56,56,37,1,REAL,FALSA
,,,,,,,,001,2020-12-22_11h08.51.892,lextale_sp,2020.2.3,Win32,60,,,,,,,,,53,vegada,0,,,0,1,0.64542,0,57,57,52,1,REAL,FALSA
,,,,,,,,001,2020-12-22_11h08.51.892,lextale_sp,2020.2.3,Win32,60,,,,,,,,,36,loro,1,,,1,1,0.68837,0,58,58,35,1,REAL,FALSA
,,,,,,,,001,2020-12-22_11h08.51.892,lextale_sp,2020.2.3,Win32,60,,,,,,,,,87,grodo,0,,,0,1,0.65625,0,59,59,86,1,REAL,FALSA
,,,,,,,,001,2020-12-22_11h08.51.892,lextale_sp,2020.2.3,Win32,60,,,,,,,,,41,rebuscar,1,,,1,1,1.61291,0,60,60,40,1,REAL,FALSA
,,,,,,,,001,2020-12-22_11h08.51.892,lextale_sp,2020.2.3,Win32,60,,,,,,,,,40,alfombra,1,,,1,1,0.77495,0,61,61,39,1,REAL,FALSA
,,,,,,,,001,2020-12-22_11h08.51.892,lextale_sp,2020.2.3,Win32,60,,,,,,,,,27,acutación,0,,,1,0,4.9867,0,62,62,26,1,REAL,FALSA
,,,,,,,,001,2020-12-22_11h08.51.892,lextale_sp,2020.2.3,Win32,60,,,,,,,,,80,hormiga,1,,,1,1,0.568965,0,63,63,79,1,REAL,FALSA
,,,,,,,,001,2020-12-22_11h08.51.892,lextale_sp,2020.2.3,Win32,60,,,,,,,,,24,látigo,1,,,1,1,0.75674,0,64,64,23,1,REAL,FALSA
,,,,,,,,001,2020-12-22_11h08.51.892,lextale_sp,2020.2.3,Win32,60,,,,,,,,,7,pésimo,1,,,1,1,0.75261,0,65,65,6,1,REAL,FALSA
,,,,,,,,001,2020-12-22_11h08.51.892,lextale_sp,2020.2.3,Win32,60,,,,,,,,,28,merodear,1,,,1,1,1.518855,0,66,66,27,1,REAL,FALSA
,,,,,,,,001,2020-12-22_11h08.51.892,lextale_sp,2020.2.3,Win32,60,,,,,,,,,15,regar,1,,,1,1,0.98995,0,67,67,14,1,REAL,FALSA
,,,,,,,,001,2020-12-22_11h08.51.892,lextale_sp,2020.2.3,Win32,60,,,,,,,,,60,matar,1,,,1,1,0.599045,0,68,68,59,1,REAL,FALSA
,,,,,,,,001,2020-12-22_11h08.51.892,lextale_sp,2020.2.3,Win32,60,,,,,,,,,77,tiburón,1,,,1,1,0.754965,0,69,69,76,1,REAL,FALSA
,,,,,,,,001,2020-12-22_11h08.51.892,lextale_sp,2020.2.3,Win32,60,,,,,,,,,61,seda,1,,,1,1,0.78134,0,70,70,60,1,REAL,FALSA
,,,,,,,,001,2020-12-22_11h08.51.892,lextale_sp,2020.2.3,Win32,60,,,,,,,,,9,hacha,1,,,1,1,0.73217,0,71,71,8,1,REAL,FALSA
,,,,,,,,001,2020-12-22_11h08.51.892,lextale_sp,2020.2.3,Win32,60,,,,,,,,,58,plaudir,0,,,0,1,0.7202,0,72,72,57,1,REAL,FALSA
,,,,,,,,001,2020-12-22_11h08.51.892,lextale_sp,2020.2.3,Win32,60,,,,,,,,,56,musgo,1,,,1,1,1.05772,0,73,73,55,1,REAL,FALSA
,,,,,,,,001,2020-12-22_11h08.51.892,lextale_sp,2020.2.3,Win32,60,,,,,,,,,34,aviso,1,,,1,1,1.202805,0,74,74,33,1,REAL,FALSA
,,,,,,,,001,2020-12-22_11h08.51.892,lextale_sp,2020.2.3,Win32,60,,,,,,,,,72,pemición,0,,,0,1,1.15687,0,75,75,71,1,REAL,FALSA
,,,,,,,,001,2020-12-22_11h08.51.892,lextale_sp,2020.2.3,Win32,60,,,,,,,,,69,engatusar,1,,,0,0,1.1518,0,76,76,68,1,REAL,FALSA
,,,,,,,,001,2020-12-22_11h08.51.892,lextale_sp,2020.2.3,Win32,60,,,,,,,,,32,fatacidad,0,,,0,1,0.8826,0,77,77,31,1,REAL,FALSA
,,,,,,,,001,2020-12-22_11h08.51.892,lextale_sp,2020.2.3,Win32,60,,,,,,,,,47,cartinar,0,,,0,1,0.72017,0,78,78,46,1,REAL,FALSA
,,,,,,,,001,2020-12-22_11h08.51.892,lextale_sp,2020.2.3,Win32,60,,,,,,,,,57,tacaño,1,,,1,1,0.670015,0,79,79,56,1,REAL,FALSA
,,,,,,,,001,2020-12-22_11h08.51.892,lextale_sp,2020.2.3,Win32,60,,,,,,,,,26,secuestro,1,,,1,1,0.661255,0,80,80,25,1,REAL,FALSA
,,,,,,,,001,2020-12-22_11h08.51.892,lextale_sp,2020.2.3,Win32,60,,,,,,,,,62,flaco,1,,,1,1,0.625285,0,81,81,61,1,REAL,FALSA
,,,,,,,,001,2020-12-22_11h08.51.892,lextale_sp,2020.2.3,Win32,60,,,,,,,,,6,tergiversar,1,,,0,0,0.73166,0,82,82,5,1,REAL,FALSA
,,,,,,,,001,2020-12-22_11h08.51.892,lextale_sp,2020.2.3,Win32,60,,,,,,,,,54,fomentar,1,,,1,1,1.03313,0,83,83,53,1,REAL,FALSA
,,,,,,,,001,2020-12-22_11h08.51.892,lextale_sp,2020.2.3,Win32,60,,,,,,,,,22,lacayo,1,,,0,0,0.62254,0,84,84,21,1,REAL,FALSA
,,,,,,,,001,2020-12-22_11h08.51.892,lextale_sp,2020.2.3,Win32,60,,,,,,,,,66,hacido,0,,,1,0,0.809845,0,85,85,65,1,REAL,FALSA
,,,,,,,,001,2020-12-22_11h08.51.892,lextale_sp,2020.2.3,Win32,60,,,,,,,,,16,abracer,0,,,0,1,0.771665,0,86,86,15,1,REAL,FALSA
,,,,,,,,001,2020-12-22_11h08.51.892,lextale_sp,2020.2.3,Win32,60,,,,,,,,,48,ladrón,1,,,1,1,0.58134,0,87,87,47,1,REAL,FALSA
,,,,,,,,001,2020-12-22_11h08.51.892,lextale_sp,2020.2.3,Win32,60,,,,,,,,,46,martillo,1,,,1,1,0.624465,0,88,88,45,1,REAL,FALSA
,,,,,,,,001,2020-12-22_11h08.51.892,lextale_sp,2020.2.3,Win32,60,,,,,,,,,79,tropaje,0,,,0,1,0.599905,0,89,89,78,1,REAL,FALSA
