lextale_instructions_loop.thisRepN,lextale_instructions_loop.thisTrialN,lextale_instructions_loop.thisN,lextale_instructions_loop.thisIndex,lextale_instructions_loop.ran,instructions_text,continue_text,participant,session,date,expName,psychopyVersion,OS,frameRate,key_resp_lextale_practice.keys,key_resp_lextale_practice.corr,key_resp_lextale_practice.rt,lextale_practice_trials.thisRepN,lextale_practice_trials.thisTrialN,lextale_practice_trials.thisN,lextale_practice_trials.thisIndex,lextale_practice_trials.ran,stim,word,correct_response,prac_button_real,prac_button_false,key_resp_lextale_trial.keys,key_resp_lextale_trial.corr,key_resp_lextale_trial.rt,lextail_trials.thisRepN,lextail_trials.thisTrialN,lextail_trials.thisN,lextail_trials.thisIndex,lextail_trials.ran,button_real,button_false
0,0,0,0,1,"Este es un test de vocabulario en español. 
  
  A continuación vas a ver 90 secuencias de letras que parecen 'españolas'.
  
  Solo algunas de ellas son palabras de verdad.",(presiona la barra espaciadora para continuar),,001,2020-12-14_11h49.33.373,lextale_sp,2020.2.3,Win32,60,,,,,,,,,,,,,,,,,,,,,,,
0,1,1,1,1,"Por favor, señala las palabras que tú conoces (aquellas que estás convencido que son palabras españolas, incluso aunque no seas capaz de dar el significado preciso).",(presiona la barra espaciadora para continuar),,001,2020-12-14_11h49.33.373,lextale_sp,2020.2.3,Win32,60,,,,,,,,,,,,,,,,,,,,,,,
0,2,2,2,1,Pero cuidado: los errores se penalizan. Por eso no tiene sentido tratar de incrementar tu puntuación marcando como reales palabras que nunca has visto.,(presiona la barra espaciadora para continuar),,001,2020-12-14_11h49.33.373,lextale_sp,2020.2.3,Win32,60,,,,,,,,,,,,,,,,,,,,,,,
0,3,3,3,1,"Presiona la tecla 1 si piensas que es una palabra real y la tecla 
  0 si piensas que es una palabra falsa. 
  
  Vamos a practicar un poco...",(presiona la barra espaciadora para continuar),,001,2020-12-14_11h49.33.373,lextale_sp,2020.2.3,Win32,60,,,,,,,,,,,,,,,,,,,,,,,
,,,,,,,,001,2020-12-14_11h49.33.373,lextale_sp,2020.2.3,Win32,60,0,1,20.45889,0,0,0,0,1,0,depiste,0,REAL,FALSA,,,,,,,,,,
,,,,,,,,001,2020-12-14_11h49.33.373,lextale_sp,2020.2.3,Win32,60,1,1,1.603525,0,1,1,1,1,0,sí,1,REAL,FALSA,,,,,,,,,,
,,,,,,,,001,2020-12-14_11h49.33.373,lextale_sp,2020.2.3,Win32,60,0,1,1.75905,0,2,2,2,1,0,coné,0,REAL,FALSA,,,,,,,,,,
,,,,,,,,001,2020-12-14_11h49.33.373,lextale_sp,2020.2.3,Win32,60,1,0,1.39359,0,3,3,3,1,0,calpar,0,REAL,FALSA,,,,,,,,,,
,,,,,,,,001,2020-12-14_11h49.33.373,lextale_sp,2020.2.3,Win32,60,0,1,1.275725,0,4,4,4,1,0,joten,0,REAL,FALSA,,,,,,,,,,
,,,,,,,,001,2020-12-14_11h49.33.373,lextale_sp,2020.2.3,Win32,60,1,1,2.185215,0,5,5,5,1,0,sacapuntas,1,REAL,FALSA,,,,,,,,,,
,,,,,,,,001,2020-12-14_11h49.33.373,lextale_sp,2020.2.3,Win32,60,0,1,1.3608,0,6,6,6,1,0,priba,0,REAL,FALSA,,,,,,,,,,
,,,,,,,,001,2020-12-14_11h49.33.373,lextale_sp,2020.2.3,Win32,60,0,1,1.20245,0,7,7,7,1,0,pelasula,0,REAL,FALSA,,,,,,,,,,
,,,,,,,,001,2020-12-14_11h49.33.373,lextale_sp,2020.2.3,Win32,60,1,1,1.525315,0,8,8,8,1,0,bien,1,REAL,FALSA,,,,,,,,,,
,,,,,,,,001,2020-12-14_11h49.33.373,lextale_sp,2020.2.3,Win32,60,1,1,0.81937,0,9,9,9,1,0,casa,1,REAL,FALSA,,,,,,,,,,
,,,,,,,,001,2020-12-14_11h49.33.373,lextale_sp,2020.2.3,Win32,60,0,1,1.31346,0,10,10,10,1,0,lejo,0,REAL,FALSA,,,,,,,,,,
,,,,,,,,001,2020-12-14_11h49.33.373,lextale_sp,2020.2.3,Win32,60,0,1,1.037935,0,11,11,11,1,0,pretantas,0,REAL,FALSA,,,,,,,,,,
,,,,,,,,001,2020-12-14_11h49.33.373,lextale_sp,2020.2.3,Win32,60,,,,,,,,,76,atar,1,,,0,0,2.25162,0,0,0,75,1,REAL,FALSA
,,,,,,,,001,2020-12-14_11h49.33.373,lextale_sp,2020.2.3,Win32,60,,,,,,,,,57,tacaño,1,,,0,0,1.800945,0,1,1,56,1,REAL,FALSA
,,,,,,,,001,2020-12-14_11h49.33.373,lextale_sp,2020.2.3,Win32,60,,,,,,,,,79,tropaje,0,,,0,1,0.910725,0,2,2,78,1,REAL,FALSA
,,,,,,,,001,2020-12-14_11h49.33.373,lextale_sp,2020.2.3,Win32,60,,,,,,,,,61,seda,1,,,1,1,0.945555,0,3,3,60,1,REAL,FALSA
,,,,,,,,001,2020-12-14_11h49.33.373,lextale_sp,2020.2.3,Win32,60,,,,,,,,,7,pésimo,1,,,1,1,0.901005,0,4,4,6,1,REAL,FALSA
,,,,,,,,001,2020-12-14_11h49.33.373,lextale_sp,2020.2.3,Win32,60,,,,,,,,,75,yacer,1,,,0,0,0.934635,0,5,5,74,1,REAL,FALSA
,,,,,,,,001,2020-12-14_11h49.33.373,lextale_sp,2020.2.3,Win32,60,,,,,,,,,59,besar,1,,,1,1,1.41811,0,6,6,58,1,REAL,FALSA
,,,,,,,,001,2020-12-14_11h49.33.373,lextale_sp,2020.2.3,Win32,60,,,,,,,,,83,guante,1,,,1,1,1.2601,0,7,7,82,1,REAL,FALSA
,,,,,,,,001,2020-12-14_11h49.33.373,lextale_sp,2020.2.3,Win32,60,,,,,,,,,14,yunque,1,,,0,0,1.051465,0,8,8,13,1,REAL,FALSA
,,,,,,,,001,2020-12-14_11h49.33.373,lextale_sp,2020.2.3,Win32,60,,,,,,,,,23,lampera,0,,,0,1,1.85621,0,9,9,22,1,REAL,FALSA
,,,,,,,,001,2020-12-14_11h49.33.373,lextale_sp,2020.2.3,Win32,60,,,,,,,,,44,cuchara,1,,,1,1,1.35247,0,10,10,43,1,REAL,FALSA
,,,,,,,,001,2020-12-14_11h49.33.373,lextale_sp,2020.2.3,Win32,60,,,,,,,,,69,engatusar,1,,,0,0,1.288365,0,11,11,68,1,REAL,FALSA
,,,,,,,,001,2020-12-14_11h49.33.373,lextale_sp,2020.2.3,Win32,60,,,,,,,,,15,regar,1,,,1,1,0.705475,0,12,12,14,1,REAL,FALSA
,,,,,,,,001,2020-12-14_11h49.33.373,lextale_sp,2020.2.3,Win32,60,,,,,,,,,54,fomentar,1,,,0,0,1.14377,0,13,13,53,1,REAL,FALSA
,,,,,,,,001,2020-12-14_11h49.33.373,lextale_sp,2020.2.3,Win32,60,,,,,,,,,20,ávido,1,,,1,1,0.85767,0,14,14,19,1,REAL,FALSA
,,,,,,,,001,2020-12-14_11h49.33.373,lextale_sp,2020.2.3,Win32,60,,,,,,,,,47,cartinar,0,,,0,1,2.718935,0,15,15,46,1,REAL,FALSA
,,,,,,,,001,2020-12-14_11h49.33.373,lextale_sp,2020.2.3,Win32,60,,,,,,,,,36,loro,1,,,0,0,0.953325,0,16,16,35,1,REAL,FALSA
,,,,,,,,001,2020-12-14_11h49.33.373,lextale_sp,2020.2.3,Win32,60,,,,,,,,,70,temblo,0,,,1,0,1.368465,0,17,17,69,1,REAL,FALSA
,,,,,,,,001,2020-12-14_11h49.33.373,lextale_sp,2020.2.3,Win32,60,,,,,,,,,26,secuestro,1,,,1,1,0.877175,0,18,18,25,1,REAL,FALSA
,,,,,,,,001,2020-12-14_11h49.33.373,lextale_sp,2020.2.3,Win32,60,,,,,,,,,28,merodear,1,,,0,0,1.668415,0,19,19,27,1,REAL,FALSA
,,,,,,,,001,2020-12-14_11h49.33.373,lextale_sp,2020.2.3,Win32,60,,,,,,,,,11,cenefa,1,,,0,0,0.972675,0,20,20,10,1,REAL,FALSA
,,,,,,,,001,2020-12-14_11h49.33.373,lextale_sp,2020.2.3,Win32,60,,,,,,,,,32,fatacidad,0,,,0,1,1.334425,0,21,21,31,1,REAL,FALSA
,,,,,,,,001,2020-12-14_11h49.33.373,lextale_sp,2020.2.3,Win32,60,,,,,,,,,67,cabello,1,,,1,1,0.701485,0,22,22,66,1,REAL,FALSA
,,,,,,,,001,2020-12-14_11h49.33.373,lextale_sp,2020.2.3,Win32,60,,,,,,,,,24,látigo,1,,,1,1,0.843745,0,23,23,23,1,REAL,FALSA
,,,,,,,,001,2020-12-14_11h49.33.373,lextale_sp,2020.2.3,Win32,60,,,,,,,,,81,pozo,1,,,1,1,0.867725,0,24,24,80,1,REAL,FALSA
,,,,,,,,001,2020-12-14_11h49.33.373,lextale_sp,2020.2.3,Win32,60,,,,,,,,,84,escuto,0,,,0,1,1.07658,0,25,25,83,1,REAL,FALSA
,,,,,,,,001,2020-12-14_11h49.33.373,lextale_sp,2020.2.3,Win32,60,,,,,,,,,41,rebuscar,1,,,1,1,0.818435,0,26,26,40,1,REAL,FALSA
,,,,,,,,001,2020-12-14_11h49.33.373,lextale_sp,2020.2.3,Win32,60,,,,,,,,,38,estornudar,1,,,0,0,1.823035,0,27,27,37,1,REAL,FALSA
,,,,,,,,001,2020-12-14_11h49.33.373,lextale_sp,2020.2.3,Win32,60,,,,,,,,,19,brecedad,0,,,0,1,1.31947,0,28,28,18,1,REAL,FALSA
,,,,,,,,001,2020-12-14_11h49.33.373,lextale_sp,2020.2.3,Win32,60,,,,,,,,,34,aviso,1,,,1,1,0.675935,0,29,29,33,1,REAL,FALSA
,,,,,,,,001,2020-12-14_11h49.33.373,lextale_sp,2020.2.3,Win32,60,,,,,,,,,87,grodo,0,,,0,1,1.935435,0,30,30,86,1,REAL,FALSA
,,,,,,,,001,2020-12-14_11h49.33.373,lextale_sp,2020.2.3,Win32,60,,,,,,,,,29,decar,0,,,0,1,1.38966,0,31,31,28,1,REAL,FALSA
,,,,,,,,001,2020-12-14_11h49.33.373,lextale_sp,2020.2.3,Win32,60,,,,,,,,,85,laúd,1,,,1,1,1.160115,0,32,32,84,1,REAL,FALSA
,,,,,,,,001,2020-12-14_11h49.33.373,lextale_sp,2020.2.3,Win32,60,,,,,,,,,48,ladrón,1,,,1,1,0.79366,0,33,33,47,1,REAL,FALSA
,,,,,,,,001,2020-12-14_11h49.33.373,lextale_sp,2020.2.3,Win32,60,,,,,,,,,16,abracer,0,,,0,1,1.051375,0,34,34,15,1,REAL,FALSA
,,,,,,,,001,2020-12-14_11h49.33.373,lextale_sp,2020.2.3,Win32,60,,,,,,,,,5,zapato,1,,,1,1,0.902035,0,35,35,4,1,REAL,FALSA
,,,,,,,,001,2020-12-14_11h49.33.373,lextale_sp,2020.2.3,Win32,60,,,,,,,,,45,jilguero,1,,,0,0,1.184915,0,36,36,44,1,REAL,FALSA
,,,,,,,,001,2020-12-14_11h49.33.373,lextale_sp,2020.2.3,Win32,60,,,,,,,,,50,flamida,0,,,0,1,1.13602,0,37,37,49,1,REAL,FALSA
,,,,,,,,001,2020-12-14_11h49.33.373,lextale_sp,2020.2.3,Win32,60,,,,,,,,,30,alardio,0,,,1,0,1.725475,0,38,38,29,1,REAL,FALSA
,,,,,,,,001,2020-12-14_11h49.33.373,lextale_sp,2020.2.3,Win32,60,,,,,,,,,60,matar,1,,,1,1,0.806025,0,39,39,59,1,REAL,FALSA
,,,,,,,,001,2020-12-14_11h49.33.373,lextale_sp,2020.2.3,Win32,60,,,,,,,,,74,cintro,0,,,1,0,2.155075,0,40,40,73,1,REAL,FALSA
,,,,,,,,001,2020-12-14_11h49.33.373,lextale_sp,2020.2.3,Win32,60,,,,,,,,,13,helar,1,,,1,1,1.229225,0,41,41,12,1,REAL,FALSA
,,,,,,,,001,2020-12-14_11h49.33.373,lextale_sp,2020.2.3,Win32,60,,,,,,,,,89,prisa,1,,,1,1,1.13499,0,42,42,88,1,REAL,FALSA
,,,,,,,,001,2020-12-14_11h49.33.373,lextale_sp,2020.2.3,Win32,60,,,,,,,,,42,cadallo,0,,,0,1,1.051305,0,43,43,41,1,REAL,FALSA
,,,,,,,,001,2020-12-14_11h49.33.373,lextale_sp,2020.2.3,Win32,60,,,,,,,,,6,tergiversar,1,,,0,0,0.854305,0,44,44,5,1,REAL,FALSA
,,,,,,,,001,2020-12-14_11h49.33.373,lextale_sp,2020.2.3,Win32,60,,,,,,,,,46,martillo,1,,,1,1,1.05634,0,45,45,45,1,REAL,FALSA
,,,,,,,,001,2020-12-14_11h49.33.373,lextale_sp,2020.2.3,Win32,60,,,,,,,,,65,bizcocho,1,,,0,0,0.976115,0,46,46,64,1,REAL,FALSA
,,,,,,,,001,2020-12-14_11h49.33.373,lextale_sp,2020.2.3,Win32,60,,,,,,,,,40,alfombra,1,,,1,1,0.79439,0,47,47,39,1,REAL,FALSA
,,,,,,,,001,2020-12-14_11h49.33.373,lextale_sp,2020.2.3,Win32,60,,,,,,,,,12,asesinato,1,,,1,1,1.168355,0,48,48,11,1,REAL,FALSA
,,,,,,,,001,2020-12-14_11h49.33.373,lextale_sp,2020.2.3,Win32,60,,,,,,,,,52,camisa,1,,,1,1,1.17635,0,49,49,51,1,REAL,FALSA
,,,,,,,,001,2020-12-14_11h49.33.373,lextale_sp,2020.2.3,Win32,60,,,,,,,,,86,barato,1,,,1,1,0.750955,0,50,50,85,1,REAL,FALSA
,,,,,,,,001,2020-12-14_11h49.33.373,lextale_sp,2020.2.3,Win32,60,,,,,,,,,71,polvoriento,1,,,0,0,2.14356,0,51,51,70,1,REAL,FALSA
,,,,,,,,001,2020-12-14_11h49.33.373,lextale_sp,2020.2.3,Win32,60,,,,,,,,,4,batillón,0,,,1,0,0.973245,0,52,52,3,1,REAL,FALSA
,,,,,,,,001,2020-12-14_11h49.33.373,lextale_sp,2020.2.3,Win32,60,,,,,,,,,68,alegre,1,,,1,1,1.001355,0,53,53,67,1,REAL,FALSA
,,,,,,,,001,2020-12-14_11h49.33.373,lextale_sp,2020.2.3,Win32,60,,,,,,,,,18,arsa,0,,,0,1,0.80724,0,54,54,17,1,REAL,FALSA
,,,,,,,,001,2020-12-14_11h49.33.373,lextale_sp,2020.2.3,Win32,60,,,,,,,,,90,clavel,1,,,0,0,0.91184,0,55,55,89,1,REAL,FALSA
,,,,,,,,001,2020-12-14_11h49.33.373,lextale_sp,2020.2.3,Win32,60,,,,,,,,,64,orgulloso,1,,,1,1,0.96273,0,56,56,63,1,REAL,FALSA
,,,,,,,,001,2020-12-14_11h49.33.373,lextale_sp,2020.2.3,Win32,60,,,,,,,,,17,floroso,0,,,1,0,1.085325,0,57,57,16,1,REAL,FALSA
,,,,,,,,001,2020-12-14_11h49.33.373,lextale_sp,2020.2.3,Win32,60,,,,,,,,,22,lacayo,1,,,0,0,0.752675,0,58,58,21,1,REAL,FALSA
,,,,,,,,001,2020-12-14_11h49.33.373,lextale_sp,2020.2.3,Win32,60,,,,,,,,,9,hacha,1,,,0,0,1.150185,0,59,59,8,1,REAL,FALSA
,,,,,,,,001,2020-12-14_11h49.33.373,lextale_sp,2020.2.3,Win32,60,,,,,,,,,49,ganar,1,,,1,1,0.81248,0,60,60,48,1,REAL,FALSA
,,,,,,,,001,2020-12-14_11h49.33.373,lextale_sp,2020.2.3,Win32,60,,,,,,,,,82,empirador,0,,,1,0,2.60456,0,61,61,81,1,REAL,FALSA
,,,,,,,,001,2020-12-14_11h49.33.373,lextale_sp,2020.2.3,Win32,60,,,,,,,,,39,torpe,1,,,0,0,1.368255,0,62,62,38,1,REAL,FALSA
,,,,,,,,001,2020-12-14_11h49.33.373,lextale_sp,2020.2.3,Win32,60,,,,,,,,,56,musgo,1,,,0,0,1.15601,0,63,63,55,1,REAL,FALSA
,,,,,,,,001,2020-12-14_11h49.33.373,lextale_sp,2020.2.3,Win32,60,,,,,,,,,80,hormiga,1,,,1,1,1.3433,0,64,64,79,1,REAL,FALSA
,,,,,,,,001,2020-12-14_11h49.33.373,lextale_sp,2020.2.3,Win32,60,,,,,,,,,88,acantilado,1,,,1,1,1.1911,0,65,65,87,1,REAL,FALSA
,,,,,,,,001,2020-12-14_11h49.33.373,lextale_sp,2020.2.3,Win32,60,,,,,,,,,66,hacido,0,,,1,0,0.95698,0,66,66,65,1,REAL,FALSA
,,,,,,,,001,2020-12-14_11h49.33.373,lextale_sp,2020.2.3,Win32,60,,,,,,,,,21,capillo,0,,,1,0,0.772305,0,67,67,20,1,REAL,FALSA
,,,,,,,,001,2020-12-14_11h49.33.373,lextale_sp,2020.2.3,Win32,60,,,,,,,,,43,canela,1,,,1,1,0.83562,0,68,68,42,1,REAL,FALSA
,,,,,,,,001,2020-12-14_11h49.33.373,lextale_sp,2020.2.3,Win32,60,,,,,,,,,35,rompido,0,,,1,0,0.957845,0,69,69,34,1,REAL,FALSA
,,,,,,,,001,2020-12-14_11h49.33.373,lextale_sp,2020.2.3,Win32,60,,,,,,,,,37,granuja,1,,,0,0,1.41894,0,70,70,36,1,REAL,FALSA
,,,,,,,,001,2020-12-14_11h49.33.373,lextale_sp,2020.2.3,Win32,60,,,,,,,,,53,vegada,0,,,0,1,1.01247,0,71,71,52,1,REAL,FALSA
,,,,,,,,001,2020-12-14_11h49.33.373,lextale_sp,2020.2.3,Win32,60,,,,,,,,,62,flaco,1,,,1,1,0.99358,0,72,72,61,1,REAL,FALSA
,,,,,,,,001,2020-12-14_11h49.33.373,lextale_sp,2020.2.3,Win32,60,,,,,,,,,51,candado,1,,,0,0,1.501795,0,73,73,50,1,REAL,FALSA
,,,,,,,,001,2020-12-14_11h49.33.373,lextale_sp,2020.2.3,Win32,60,,,,,,,,,78,frondoso,1,,,0,0,1.253145,0,74,74,77,1,REAL,FALSA
,,,,,,,,001,2020-12-14_11h49.33.373,lextale_sp,2020.2.3,Win32,60,,,,,,,,,73,hervidor,1,,,1,1,1.055165,0,75,75,72,1,REAL,FALSA
,,,,,,,,001,2020-12-14_11h49.33.373,lextale_sp,2020.2.3,Win32,60,,,,,,,,,1,terzo,0,,,1,0,0.801245,0,76,76,0,1,REAL,FALSA
,,,,,,,,001,2020-12-14_11h49.33.373,lextale_sp,2020.2.3,Win32,60,,,,,,,,,2,pellizcar,1,,,0,0,1.282415,0,77,77,1,1,REAL,FALSA
,,,,,,,,001,2020-12-14_11h49.33.373,lextale_sp,2020.2.3,Win32,60,,,,,,,,,72,pemición,0,,,0,1,0.968315,0,78,78,71,1,REAL,FALSA
,,,,,,,,001,2020-12-14_11h49.33.373,lextale_sp,2020.2.3,Win32,60,,,,,,,,,3,pulmones,1,,,1,1,1.00657,0,79,79,2,1,REAL,FALSA
,,,,,,,,001,2020-12-14_11h49.33.373,lextale_sp,2020.2.3,Win32,60,,,,,,,,,31,pandilla,1,,,1,1,0.78385,0,80,80,30,1,REAL,FALSA
,,,,,,,,001,2020-12-14_11h49.33.373,lextale_sp,2020.2.3,Win32,60,,,,,,,,,58,plaudir,0,,,1,0,1.62996,0,81,81,57,1,REAL,FALSA
,,,,,,,,001,2020-12-14_11h49.33.373,lextale_sp,2020.2.3,Win32,60,,,,,,,,,8,cadeña,0,,,0,1,1.690885,0,82,82,7,1,REAL,FALSA
,,,,,,,,001,2020-12-14_11h49.33.373,lextale_sp,2020.2.3,Win32,60,,,,,,,,,10,antar,0,,,0,1,1.2019,0,83,83,9,1,REAL,FALSA
,,,,,,,,001,2020-12-14_11h49.33.373,lextale_sp,2020.2.3,Win32,60,,,,,,,,,27,acutación,0,,,0,1,1.217895,0,84,84,26,1,REAL,FALSA
,,,,,,,,001,2020-12-14_11h49.33.373,lextale_sp,2020.2.3,Win32,60,,,,,,,,,55,nevar,1,,,1,1,0.96914,0,85,85,54,1,REAL,FALSA
,,,,,,,,001,2020-12-14_11h49.33.373,lextale_sp,2020.2.3,Win32,60,,,,,,,,,33,pauca,0,,,0,1,0.977365,0,86,86,32,1,REAL,FALSA
,,,,,,,,001,2020-12-14_11h49.33.373,lextale_sp,2020.2.3,Win32,60,,,,,,,,,63,esposante,0,,,1,0,0.89121,0,87,87,62,1,REAL,FALSA
,,,,,,,,001,2020-12-14_11h49.33.373,lextale_sp,2020.2.3,Win32,60,,,,,,,,,25,bisagra,1,,,0,0,0.9023,0,88,88,24,1,REAL,FALSA
,,,,,,,,001,2020-12-14_11h49.33.373,lextale_sp,2020.2.3,Win32,60,,,,,,,,,77,tiburón,1,,,1,1,0.92253,0,89,89,76,1,REAL,FALSA
