lextale_instructions_loop.thisRepN,lextale_instructions_loop.thisTrialN,lextale_instructions_loop.thisN,lextale_instructions_loop.thisIndex,lextale_instructions_loop.ran,instructions_text,continue_text,participant,session,date,expName,psychopyVersion,OS,frameRate,key_resp_lextale_practice.keys,key_resp_lextale_practice.corr,key_resp_lextale_practice.rt,lextale_practice_trials.thisRepN,lextale_practice_trials.thisTrialN,lextale_practice_trials.thisN,lextale_practice_trials.thisIndex,lextale_practice_trials.ran,stim,word,correct_response,prac_button_real,prac_button_false,key_resp_lextale_trial.keys,key_resp_lextale_trial.corr,key_resp_lextale_trial.rt,lextail_trials.thisRepN,lextail_trials.thisTrialN,lextail_trials.thisN,lextail_trials.thisIndex,lextail_trials.ran,button_real,button_false
0,0,0,0,1,"Este es un test de vocabulario en español. 
  
  A continuación vas a ver 90 secuencias de letras que parecen 'españolas'.
  
  Solo algunas de ellas son palabras de verdad.",(presiona la barra espaciadora para continuar),,001,2020-12-14_12h37.38.068,lextale_sp,2020.2.3,MacIntel,60,,,,,,,,,,,,,,,,,,,,,,,
0,1,1,1,1,"Por favor, señala las palabras que tú conoces (aquellas que estás convencido que son palabras españolas, incluso aunque no seas capaz de dar el significado preciso).",(presiona la barra espaciadora para continuar),,001,2020-12-14_12h37.38.068,lextale_sp,2020.2.3,MacIntel,60,,,,,,,,,,,,,,,,,,,,,,,
0,2,2,2,1,Pero cuidado: los errores se penalizan. Por eso no tiene sentido tratar de incrementar tu puntuación marcando como reales palabras que nunca has visto.,(presiona la barra espaciadora para continuar),,001,2020-12-14_12h37.38.068,lextale_sp,2020.2.3,MacIntel,60,,,,,,,,,,,,,,,,,,,,,,,
0,3,3,3,1,"Presiona la tecla 1 si piensas que es una palabra real y la tecla 
  0 si piensas que es una palabra falsa. 
  
  Vamos a practicar un poco...",(presiona la barra espaciadora para continuar),,001,2020-12-14_12h37.38.068,lextale_sp,2020.2.3,MacIntel,60,,,,,,,,,,,,,,,,,,,,,,,
,,,,,,,,001,2020-12-14_12h37.38.068,lextale_sp,2020.2.3,MacIntel,60,0,1,3.679,0,0,0,0,1,0,depiste,0,REAL,FALSA,,,,,,,,,,
,,,,,,,,001,2020-12-14_12h37.38.068,lextale_sp,2020.2.3,MacIntel,60,1,1,0.71,0,1,1,1,1,0,sí,1,REAL,FALSA,,,,,,,,,,
,,,,,,,,001,2020-12-14_12h37.38.068,lextale_sp,2020.2.3,MacIntel,60,0,1,0.758,0,2,2,2,1,0,coné,0,REAL,FALSA,,,,,,,,,,
,,,,,,,,001,2020-12-14_12h37.38.068,lextale_sp,2020.2.3,MacIntel,60,1,0,1.235,0,3,3,3,1,0,calpar,0,REAL,FALSA,,,,,,,,,,
,,,,,,,,001,2020-12-14_12h37.38.068,lextale_sp,2020.2.3,MacIntel,60,0,1,0.882,0,4,4,4,1,0,joten,0,REAL,FALSA,,,,,,,,,,
,,,,,,,,001,2020-12-14_12h37.38.068,lextale_sp,2020.2.3,MacIntel,60,1,1,0.915,0,5,5,5,1,0,sacapuntas,1,REAL,FALSA,,,,,,,,,,
,,,,,,,,001,2020-12-14_12h37.38.068,lextale_sp,2020.2.3,MacIntel,60,0,1,0.712,0,6,6,6,1,0,priba,0,REAL,FALSA,,,,,,,,,,
,,,,,,,,001,2020-12-14_12h37.38.068,lextale_sp,2020.2.3,MacIntel,60,0,1,0.777,0,7,7,7,1,0,pelasula,0,REAL,FALSA,,,,,,,,,,
,,,,,,,,001,2020-12-14_12h37.38.068,lextale_sp,2020.2.3,MacIntel,60,1,1,0.593,0,8,8,8,1,0,bien,1,REAL,FALSA,,,,,,,,,,
,,,,,,,,001,2020-12-14_12h37.38.068,lextale_sp,2020.2.3,MacIntel,60,1,1,0.54,0,9,9,9,1,0,casa,1,REAL,FALSA,,,,,,,,,,
,,,,,,,,001,2020-12-14_12h37.38.068,lextale_sp,2020.2.3,MacIntel,60,1,0,0.775,0,10,10,10,1,0,lejo,0,REAL,FALSA,,,,,,,,,,
,,,,,,,,001,2020-12-14_12h37.38.068,lextale_sp,2020.2.3,MacIntel,60,0,1,1.079,0,11,11,11,1,0,pretantas,0,REAL,FALSA,,,,,,,,,,
,,,,,,,,001,2020-12-14_12h37.38.068,lextale_sp,2020.2.3,MacIntel,60,,,,,,,,,84,escuto,0,,,0,1,1.109,0,0,0,83,1,REAL,FALSA
,,,,,,,,001,2020-12-14_12h37.38.068,lextale_sp,2020.2.3,MacIntel,60,,,,,,,,,1,terzo,0,,,1,0,1.597,0,1,1,0,1,REAL,FALSA
,,,,,,,,001,2020-12-14_12h37.38.068,lextale_sp,2020.2.3,MacIntel,60,,,,,,,,,24,látigo,1,,,0,0,0.853,0,2,2,23,1,REAL,FALSA
,,,,,,,,001,2020-12-14_12h37.38.068,lextale_sp,2020.2.3,MacIntel,60,,,,,,,,,63,esposante,0,,,0,1,2.42,0,3,3,62,1,REAL,FALSA
,,,,,,,,001,2020-12-14_12h37.38.068,lextale_sp,2020.2.3,MacIntel,60,,,,,,,,,40,alfombra,1,,,1,1,1.034,0,4,4,39,1,REAL,FALSA
,,,,,,,,001,2020-12-14_12h37.38.068,lextale_sp,2020.2.3,MacIntel,60,,,,,,,,,10,antar,0,,,0,1,1.067,0,5,5,9,1,REAL,FALSA
,,,,,,,,001,2020-12-14_12h37.38.068,lextale_sp,2020.2.3,MacIntel,60,,,,,,,,,55,nevar,1,,,1,1,0.945,0,6,6,54,1,REAL,FALSA
,,,,,,,,001,2020-12-14_12h37.38.068,lextale_sp,2020.2.3,MacIntel,60,,,,,,,,,7,pésimo,1,,,0,0,2.507,0,7,7,6,1,REAL,FALSA
,,,,,,,,001,2020-12-14_12h37.38.068,lextale_sp,2020.2.3,MacIntel,60,,,,,,,,,49,ganar,1,,,1,1,0.628,0,8,8,48,1,REAL,FALSA
,,,,,,,,001,2020-12-14_12h37.38.068,lextale_sp,2020.2.3,MacIntel,60,,,,,,,,,42,cadallo,0,,,0,1,0.685,0,9,9,41,1,REAL,FALSA
,,,,,,,,001,2020-12-14_12h37.38.068,lextale_sp,2020.2.3,MacIntel,60,,,,,,,,,21,capillo,0,,,0,1,0.886,0,10,10,20,1,REAL,FALSA
,,,,,,,,001,2020-12-14_12h37.38.068,lextale_sp,2020.2.3,MacIntel,60,,,,,,,,,26,secuestro,1,,,1,1,1.304,0,11,11,25,1,REAL,FALSA
,,,,,,,,001,2020-12-14_12h37.38.068,lextale_sp,2020.2.3,MacIntel,60,,,,,,,,,72,pemición,0,,,0,1,0.684,0,12,12,71,1,REAL,FALSA
,,,,,,,,001,2020-12-14_12h37.38.068,lextale_sp,2020.2.3,MacIntel,60,,,,,,,,,45,jilguero,1,,,0,0,0.843,0,13,13,44,1,REAL,FALSA
,,,,,,,,001,2020-12-14_12h37.38.068,lextale_sp,2020.2.3,MacIntel,60,,,,,,,,,81,pozo,1,,,0,0,0.768,0,14,14,80,1,REAL,FALSA
,,,,,,,,001,2020-12-14_12h37.38.068,lextale_sp,2020.2.3,MacIntel,60,,,,,,,,,43,canela,1,,,1,1,0.886,0,15,15,42,1,REAL,FALSA
,,,,,,,,001,2020-12-14_12h37.38.068,lextale_sp,2020.2.3,MacIntel,60,,,,,,,,,60,matar,1,,,1,1,0.66,0,16,16,59,1,REAL,FALSA
,,,,,,,,001,2020-12-14_12h37.38.068,lextale_sp,2020.2.3,MacIntel,60,,,,,,,,,82,empirador,0,,,1,0,0.952,0,17,17,81,1,REAL,FALSA
,,,,,,,,001,2020-12-14_12h37.38.068,lextale_sp,2020.2.3,MacIntel,60,,,,,,,,,68,alegre,1,,,1,1,1.039,0,18,18,67,1,REAL,FALSA
,,,,,,,,001,2020-12-14_12h37.38.068,lextale_sp,2020.2.3,MacIntel,60,,,,,,,,,20,ávido,1,,,0,0,0.783,0,19,19,19,1,REAL,FALSA
,,,,,,,,001,2020-12-14_12h37.38.068,lextale_sp,2020.2.3,MacIntel,60,,,,,,,,,5,zapato,1,,,1,1,0.853,0,20,20,4,1,REAL,FALSA
,,,,,,,,001,2020-12-14_12h37.38.068,lextale_sp,2020.2.3,MacIntel,60,,,,,,,,,66,hacido,0,,,1,0,0.741,0,21,21,65,1,REAL,FALSA
,,,,,,,,001,2020-12-14_12h37.38.068,lextale_sp,2020.2.3,MacIntel,60,,,,,,,,,73,hervidor,1,,,0,0,0.709,0,22,22,72,1,REAL,FALSA
,,,,,,,,001,2020-12-14_12h37.38.068,lextale_sp,2020.2.3,MacIntel,60,,,,,,,,,27,acutación,0,,,1,0,1.119,0,23,23,26,1,REAL,FALSA
,,,,,,,,001,2020-12-14_12h37.38.068,lextale_sp,2020.2.3,MacIntel,60,,,,,,,,,32,fatacidad,0,,,0,1,1.104,0,24,24,31,1,REAL,FALSA
,,,,,,,,001,2020-12-14_12h37.38.068,lextale_sp,2020.2.3,MacIntel,60,,,,,,,,,46,martillo,1,,,0,0,1.339,0,25,25,45,1,REAL,FALSA
,,,,,,,,001,2020-12-14_12h37.38.068,lextale_sp,2020.2.3,MacIntel,60,,,,,,,,,62,flaco,1,,,1,1,0.801,0,26,26,61,1,REAL,FALSA
,,,,,,,,001,2020-12-14_12h37.38.068,lextale_sp,2020.2.3,MacIntel,60,,,,,,,,,71,polvoriento,1,,,0,0,1.259,0,27,27,70,1,REAL,FALSA
,,,,,,,,001,2020-12-14_12h37.38.068,lextale_sp,2020.2.3,MacIntel,60,,,,,,,,,47,cartinar,0,,,0,1,0.675,0,28,28,46,1,REAL,FALSA
,,,,,,,,001,2020-12-14_12h37.38.068,lextale_sp,2020.2.3,MacIntel,60,,,,,,,,,16,abracer,0,,,0,1,0.666,0,29,29,15,1,REAL,FALSA
,,,,,,,,001,2020-12-14_12h37.38.068,lextale_sp,2020.2.3,MacIntel,60,,,,,,,,,9,hacha,1,,,0,0,0.711,0,30,30,8,1,REAL,FALSA
,,,,,,,,001,2020-12-14_12h37.38.068,lextale_sp,2020.2.3,MacIntel,60,,,,,,,,,70,temblo,0,,,0,1,0.65,0,31,31,69,1,REAL,FALSA
,,,,,,,,001,2020-12-14_12h37.38.068,lextale_sp,2020.2.3,MacIntel,60,,,,,,,,,14,yunque,1,,,1,1,0.977,0,32,32,13,1,REAL,FALSA
,,,,,,,,001,2020-12-14_12h37.38.068,lextale_sp,2020.2.3,MacIntel,60,,,,,,,,,44,cuchara,1,,,1,1,1.468,0,33,33,43,1,REAL,FALSA
,,,,,,,,001,2020-12-14_12h37.38.068,lextale_sp,2020.2.3,MacIntel,60,,,,,,,,,67,cabello,1,,,1,1,0.566,0,34,34,66,1,REAL,FALSA
,,,,,,,,001,2020-12-14_12h37.38.068,lextale_sp,2020.2.3,MacIntel,60,,,,,,,,,56,musgo,1,,,0,0,1.705,0,35,35,55,1,REAL,FALSA
,,,,,,,,001,2020-12-14_12h37.38.068,lextale_sp,2020.2.3,MacIntel,60,,,,,,,,,90,clavel,1,,,0,0,1.304,0,36,36,89,1,REAL,FALSA
,,,,,,,,001,2020-12-14_12h37.38.068,lextale_sp,2020.2.3,MacIntel,60,,,,,,,,,74,cintro,0,,,0,1,0.798,0,37,37,73,1,REAL,FALSA
,,,,,,,,001,2020-12-14_12h37.38.068,lextale_sp,2020.2.3,MacIntel,60,,,,,,,,,50,flamida,0,,,0,1,0.592,0,38,38,49,1,REAL,FALSA
,,,,,,,,001,2020-12-14_12h37.38.068,lextale_sp,2020.2.3,MacIntel,60,,,,,,,,,87,grodo,0,,,0,1,0.579,0,39,39,86,1,REAL,FALSA
,,,,,,,,001,2020-12-14_12h37.38.068,lextale_sp,2020.2.3,MacIntel,60,,,,,,,,,30,alardio,0,,,0,1,0.878,0,40,40,29,1,REAL,FALSA
,,,,,,,,001,2020-12-14_12h37.38.068,lextale_sp,2020.2.3,MacIntel,60,,,,,,,,,80,hormiga,1,,,1,1,0.941,0,41,41,79,1,REAL,FALSA
,,,,,,,,001,2020-12-14_12h37.38.068,lextale_sp,2020.2.3,MacIntel,60,,,,,,,,,22,lacayo,1,,,0,0,0.652,0,42,42,21,1,REAL,FALSA
,,,,,,,,001,2020-12-14_12h37.38.068,lextale_sp,2020.2.3,MacIntel,60,,,,,,,,,78,frondoso,1,,,0,0,0.568,0,43,43,77,1,REAL,FALSA
,,,,,,,,001,2020-12-14_12h37.38.068,lextale_sp,2020.2.3,MacIntel,60,,,,,,,,,64,orgulloso,1,,,1,1,0.587,0,44,44,63,1,REAL,FALSA
,,,,,,,,001,2020-12-14_12h37.38.068,lextale_sp,2020.2.3,MacIntel,60,,,,,,,,,52,camisa,1,,,1,1,0.616,0,45,45,51,1,REAL,FALSA
,,,,,,,,001,2020-12-14_12h37.38.068,lextale_sp,2020.2.3,MacIntel,60,,,,,,,,,12,asesinato,1,,,1,1,0.716,0,46,46,11,1,REAL,FALSA
,,,,,,,,001,2020-12-14_12h37.38.068,lextale_sp,2020.2.3,MacIntel,60,,,,,,,,,83,guante,1,,,0,0,0.807,0,47,47,82,1,REAL,FALSA
,,,,,,,,001,2020-12-14_12h37.38.068,lextale_sp,2020.2.3,MacIntel,60,,,,,,,,,28,merodear,1,,,0,0,0.776,0,48,48,27,1,REAL,FALSA
,,,,,,,,001,2020-12-14_12h37.38.068,lextale_sp,2020.2.3,MacIntel,60,,,,,,,,,39,torpe,1,,,0,0,0.693,0,49,49,38,1,REAL,FALSA
,,,,,,,,001,2020-12-14_12h37.38.068,lextale_sp,2020.2.3,MacIntel,60,,,,,,,,,53,vegada,0,,,0,1,0.57,0,50,50,52,1,REAL,FALSA
,,,,,,,,001,2020-12-14_12h37.38.068,lextale_sp,2020.2.3,MacIntel,60,,,,,,,,,76,atar,1,,,0,0,0.715,0,51,51,75,1,REAL,FALSA
,,,,,,,,001,2020-12-14_12h37.38.068,lextale_sp,2020.2.3,MacIntel,60,,,,,,,,,77,tiburón,1,,,0,0,0.551,0,52,52,76,1,REAL,FALSA
,,,,,,,,001,2020-12-14_12h37.38.068,lextale_sp,2020.2.3,MacIntel,60,,,,,,,,,41,rebuscar,1,,,0,0,0.551,0,53,53,40,1,REAL,FALSA
,,,,,,,,001,2020-12-14_12h37.38.068,lextale_sp,2020.2.3,MacIntel,60,,,,,,,,,36,loro,1,,,0,0,0.615,0,54,54,35,1,REAL,FALSA
,,,,,,,,001,2020-12-14_12h37.38.068,lextale_sp,2020.2.3,MacIntel,60,,,,,,,,,6,tergiversar,1,,,0,0,0.491,0,55,55,5,1,REAL,FALSA
,,,,,,,,001,2020-12-14_12h37.38.068,lextale_sp,2020.2.3,MacIntel,60,,,,,,,,,89,prisa,1,,,0,0,0.685,0,56,56,88,1,REAL,FALSA
,,,,,,,,001,2020-12-14_12h37.38.068,lextale_sp,2020.2.3,MacIntel,60,,,,,,,,,23,lampera,0,,,1,0,1.136,0,57,57,22,1,REAL,FALSA
,,,,,,,,001,2020-12-14_12h37.38.068,lextale_sp,2020.2.3,MacIntel,60,,,,,,,,,38,estornudar,1,,,0,0,1.345,0,58,58,37,1,REAL,FALSA
,,,,,,,,001,2020-12-14_12h37.38.068,lextale_sp,2020.2.3,MacIntel,60,,,,,,,,,34,aviso,1,,,1,1,1.502,0,59,59,33,1,REAL,FALSA
,,,,,,,,001,2020-12-14_12h37.38.068,lextale_sp,2020.2.3,MacIntel,60,,,,,,,,,61,seda,1,,,0,0,0.567,0,60,60,60,1,REAL,FALSA
,,,,,,,,001,2020-12-14_12h37.38.068,lextale_sp,2020.2.3,MacIntel,60,,,,,,,,,8,cadeña,0,,,0,1,0.824,0,61,61,7,1,REAL,FALSA
,,,,,,,,001,2020-12-14_12h37.38.068,lextale_sp,2020.2.3,MacIntel,60,,,,,,,,,75,yacer,1,,,0,0,0.575,0,62,62,74,1,REAL,FALSA
,,,,,,,,001,2020-12-14_12h37.38.068,lextale_sp,2020.2.3,MacIntel,60,,,,,,,,,17,floroso,0,,,0,1,0.625,0,63,63,16,1,REAL,FALSA
,,,,,,,,001,2020-12-14_12h37.38.068,lextale_sp,2020.2.3,MacIntel,60,,,,,,,,,31,pandilla,1,,,1,1,3.024,0,64,64,30,1,REAL,FALSA
,,,,,,,,001,2020-12-14_12h37.38.068,lextale_sp,2020.2.3,MacIntel,60,,,,,,,,,13,helar,1,,,0,0,0.587,0,65,65,12,1,REAL,FALSA
,,,,,,,,001,2020-12-14_12h37.38.068,lextale_sp,2020.2.3,MacIntel,60,,,,,,,,,11,cenefa,1,,,0,0,0.554,0,66,66,10,1,REAL,FALSA
,,,,,,,,001,2020-12-14_12h37.38.068,lextale_sp,2020.2.3,MacIntel,60,,,,,,,,,57,tacaño,1,,,0,0,0.633,0,67,67,56,1,REAL,FALSA
,,,,,,,,001,2020-12-14_12h37.38.068,lextale_sp,2020.2.3,MacIntel,60,,,,,,,,,19,brecedad,0,,,0,1,0.593,0,68,68,18,1,REAL,FALSA
,,,,,,,,001,2020-12-14_12h37.38.068,lextale_sp,2020.2.3,MacIntel,60,,,,,,,,,3,pulmones,1,,,1,1,0.743,0,69,69,2,1,REAL,FALSA
,,,,,,,,001,2020-12-14_12h37.38.068,lextale_sp,2020.2.3,MacIntel,60,,,,,,,,,37,granuja,1,,,1,1,1.003,0,70,70,36,1,REAL,FALSA
,,,,,,,,001,2020-12-14_12h37.38.068,lextale_sp,2020.2.3,MacIntel,60,,,,,,,,,59,besar,1,,,1,1,0.836,0,71,71,58,1,REAL,FALSA
,,,,,,,,001,2020-12-14_12h37.38.068,lextale_sp,2020.2.3,MacIntel,60,,,,,,,,,33,pauca,0,,,0,1,1.111,0,72,72,32,1,REAL,FALSA
,,,,,,,,001,2020-12-14_12h37.38.068,lextale_sp,2020.2.3,MacIntel,60,,,,,,,,,15,regar,1,,,0,0,1.075,0,73,73,14,1,REAL,FALSA
,,,,,,,,001,2020-12-14_12h37.38.068,lextale_sp,2020.2.3,MacIntel,60,,,,,,,,,48,ladrón,1,,,0,0,0.85,0,74,74,47,1,REAL,FALSA
,,,,,,,,001,2020-12-14_12h37.38.068,lextale_sp,2020.2.3,MacIntel,60,,,,,,,,,88,acantilado,1,,,0,0,0.875,0,75,75,87,1,REAL,FALSA
,,,,,,,,001,2020-12-14_12h37.38.068,lextale_sp,2020.2.3,MacIntel,60,,,,,,,,,58,plaudir,0,,,0,1,0.743,0,76,76,57,1,REAL,FALSA
,,,,,,,,001,2020-12-14_12h37.38.068,lextale_sp,2020.2.3,MacIntel,60,,,,,,,,,86,barato,1,,,1,1,0.636,0,77,77,85,1,REAL,FALSA
,,,,,,,,001,2020-12-14_12h37.38.068,lextale_sp,2020.2.3,MacIntel,60,,,,,,,,,29,decar,0,,,1,0,0.711,0,78,78,28,1,REAL,FALSA
,,,,,,,,001,2020-12-14_12h37.38.068,lextale_sp,2020.2.3,MacIntel,60,,,,,,,,,25,bisagra,1,,,0,0,0.55,0,79,79,24,1,REAL,FALSA
,,,,,,,,001,2020-12-14_12h37.38.068,lextale_sp,2020.2.3,MacIntel,60,,,,,,,,,18,arsa,0,,,0,1,0.576,0,80,80,17,1,REAL,FALSA
,,,,,,,,001,2020-12-14_12h37.38.068,lextale_sp,2020.2.3,MacIntel,60,,,,,,,,,79,tropaje,0,,,0,1,0.767,0,81,81,78,1,REAL,FALSA
,,,,,,,,001,2020-12-14_12h37.38.068,lextale_sp,2020.2.3,MacIntel,60,,,,,,,,,51,candado,1,,,0,0,0.741,0,82,82,50,1,REAL,FALSA
,,,,,,,,001,2020-12-14_12h37.38.068,lextale_sp,2020.2.3,MacIntel,60,,,,,,,,,2,pellizcar,1,,,0,0,0.827,0,83,83,1,1,REAL,FALSA
,,,,,,,,001,2020-12-14_12h37.38.068,lextale_sp,2020.2.3,MacIntel,60,,,,,,,,,65,bizcocho,1,,,1,1,1.346,0,84,84,64,1,REAL,FALSA
,,,,,,,,001,2020-12-14_12h37.38.068,lextale_sp,2020.2.3,MacIntel,60,,,,,,,,,69,engatusar,1,,,0,0,2.559,0,85,85,68,1,REAL,FALSA
,,,,,,,,001,2020-12-14_12h37.38.068,lextale_sp,2020.2.3,MacIntel,60,,,,,,,,,4,batillón,0,,,1,0,0.959,0,86,86,3,1,REAL,FALSA
,,,,,,,,001,2020-12-14_12h37.38.068,lextale_sp,2020.2.3,MacIntel,60,,,,,,,,,35,rompido,0,,,1,0,0.737,0,87,87,34,1,REAL,FALSA
,,,,,,,,001,2020-12-14_12h37.38.068,lextale_sp,2020.2.3,MacIntel,60,,,,,,,,,85,laúd,1,,,0,0,1.544,0,88,88,84,1,REAL,FALSA
,,,,,,,,001,2020-12-14_12h37.38.068,lextale_sp,2020.2.3,MacIntel,60,,,,,,,,,54,fomentar,1,,,1,1,1.456,0,89,89,53,1,REAL,FALSA
